-- phpMyAdmin SQL Dump
-- version 5.2.1
-- https://www.phpmyadmin.net/
--
-- Hostiteľ: localhost
-- Čas generovania: Út 03.Jún 2025, 17:19
-- Verzia serveru: 10.4.28-MariaDB
-- Verzia PHP: 8.2.4

SET SQL_MODE = "NO_AUTO_VALUE_ON_ZERO";
START TRANSACTION;
SET time_zone = "+00:00";


/*!40101 SET @OLD_CHARACTER_SET_CLIENT=@@CHARACTER_SET_CLIENT */;
/*!40101 SET @OLD_CHARACTER_SET_RESULTS=@@CHARACTER_SET_RESULTS */;
/*!40101 SET @OLD_COLLATION_CONNECTION=@@COLLATION_CONNECTION */;
/*!40101 SET NAMES utf8mb4 */;

--
-- Databáza: `skaut`
--

-- --------------------------------------------------------

--
-- Štruktúra tabuľky pre tabuľku `additional_information`
--

CREATE TABLE `additional_information` (
  `id` int(11) NOT NULL,
  `before` varchar(2000) NOT NULL,
  `inbetween` varchar(2000) NOT NULL,
  `after` varchar(2000) NOT NULL
) ENGINE=InnoDB DEFAULT CHARSET=utf8mb4 COLLATE=utf8mb4_general_ci;

-- --------------------------------------------------------

--
-- Štruktúra tabuľky pre tabuľku `areas_of_progress`
--

CREATE TABLE `areas_of_progress` (
  `id` int(11) NOT NULL,
  `name` varchar(250) NOT NULL,
  `color` varchar(20) DEFAULT NULL
) ENGINE=InnoDB DEFAULT CHARSET=utf8mb4 COLLATE=utf8mb4_general_ci;

--
-- Sťahujem dáta pre tabuľku `areas_of_progress`
--

INSERT INTO `areas_of_progress` (`id`, `name`, `color`) VALUES
(1, 'Charakter', '#77A4F8'),
(2, 'Služba', '#f87777'),
(3, 'Zdravie a Sila', '#f8da77'),
(4, 'Schopnosti a Zručnosti', '#67df58');

-- --------------------------------------------------------

--
-- Štruktúra tabuľky pre tabuľku `categories_of_merit_badges`
--

CREATE TABLE `categories_of_merit_badges` (
  `id` int(11) NOT NULL,
  `name` varchar(100) NOT NULL
) ENGINE=InnoDB DEFAULT CHARSET=utf8mb4 COLLATE=utf8mb4_general_ci;

--
-- Sťahujem dáta pre tabuľku `categories_of_merit_badges`
--

INSERT INTO `categories_of_merit_badges` (`id`, `name`) VALUES
(1, 'Príroda'),
(2, 'Dobrovoľníctvo a občianstvo'),
(3, 'Zručnosti'),
(4, 'Šport'),
(5, 'Umenie a kultúra');

-- --------------------------------------------------------

--
-- Štruktúra tabuľky pre tabuľku `chapters_of_scout_path`
--

CREATE TABLE `chapters_of_scout_path` (
  `id` int(11) NOT NULL,
  `name` varchar(250) NOT NULL,
  `mandatory` tinyint(1) NOT NULL,
  `area_id` int(11) NOT NULL,
  `scout_path_id` int(11) NOT NULL
) ENGINE=InnoDB DEFAULT CHARSET=utf8mb4 COLLATE=utf8mb4_general_ci;

--
-- Sťahujem dáta pre tabuľku `chapters_of_scout_path`
--

INSERT INTO `chapters_of_scout_path` (`id`, `name`, `mandatory`, `area_id`, `scout_path_id`) VALUES
(1, 'Tímový duch', 1, 1, 1),
(2, 'Zodpovednosť a vytrvalosť', 1, 1, 1),
(3, 'Ľudia vo svete', 1, 1, 1),
(4, 'Môj názor', 1, 1, 1),
(5, 'Patrón skautov', 1, 1, 1),
(6, 'Čas stíšenia', 1, 1, 1),
(7, 'Som šťastný?', 1, 1, 1),
(8, 'Priateľstvo', 1, 1, 1),
(9, 'Zvyky našich predkov', 1, 2, 1),
(10, 'Moja rodina', 1, 2, 1),
(11, 'Dobré skutky denne', 1, 2, 1),
(12, 'Štátne symboly', 1, 2, 1),
(13, 'Myslím eko-logicky', 1, 2, 1),
(14, 'Základy slušnosti', 1, 2, 1),
(15, 'V meste', 1, 2, 1),
(16, 'Ideálny deň', 1, 3, 1),
(17, 'Čistota pol života', 1, 3, 1),
(18, 'V zdravom tele zdravý duch', 1, 3, 1),
(19, 'Ľudské telo a ja', 1, 3, 1),
(20, 'Pohyb v prírode', 1, 3, 1),
(21, 'Kreativita', 1, 4, 1),
(22, 'Objavovanie', 1, 4, 1),
(23, 'Pamäť', 1, 4, 1),
(24, 'Mapa a kompas', 1, 4, 1),
(25, 'Práca s nožom', 1, 4, 1),
(26, 'Stromy', 1, 4, 1),
(27, 'Základy rúbania a pílenia', 1, 4, 1),
(28, 'Keď dochádza dych', 1, 4, 1),
(29, 'Priatelia v oddiele', 1, 1, 2),
(30, 'Krajší svet medzi nami', 1, 1, 2),
(31, 'Čestný život', 1, 1, 2),
(32, 'Moje emócie', 1, 1, 2),
(33, 'Kritické myslenie', 1, 1, 2),
(34, 'Ovládam svoje pocity', 1, 1, 2),
(35, 'Hľadanie odpovedí', 1, 1, 2),
(36, 'Obdivuj a rešpektuj', 1, 2, 2),
(37, 'Rodinný kruh', 1, 2, 2),
(38, 'Život s prírodou', 1, 2, 2),
(39, 'Spoznávanie náboženstiev', 1, 2, 2),
(40, 'Na jednej vlne s ostanými', 1, 2, 2),
(41, 'Pripravený na každý deň', 1, 2, 2),
(42, 'Dedičstvo skautingu', 1, 2, 2),
(43, 'Táborový život', 1, 3, 2),
(44, 'Športovanie', 1, 3, 2),
(45, 'Na vrchole svojich síl', 1, 3, 2),
(46, 'Starostlivosť o zdravie', 1, 3, 2),
(47, 'Čítanie a denník', 1, 4, 2),
(48, 'Varenie v malíčku', 1, 4, 2),
(49, 'Slávnostný oheň', 1, 4, 2),
(50, 'Spánok v prírode', 1, 4, 2),
(51, 'Rastliny', 1, 4, 2),
(52, 'Šok a krvácanie', 1, 4, 2),
(53, 'Bezvedomie a resuscitácia', 1, 4, 2),
(54, 'Odhad počasia', 1, 4, 2),
(55, 'Tajné správy', 1, 4, 2),
(56, 'Odtlačky zvierat', 1, 4, 2),
(58, 'Priatelia pre život', 1, 1, 3),
(59, 'Empatia a taktnosť', 1, 1, 3),
(60, 'Zatiahnutie na hlbinu', 1, 1, 3),
(61, 'Slová vďaky', 1, 1, 3),
(62, 'Skauti vo svete', 0, 1, 3),
(63, 'Vedenie iných', 0, 1, 3),
(64, 'Pravda v spleti názorov', 0, 1, 3),
(65, 'Budúca rodina', 1, 2, 3),
(66, 'Tolerancia a rešpekt', 1, 2, 3),
(67, 'Mladý občan', 1, 2, 3),
(68, 'Práca a vzdelanie', 1, 2, 3),
(69, 'História magistra vitae', 0, 2, 3),
(70, 'Spoločnosť a náboženstvo', 0, 2, 3),
(71, 'život na úrovni', 0, 2, 3),
(72, 'Vo forme aj bez fitka', 1, 3, 3),
(73, 'Rovnakí a predsa rozdielni', 1, 3, 3),
(74, 'Zmeny prichádzajú', 1, 3, 3),
(75, 'Život bez závislosti', 1, 3, 3),
(76, 'S časom o preteky', 0, 3, 3),
(77, 'Šaty robia človeka', 0, 3, 3),
(78, 'Bežné ochorenia a lekárnička', 1, 4, 3),
(79, 'Krízové podmienky', 1, 4, 3),
(80, 'Starostlivosť o výstroj', 1, 4, 3),
(81, 'Pochúťky na úrovni', 1, 4, 3),
(82, 'Popáleniny a uhryznutia', 0, 4, 3),
(83, 'Úrazy a obväzovanie', 0, 4, 3),
(84, 'Zauzlené ruky', 0, 4, 3),
(85, 'Divadlo a hudba', 0, 4, 3),
(86, 'Zálesácke zručnosti', 0, 4, 3),
(87, 'Nočná obloha', 0, 4, 3),
(88, 'Huby', 0, 4, 3);

-- --------------------------------------------------------

--
-- Štruktúra tabuľky pre tabuľku `comments`
--

CREATE TABLE `comments` (
  `user_id` int(11) NOT NULL,
  `task_id` int(11) NOT NULL,
  `comment` varchar(1000) NOT NULL
) ENGINE=InnoDB DEFAULT CHARSET=utf8mb4 COLLATE=utf8mb4_general_ci;

-- --------------------------------------------------------

--
-- Štruktúra tabuľky pre tabuľku `completed_tasks`
--

CREATE TABLE `completed_tasks` (
  `user_id` int(11) NOT NULL,
  `task_id` int(11) NOT NULL,
  `points` int(11) DEFAULT NULL,
  `verified` tinyint(1) NOT NULL
) ENGINE=InnoDB DEFAULT CHARSET=utf8mb4 COLLATE=utf8mb4_general_ci;

-- --------------------------------------------------------

--
-- Štruktúra tabuľky pre tabuľku `groups`
--

CREATE TABLE `groups` (
  `leader_id` int(11) NOT NULL,
  `user_id` int(11) NOT NULL
) ENGINE=InnoDB DEFAULT CHARSET=utf8mb4 COLLATE=utf8mb4_general_ci;

-- --------------------------------------------------------

--
-- Štruktúra tabuľky pre tabuľku `group_info`
--

CREATE TABLE `group_info` (
  `leader_id` int(11) NOT NULL,
  `name` varchar(100) NOT NULL
) ENGINE=InnoDB DEFAULT CHARSET=utf8mb4 COLLATE=utf8mb4_general_ci;

-- --------------------------------------------------------

--
-- Štruktúra tabuľky pre tabuľku `levels_of_merit_badge`
--

CREATE TABLE `levels_of_merit_badge` (
  `id` int(11) NOT NULL,
  `name` varchar(100) NOT NULL,
  `image` varchar(10) NOT NULL,
  `color` varchar(10) NOT NULL
) ENGINE=InnoDB DEFAULT CHARSET=utf8mb4 COLLATE=utf8mb4_general_ci;

--
-- Sťahujem dáta pre tabuľku `levels_of_merit_badge`
--

INSERT INTO `levels_of_merit_badge` (`id`, `name`, `image`, `color`) VALUES
(1, 'Zelený stupeň', '_g', '#b3ffa3'),
(2, 'Červený stupeň', '_r', '#ff9c9c');

-- --------------------------------------------------------

--
-- Štruktúra tabuľky pre tabuľku `matched_tasks`
--

CREATE TABLE `matched_tasks` (
  `task_id` int(11) NOT NULL,
  `match_task_id` int(11) NOT NULL
) ENGINE=InnoDB DEFAULT CHARSET=utf8mb4 COLLATE=utf8mb4_general_ci;

--
-- Sťahujem dáta pre tabuľku `matched_tasks`
--

INSERT INTO `matched_tasks` (`task_id`, `match_task_id`) VALUES
(1, 261),
(1, 135),
(1, 143),
(1, 122),
(1, 83),
(1, 182),
(1, 1389),
(1, 258),
(1, 104),
(1, 255),
(2, 1495),
(2, 634),
(2, 16),
(2, 22),
(2, 23),
(2, 30),
(2, 21),
(2, 226),
(2, 1494),
(2, 730),
(3, 445),
(3, 17),
(3, 446),
(3, 226),
(3, 258),
(3, 179),
(3, 234),
(3, 106),
(3, 250),
(3, 708),
(4, 65),
(4, 221),
(4, 233),
(4, 238),
(4, 947),
(4, 1492),
(4, 941),
(4, 14),
(4, 1667),
(4, 49),
(5, 104),
(5, 234),
(5, 471),
(5, 14),
(5, 24),
(5, 19),
(5, 69),
(5, 17),
(5, 1494),
(5, 578),
(6, 234),
(6, 251),
(6, 72),
(6, 253),
(6, 226),
(6, 1395),
(6, 1643),
(6, 257),
(6, 1249),
(6, 541),
(7, 234),
(7, 222),
(7, 224),
(7, 231),
(7, 226),
(7, 96),
(7, 1389),
(7, 98),
(7, 230),
(7, 221),
(8, 221),
(8, 1492),
(8, 238),
(8, 1388),
(8, 233),
(8, 14),
(8, 17),
(8, 183),
(8, 110),
(8, 20),
(9, 104),
(9, 234),
(9, 14),
(9, 143),
(9, 69),
(9, 19),
(9, 17),
(9, 135),
(9, 47),
(9, 105),
(10, 251),
(10, 257),
(10, 218),
(10, 105),
(10, 17),
(10, 259),
(10, 1643),
(10, 72),
(10, 51),
(10, 139),
(11, 30),
(11, 1494),
(11, 14),
(11, 1495),
(11, 23),
(11, 24),
(11, 1668),
(11, 634),
(11, 66),
(11, 21),
(12, 231),
(12, 115),
(12, 1389),
(12, 107),
(12, 222),
(12, 224),
(12, 143),
(12, 122),
(12, 232),
(12, 135),
(13, 19),
(13, 24),
(13, 115),
(13, 17),
(13, 118),
(13, 259),
(13, 1075),
(13, 587),
(13, 112),
(13, 68),
(14, 104),
(14, 234),
(14, 1492),
(14, 69),
(14, 8),
(14, 11),
(14, 1494),
(14, 5),
(14, 225),
(14, 221),
(15, 1340),
(15, 1341),
(15, 72),
(15, 126),
(15, 104),
(15, 1342),
(15, 253),
(15, 5),
(15, 702),
(15, 694),
(16, 252),
(16, 1495),
(16, 226),
(16, 610),
(16, 379),
(16, 296),
(16, 2),
(16, 454),
(16, 1181),
(16, 64),
(17, 240),
(17, 3),
(17, 226),
(17, 64),
(17, 13),
(17, 179),
(17, 1492),
(17, 445),
(17, 448),
(17, 211),
(18, 1261),
(18, 1317),
(18, 1185),
(18, 1419),
(18, 565),
(18, 476),
(18, 1137),
(18, 71),
(18, 432),
(18, 111),
(19, 13),
(19, 64),
(19, 1058),
(19, 234),
(19, 1154),
(19, 450),
(19, 441),
(19, 381),
(19, 577),
(19, 245),
(20, 8),
(20, 648),
(20, 221),
(20, 233),
(20, 67),
(20, 319),
(20, 11),
(20, 248),
(20, 238),
(20, 695),
(21, 211),
(21, 1326),
(21, 1494),
(21, 118),
(21, 1495),
(21, 66),
(21, 2),
(21, 813),
(21, 189),
(21, 208),
(22, 2),
(22, 225),
(22, 1495),
(22, 634),
(22, 645),
(22, 70),
(22, 1618),
(22, 243),
(22, 1065),
(22, 229),
(23, 634),
(23, 243),
(23, 1495),
(23, 658),
(23, 647),
(23, 1494),
(23, 644),
(23, 645),
(23, 2),
(23, 11),
(24, 634),
(24, 13),
(24, 193),
(24, 726),
(24, 658),
(24, 1352),
(24, 1660),
(24, 505),
(24, 477),
(24, 1220),
(25, 1276),
(25, 209),
(25, 704),
(25, 104),
(25, 423),
(25, 234),
(25, 8),
(25, 789),
(25, 1439),
(25, 497),
(26, 2),
(26, 104),
(26, 11),
(26, 1495),
(26, 69),
(26, 1617),
(26, 216),
(26, 1255),
(26, 93),
(26, 234),
(27, 77),
(27, 119),
(27, 1256),
(27, 1147),
(27, 177),
(27, 562),
(27, 135),
(27, 555),
(27, 122),
(27, 175),
(28, 218),
(28, 1494),
(28, 251),
(28, 1495),
(28, 104),
(28, 487),
(28, 610),
(28, 454),
(28, 234),
(28, 469),
(29, 225),
(29, 217),
(29, 2),
(29, 7),
(29, 234),
(29, 1494),
(29, 1129),
(29, 1495),
(29, 726),
(29, 1184),
(30, 1494),
(30, 11),
(30, 211),
(30, 735),
(30, 220),
(30, 723),
(30, 1495),
(30, 634),
(30, 2),
(30, 726),
(31, 225),
(31, 4),
(31, 1492),
(31, 8),
(31, 104),
(31, 233),
(31, 221),
(31, 1388),
(31, 1496),
(31, 1),
(32, 225),
(32, 8),
(32, 233),
(32, 67),
(32, 1617),
(32, 1492),
(32, 221),
(32, 208),
(32, 1255),
(32, 238),
(33, 255),
(33, 430),
(33, 1077),
(33, 174),
(33, 437),
(33, 786),
(33, 665),
(33, 256),
(33, 261),
(33, 260),
(34, 162),
(34, 1262),
(34, 929),
(34, 937),
(34, 691),
(34, 1149),
(34, 790),
(34, 71),
(34, 640),
(34, 943),
(35, 500),
(35, 256),
(35, 497),
(35, 146),
(35, 250),
(35, 507),
(35, 125),
(35, 252),
(35, 1190),
(35, 254),
(36, 106),
(36, 255),
(36, 251),
(36, 1128),
(36, 257),
(36, 1063),
(36, 842),
(36, 258),
(36, 507),
(36, 1215),
(37, 161),
(37, 237),
(37, 1262),
(37, 1186),
(37, 203),
(37, 1341),
(37, 694),
(37, 702),
(37, 177),
(37, 443),
(38, 280),
(38, 947),
(38, 474),
(38, 1492),
(38, 1507),
(38, 822),
(38, 238),
(38, 159),
(38, 1388),
(38, 1023),
(39, 164),
(39, 165),
(39, 163),
(39, 161),
(39, 173),
(39, 166),
(39, 172),
(39, 162),
(39, 171),
(39, 502),
(40, 609),
(40, 614),
(40, 607),
(40, 615),
(40, 12),
(40, 719),
(40, 1519),
(40, 534),
(40, 1),
(40, 613),
(41, 293),
(41, 280),
(41, 1492),
(41, 150),
(41, 248),
(41, 159),
(41, 294),
(41, 474),
(41, 1073),
(41, 365),
(42, 454),
(42, 162),
(42, 89),
(42, 556),
(42, 526),
(42, 250),
(42, 1024),
(42, 151),
(42, 166),
(42, 259),
(43, 1026),
(43, 230),
(43, 788),
(43, 71),
(43, 957),
(43, 1137),
(43, 175),
(43, 111),
(43, 565),
(43, 164),
(44, 165),
(44, 1015),
(44, 1023),
(44, 161),
(44, 1069),
(44, 163),
(44, 248),
(44, 173),
(44, 502),
(44, 50),
(45, 255),
(45, 496),
(45, 788),
(45, 164),
(45, 786),
(45, 1339),
(45, 507),
(45, 502),
(45, 368),
(45, 430),
(46, 146),
(46, 497),
(46, 82),
(46, 789),
(46, 254),
(46, 704),
(46, 500),
(46, 1146),
(46, 172),
(46, 88),
(47, 255),
(47, 172),
(47, 166),
(47, 507),
(47, 254),
(47, 258),
(47, 162),
(47, 143),
(47, 5),
(47, 789),
(48, 1388),
(48, 150),
(48, 1492),
(48, 159),
(48, 62),
(48, 238),
(48, 50),
(48, 1274),
(48, 233),
(48, 8),
(49, 801),
(49, 4),
(49, 1379),
(49, 108),
(49, 221),
(49, 136),
(49, 947),
(49, 1001),
(49, 932),
(49, 413),
(50, 150),
(50, 8),
(50, 947),
(50, 221),
(50, 238),
(50, 183),
(50, 159),
(50, 248),
(50, 44),
(50, 1492),
(51, 259),
(51, 257),
(51, 100),
(51, 105),
(51, 10),
(51, 139),
(51, 251),
(51, 250),
(51, 112),
(51, 92),
(52, 100),
(52, 151),
(52, 909),
(52, 250),
(52, 1275),
(52, 162),
(52, 951),
(52, 1281),
(52, 454),
(52, 92),
(53, 108),
(53, 227),
(53, 398),
(53, 212),
(53, 394),
(53, 1027),
(53, 67),
(53, 403),
(53, 406),
(53, 402),
(54, 1269),
(54, 441),
(54, 624),
(54, 64),
(54, 499),
(54, 89),
(54, 1288),
(54, 1154),
(54, 258),
(54, 577),
(55, 497),
(55, 576),
(55, 1144),
(55, 1310),
(55, 82),
(55, 254),
(55, 1241),
(55, 585),
(55, 1263),
(55, 1150),
(56, 257),
(56, 251),
(56, 260),
(56, 259),
(56, 104),
(56, 253),
(56, 139),
(56, 1249),
(56, 256),
(56, 102),
(57, 251),
(57, 257),
(57, 259),
(57, 255),
(57, 100),
(57, 261),
(57, 253),
(57, 172),
(57, 507),
(57, 13),
(58, 191),
(58, 140),
(58, 85),
(58, 137),
(58, 776),
(58, 658),
(58, 156),
(58, 1026),
(58, 655),
(58, 777),
(59, 98),
(59, 259),
(59, 95),
(59, 97),
(59, 820),
(59, 99),
(59, 933),
(59, 236),
(59, 707),
(59, 108),
(60, 1255),
(60, 108),
(60, 241),
(60, 392),
(60, 256),
(60, 99),
(60, 93),
(60, 146),
(60, 98),
(60, 402),
(61, 914),
(61, 925),
(61, 1041),
(61, 826),
(61, 884),
(61, 1085),
(61, 811),
(61, 1033),
(61, 870),
(61, 1120),
(62, 1667),
(62, 1492),
(62, 150),
(62, 159),
(62, 1388),
(62, 14),
(62, 8),
(62, 48),
(62, 221),
(62, 50),
(63, 17),
(63, 708),
(63, 52),
(63, 151),
(63, 1159),
(63, 909),
(63, 179),
(63, 16),
(63, 1024),
(63, 226),
(64, 226),
(64, 1288),
(64, 54),
(64, 725),
(64, 1345),
(64, 19),
(64, 1154),
(64, 624),
(64, 441),
(64, 1465),
(65, 1667),
(65, 4),
(65, 1668),
(65, 14),
(65, 704),
(65, 8),
(65, 11),
(65, 77),
(65, 17),
(65, 1018),
(66, 1668),
(66, 648),
(66, 21),
(66, 11),
(66, 1494),
(66, 718),
(66, 201),
(66, 24),
(66, 20),
(66, 30),
(67, 53),
(67, 648),
(67, 394),
(67, 108),
(67, 212),
(67, 1668),
(67, 170),
(67, 403),
(67, 402),
(67, 401),
(68, 242),
(68, 143),
(68, 13),
(68, 24),
(68, 238),
(68, 248),
(68, 115),
(68, 118),
(68, 142),
(68, 145),
(69, 14),
(69, 104),
(69, 234),
(69, 1494),
(69, 511),
(69, 645),
(69, 5),
(69, 1343),
(69, 1667),
(69, 726),
(70, 1668),
(70, 1142),
(70, 645),
(70, 22),
(70, 642),
(70, 1637),
(70, 23),
(70, 635),
(70, 646),
(70, 641),
(71, 707),
(71, 236),
(71, 820),
(71, 1046),
(71, 891),
(71, 1078),
(71, 151),
(71, 575),
(71, 1300),
(71, 338),
(72, 6),
(72, 15),
(72, 1395),
(72, 10),
(72, 105),
(72, 1643),
(72, 104),
(72, 251),
(72, 1249),
(72, 203),
(73, 233),
(73, 221),
(73, 1176),
(73, 893),
(73, 20),
(73, 941),
(73, 238),
(73, 21),
(73, 128),
(73, 695),
(74, 1667),
(74, 126),
(74, 105),
(74, 179),
(74, 107),
(74, 665),
(74, 1195),
(74, 1285),
(74, 260),
(74, 1492),
(75, 1388),
(75, 1667),
(75, 8),
(75, 238),
(75, 183),
(75, 110),
(75, 1492),
(75, 248),
(75, 105),
(75, 1516),
(76, 947),
(76, 50),
(76, 105),
(76, 933),
(76, 1015),
(76, 110),
(76, 233),
(76, 221),
(76, 4),
(76, 319),
(77, 27),
(77, 1256),
(77, 1147),
(77, 177),
(77, 122),
(77, 174),
(77, 562),
(77, 555),
(77, 1476),
(77, 182),
(78, 525),
(78, 708),
(78, 151),
(78, 1665),
(78, 1181),
(78, 909),
(78, 1191),
(78, 640),
(78, 1024),
(78, 951),
(79, 677),
(79, 1665),
(79, 686),
(79, 525),
(79, 1262),
(79, 1292),
(79, 681),
(79, 682),
(79, 610),
(79, 526),
(80, 1662),
(80, 1665),
(80, 1262),
(80, 14),
(80, 126),
(80, 590),
(80, 253),
(80, 1249),
(80, 132),
(80, 746),
(81, 177),
(81, 122),
(81, 702),
(81, 1665),
(81, 694),
(81, 237),
(81, 1662),
(81, 704),
(81, 130),
(81, 27),
(82, 497),
(82, 1155),
(82, 585),
(82, 1144),
(82, 423),
(82, 1241),
(82, 209),
(82, 704),
(82, 576),
(82, 1310),
(83, 122),
(83, 562),
(83, 143),
(83, 133),
(83, 555),
(83, 1),
(83, 135),
(83, 1417),
(83, 177),
(83, 12),
(84, 712),
(84, 228),
(84, 606),
(84, 693),
(84, 686),
(84, 958),
(84, 731),
(84, 677),
(84, 1227),
(84, 533),
(85, 198),
(85, 203),
(85, 658),
(85, 191),
(85, 661),
(85, 681),
(85, 133),
(85, 58),
(85, 639),
(85, 477),
(86, 1665),
(86, 526),
(86, 258),
(86, 124),
(86, 445),
(86, 1662),
(86, 261),
(86, 42),
(86, 174),
(86, 525),
(87, 525),
(87, 1665),
(87, 127),
(87, 507),
(87, 526),
(87, 606),
(87, 382),
(87, 1222),
(87, 531),
(87, 578),
(88, 789),
(88, 527),
(88, 209),
(88, 146),
(88, 1290),
(88, 460),
(88, 1145),
(88, 46),
(88, 1241),
(88, 1477),
(89, 624),
(89, 1269),
(89, 441),
(89, 1288),
(89, 1665),
(89, 54),
(89, 499),
(89, 1154),
(89, 64),
(89, 619),
(90, 1665),
(90, 219),
(90, 529),
(90, 1339),
(90, 496),
(90, 1239),
(90, 1196),
(90, 1510),
(90, 95),
(90, 1206),
(91, 231),
(91, 263),
(91, 222),
(91, 1193),
(91, 252),
(91, 1054),
(91, 1217),
(91, 379),
(91, 904),
(91, 902),
(92, 250),
(92, 259),
(92, 454),
(92, 258),
(92, 151),
(92, 251),
(92, 790),
(92, 909),
(92, 3),
(92, 52),
(93, 60),
(93, 1255),
(93, 108),
(93, 402),
(93, 1617),
(93, 1270),
(93, 908),
(93, 254),
(93, 1133),
(93, 398),
(94, 264),
(94, 135),
(94, 646),
(94, 1472),
(94, 137),
(94, 265),
(94, 27),
(94, 276),
(94, 140),
(94, 254),
(95, 230),
(95, 788),
(95, 219),
(95, 1196),
(95, 1339),
(95, 116),
(95, 59),
(95, 496),
(95, 897),
(95, 1580),
(96, 7),
(96, 226),
(96, 12),
(96, 224),
(96, 222),
(96, 261),
(96, 258),
(96, 257),
(96, 933),
(96, 60),
(97, 820),
(97, 236),
(97, 71),
(97, 891),
(97, 59),
(97, 707),
(97, 1046),
(97, 1078),
(97, 18),
(97, 738),
(98, 261),
(98, 257),
(98, 143),
(98, 135),
(98, 7),
(98, 137),
(98, 60),
(98, 1),
(98, 213),
(98, 256),
(99, 254),
(99, 60),
(99, 209),
(99, 895),
(99, 137),
(99, 135),
(99, 908),
(99, 146),
(99, 59),
(99, 901),
(100, 52),
(100, 258),
(100, 251),
(100, 252),
(100, 218),
(100, 51),
(100, 54),
(100, 331),
(100, 259),
(100, 1272),
(101, 845),
(101, 1322),
(101, 1320),
(101, 334),
(101, 435),
(101, 173),
(101, 1318),
(101, 618),
(101, 327),
(101, 1152),
(102, 257),
(102, 254),
(102, 138),
(102, 108),
(102, 56),
(102, 259),
(102, 262),
(102, 60),
(102, 51),
(102, 251),
(103, 501),
(103, 1075),
(103, 195),
(103, 339),
(103, 428),
(103, 145),
(103, 257),
(103, 1076),
(103, 504),
(103, 101),
(104, 14),
(104, 5),
(104, 234),
(104, 69),
(104, 1388),
(104, 9),
(104, 1492),
(104, 12),
(104, 24),
(104, 17),
(105, 10),
(105, 182),
(105, 74),
(105, 257),
(105, 251),
(105, 51),
(105, 238),
(105, 139),
(105, 72),
(105, 143),
(106, 1075),
(106, 456),
(106, 257),
(106, 364),
(106, 1128),
(106, 259),
(106, 501),
(106, 195),
(106, 36),
(106, 1431),
(107, 12),
(107, 665),
(107, 143),
(107, 1),
(107, 74),
(107, 83),
(107, 177),
(107, 719),
(107, 135),
(107, 126),
(108, 695),
(108, 1255),
(108, 53),
(108, 1027),
(108, 398),
(108, 241),
(108, 403),
(108, 402),
(108, 837),
(108, 227),
(109, 1391),
(109, 201),
(109, 1390),
(109, 705),
(109, 1488),
(109, 706),
(109, 707),
(109, 718),
(109, 1392),
(109, 1648),
(110, 1384),
(110, 1015),
(110, 238),
(110, 1388),
(110, 708),
(110, 8),
(110, 704),
(110, 248),
(110, 696),
(110, 1492),
(111, 24),
(111, 145),
(111, 501),
(111, 230),
(111, 1075),
(111, 508),
(111, 1069),
(111, 1137),
(111, 1299),
(111, 13),
(112, 290),
(112, 587),
(112, 13),
(112, 259),
(112, 485),
(112, 469),
(112, 195),
(112, 193),
(112, 257),
(112, 414),
(113, 694),
(113, 702),
(113, 1070),
(113, 846),
(113, 936),
(113, 500),
(113, 1064),
(113, 248),
(113, 161),
(113, 237),
(114, 193),
(114, 290),
(114, 477),
(114, 238),
(114, 259),
(114, 196),
(114, 414),
(114, 202),
(114, 1078),
(114, 24),
(115, 1075),
(115, 13),
(115, 12),
(115, 501),
(115, 1389),
(115, 195),
(115, 232),
(115, 1390),
(115, 707),
(115, 24),
(116, 709),
(116, 1188),
(116, 706),
(116, 705),
(116, 715),
(116, 707),
(116, 1387),
(116, 201),
(116, 246),
(116, 713),
(117, 1438),
(117, 1580),
(117, 726),
(117, 182),
(117, 1531),
(117, 195),
(117, 436),
(117, 433),
(117, 235),
(117, 24),
(118, 193),
(118, 696),
(118, 238),
(118, 703),
(118, 419),
(118, 240),
(118, 981),
(118, 695),
(118, 13),
(118, 568),
(119, 27),
(119, 77),
(119, 83),
(119, 795),
(119, 1511),
(119, 1508),
(119, 534),
(119, 177),
(119, 523),
(119, 1510),
(120, 1511),
(120, 1510),
(120, 1071),
(120, 1063),
(120, 842),
(120, 106),
(120, 526),
(120, 456),
(120, 364),
(120, 36),
(121, 1507),
(121, 27),
(121, 83),
(121, 77),
(121, 237),
(121, 177),
(121, 203),
(121, 694),
(121, 702),
(121, 15),
(122, 83),
(122, 562),
(122, 555),
(122, 795),
(122, 1),
(122, 77),
(122, 1602),
(122, 1417),
(122, 27),
(122, 12),
(123, 1508),
(123, 1096),
(123, 1011),
(123, 1106),
(123, 1507),
(123, 1098),
(123, 1023),
(123, 704),
(123, 1018),
(123, 696),
(124, 526),
(124, 1078),
(124, 261),
(124, 118),
(124, 1665),
(124, 86),
(124, 1507),
(124, 1663),
(124, 703),
(124, 135),
(125, 1507),
(125, 1511),
(125, 526),
(125, 1017),
(125, 693),
(125, 135),
(125, 118),
(125, 703),
(125, 701),
(125, 525),
(126, 672),
(126, 1340),
(126, 253),
(126, 1195),
(126, 136),
(126, 1350),
(126, 1232),
(126, 724),
(126, 1202),
(126, 1341),
(127, 87),
(127, 607),
(127, 609),
(127, 703),
(127, 86),
(127, 614),
(127, 162),
(127, 525),
(127, 526),
(127, 78),
(128, 1023),
(128, 1015),
(128, 1507),
(128, 1017),
(128, 1016),
(128, 1006),
(128, 1011),
(128, 248),
(128, 947),
(128, 297),
(129, 428),
(129, 526),
(129, 1194),
(129, 1152),
(129, 796),
(129, 334),
(129, 688),
(129, 618),
(129, 1076),
(129, 451),
(130, 692),
(130, 135),
(130, 526),
(130, 83),
(130, 181),
(130, 174),
(130, 143),
(130, 1509),
(130, 1507),
(130, 1023),
(131, 1008),
(131, 1061),
(131, 1509),
(131, 1022),
(131, 1510),
(131, 526),
(131, 1017),
(131, 1015),
(131, 1023),
(131, 42),
(132, 1507),
(132, 1384),
(132, 110),
(132, 696),
(132, 1023),
(132, 704),
(132, 701),
(132, 887),
(132, 1511),
(132, 14),
(133, 1508),
(133, 83),
(133, 534),
(133, 526),
(133, 658),
(133, 24),
(133, 664),
(133, 1510),
(133, 1461),
(133, 187),
(134, 1283),
(134, 1314),
(134, 629),
(134, 461),
(134, 325),
(134, 621),
(134, 1316),
(134, 1513),
(134, 1344),
(134, 1285),
(135, 261),
(135, 1),
(135, 182),
(135, 178),
(135, 258),
(135, 256),
(135, 27),
(135, 257),
(135, 98),
(135, 180),
(136, 253),
(136, 126),
(136, 182),
(136, 255),
(136, 239),
(136, 1204),
(136, 49),
(136, 672),
(136, 180),
(136, 14),
(137, 98),
(137, 213),
(137, 12),
(137, 261),
(137, 655),
(137, 58),
(137, 94),
(137, 1),
(137, 211),
(137, 718),
(138, 108),
(138, 405),
(138, 695),
(138, 402),
(138, 406),
(138, 399),
(138, 1025),
(138, 393),
(138, 401),
(138, 837),
(139, 257),
(139, 251),
(139, 105),
(139, 260),
(139, 258),
(139, 51),
(139, 56),
(139, 10),
(139, 74),
(139, 254),
(140, 655),
(140, 58),
(140, 228),
(140, 261),
(140, 211),
(140, 651),
(140, 178),
(140, 12),
(140, 726),
(140, 500),
(141, 178),
(141, 260),
(141, 256),
(141, 261),
(141, 255),
(141, 257),
(141, 254),
(141, 98),
(141, 258),
(141, 56),
(142, 258),
(142, 261),
(142, 259),
(142, 17),
(142, 255),
(142, 13),
(142, 257),
(142, 64),
(142, 183),
(142, 8),
(143, 261),
(143, 258),
(143, 1),
(143, 257),
(143, 256),
(143, 83),
(143, 182),
(143, 98),
(143, 68),
(143, 180),
(144, 64),
(144, 258),
(144, 178),
(144, 722),
(144, 54),
(144, 261),
(144, 1517),
(144, 226),
(144, 89),
(144, 1288),
(145, 1075),
(145, 501),
(145, 230),
(145, 339),
(145, 257),
(145, 957),
(145, 187),
(145, 103),
(145, 1461),
(145, 697),
(146, 46),
(146, 789),
(146, 254),
(146, 256),
(146, 209),
(146, 261),
(146, 1439),
(146, 60),
(146, 252),
(146, 88),
(147, 1505),
(147, 1103),
(147, 1549),
(147, 835),
(147, 1098),
(147, 1100),
(147, 1096),
(147, 68),
(147, 1372),
(147, 648),
(148, 1095),
(148, 199),
(148, 1096),
(148, 1107),
(148, 977),
(148, 1103),
(148, 1108),
(148, 1105),
(148, 985),
(148, 197),
(149, 810),
(149, 900),
(149, 1026),
(149, 1092),
(149, 972),
(149, 68),
(149, 978),
(149, 1657),
(149, 1107),
(149, 1096),
(150, 62),
(150, 50),
(150, 48),
(150, 41),
(150, 1492),
(150, 1388),
(150, 947),
(150, 474),
(150, 950),
(150, 1102),
(151, 1024),
(151, 1191),
(151, 937),
(151, 951),
(151, 708),
(151, 1005),
(151, 929),
(151, 953),
(151, 819),
(151, 556),
(152, 1104),
(152, 61),
(152, 957),
(152, 1093),
(152, 914),
(152, 773),
(152, 858),
(152, 145),
(152, 175),
(152, 1312),
(153, 242),
(153, 1072),
(153, 1104),
(153, 1093),
(153, 186),
(153, 145),
(153, 196),
(153, 273),
(153, 1665),
(153, 1488),
(154, 1104),
(154, 186),
(154, 1488),
(154, 321),
(154, 1069),
(154, 145),
(154, 242),
(154, 235),
(154, 24),
(154, 1380),
(155, 68),
(155, 959),
(155, 810),
(155, 1026),
(155, 1645),
(155, 570),
(155, 337),
(155, 972),
(155, 400),
(155, 936),
(156, 958),
(156, 244),
(156, 712),
(156, 591),
(156, 228),
(156, 1343),
(156, 729),
(156, 686),
(156, 776),
(156, 723),
(157, 61),
(157, 1104),
(157, 145),
(157, 957),
(157, 368),
(157, 1093),
(157, 1014),
(157, 143),
(157, 179),
(157, 1316),
(158, 636),
(158, 1142),
(158, 1668),
(158, 70),
(158, 638),
(158, 1480),
(158, 201),
(158, 17),
(158, 635),
(158, 1481),
(159, 62),
(159, 48),
(159, 474),
(159, 1492),
(159, 50),
(159, 41),
(159, 1388),
(159, 947),
(159, 1102),
(159, 1667),
(160, 1107),
(160, 1096),
(160, 977),
(160, 1095),
(160, 1105),
(160, 980),
(160, 199),
(160, 1109),
(160, 1108),
(160, 985),
(161, 1249),
(161, 502),
(161, 1186),
(161, 1262),
(161, 846),
(161, 475),
(161, 39),
(161, 578),
(161, 694),
(161, 702),
(162, 42),
(162, 151),
(162, 937),
(162, 52),
(162, 39),
(162, 1024),
(162, 708),
(162, 250),
(162, 454),
(162, 89),
(163, 39),
(163, 445),
(163, 508),
(163, 44),
(163, 1028),
(163, 945),
(163, 1069),
(163, 242),
(163, 446),
(163, 1015),
(164, 39),
(164, 1014),
(164, 242),
(164, 175),
(164, 1104),
(164, 936),
(164, 1032),
(164, 44),
(164, 145),
(164, 1076),
(165, 39),
(165, 44),
(165, 936),
(165, 1014),
(165, 106),
(165, 508),
(165, 504),
(165, 242),
(165, 501),
(165, 145),
(166, 39),
(166, 945),
(166, 42),
(166, 507),
(166, 47),
(166, 13),
(166, 251),
(166, 259),
(166, 508),
(166, 505),
(167, 571),
(167, 940),
(167, 938),
(167, 1006),
(167, 941),
(167, 690),
(167, 189),
(167, 1015),
(167, 1030),
(167, 948),
(168, 930),
(168, 935),
(168, 938),
(168, 775),
(168, 774),
(168, 773),
(168, 781),
(168, 780),
(168, 934),
(168, 943),
(169, 939),
(169, 943),
(169, 931),
(169, 940),
(169, 934),
(169, 941),
(169, 938),
(169, 936),
(169, 935),
(169, 1647),
(170, 940),
(170, 571),
(170, 108),
(170, 1067),
(170, 1027),
(170, 1025),
(170, 67),
(170, 311),
(170, 916),
(170, 393),
(171, 504),
(171, 692),
(171, 39),
(171, 501),
(171, 534),
(171, 1305),
(171, 702),
(171, 1069),
(171, 694),
(171, 664),
(172, 945),
(172, 39),
(172, 507),
(172, 251),
(172, 487),
(172, 47),
(172, 1136),
(172, 454),
(172, 46),
(172, 252),
(173, 945),
(173, 1320),
(173, 101),
(173, 39),
(173, 504),
(173, 435),
(173, 1069),
(173, 242),
(173, 507),
(173, 845),
(174, 261),
(174, 1256),
(174, 1518),
(174, 1070),
(174, 562),
(174, 555),
(174, 1250),
(174, 77),
(174, 1130),
(174, 135),
(175, 1076),
(175, 1129),
(175, 1250),
(175, 1518),
(175, 242),
(175, 1256),
(175, 1070),
(175, 1014),
(175, 1322),
(175, 1064),
(176, 1340),
(176, 15),
(176, 258),
(176, 144),
(176, 1517),
(176, 239),
(176, 251),
(176, 135),
(176, 36),
(176, 255),
(177, 27),
(177, 77),
(177, 83),
(177, 135),
(177, 260),
(177, 1),
(177, 239),
(177, 143),
(177, 1518),
(177, 203),
(178, 135),
(178, 261),
(178, 144),
(178, 141),
(178, 909),
(178, 143),
(178, 142),
(178, 239),
(178, 1275),
(178, 260),
(179, 1024),
(179, 573),
(179, 17),
(179, 3),
(179, 1008),
(179, 151),
(179, 446),
(179, 931),
(179, 445),
(179, 937),
(180, 239),
(180, 255),
(180, 1516),
(180, 143),
(180, 135),
(180, 253),
(180, 1518),
(180, 258),
(180, 257),
(180, 261),
(181, 27),
(181, 1070),
(181, 130),
(181, 554),
(181, 1129),
(181, 1250),
(181, 1077),
(181, 578),
(181, 579),
(181, 1249),
(182, 135),
(182, 239),
(182, 143),
(182, 1),
(182, 255),
(182, 261),
(182, 253),
(182, 260),
(182, 77),
(182, 126),
(183, 239),
(183, 238),
(183, 1516),
(183, 1492),
(183, 8),
(183, 1388),
(183, 108),
(183, 947),
(183, 142),
(183, 398),
(184, 1012),
(184, 1175),
(184, 239),
(184, 75),
(184, 872),
(184, 1379),
(184, 524),
(184, 1162),
(184, 921),
(184, 947),
(185, 239),
(185, 1015),
(185, 910),
(185, 947),
(185, 238),
(185, 1516),
(185, 1323),
(185, 887),
(185, 921),
(185, 908),
(186, 235),
(186, 1488),
(186, 1066),
(186, 154),
(186, 242),
(186, 1127),
(186, 1461),
(186, 23),
(186, 1104),
(186, 1069),
(187, 1461),
(187, 639),
(187, 710),
(187, 778),
(187, 717),
(187, 1648),
(187, 658),
(187, 681),
(187, 501),
(187, 777),
(188, 1065),
(188, 1659),
(188, 1392),
(188, 243),
(188, 1658),
(188, 607),
(188, 658),
(188, 650),
(188, 641),
(188, 22),
(189, 246),
(189, 1007),
(189, 1060),
(189, 247),
(189, 696),
(189, 715),
(189, 1069),
(189, 240),
(189, 1629),
(189, 1009),
(190, 1060),
(190, 1006),
(190, 1460),
(190, 247),
(190, 1061),
(190, 1018),
(190, 1062),
(190, 1380),
(190, 695),
(190, 238),
(191, 1488),
(191, 58),
(191, 1066),
(191, 477),
(191, 175),
(191, 777),
(191, 235),
(191, 242),
(191, 717),
(191, 658),
(192, 1461),
(192, 1485),
(192, 658),
(192, 778),
(192, 717),
(192, 243),
(192, 1484),
(192, 1648),
(192, 1343),
(192, 710),
(193, 118),
(193, 240),
(193, 1619),
(193, 1069),
(193, 24),
(193, 1078),
(193, 658),
(193, 477),
(193, 290),
(193, 114),
(194, 1060),
(194, 1006),
(194, 1100),
(194, 941),
(194, 922),
(194, 1007),
(194, 1030),
(194, 695),
(194, 1368),
(194, 1037),
(195, 1075),
(195, 106),
(195, 103),
(195, 115),
(195, 1619),
(195, 1389),
(195, 1632),
(195, 501),
(195, 658),
(195, 299),
(196, 772),
(196, 238),
(196, 24),
(196, 775),
(196, 779),
(196, 1069),
(196, 13),
(196, 1368),
(196, 696),
(196, 242),
(197, 243),
(197, 658),
(197, 1659),
(197, 1065),
(197, 607),
(197, 1658),
(197, 634),
(197, 1298),
(197, 23),
(197, 606),
(198, 658),
(198, 243),
(198, 85),
(198, 644),
(198, 639),
(198, 645),
(198, 681),
(198, 636),
(198, 1480),
(198, 1142),
(199, 717),
(199, 777),
(199, 1461),
(199, 659),
(199, 1648),
(199, 658),
(199, 778),
(199, 639),
(199, 783),
(199, 501),
(200, 1461),
(200, 715),
(200, 658),
(200, 717),
(200, 1648),
(200, 246),
(200, 639),
(200, 1352),
(200, 681),
(200, 1491),
(201, 705),
(201, 706),
(201, 658),
(201, 718),
(201, 109),
(201, 1494),
(201, 243),
(201, 1390),
(201, 238),
(201, 1392),
(202, 1461),
(202, 1631),
(202, 248),
(202, 477),
(202, 639),
(202, 372),
(202, 658),
(202, 696),
(202, 1352),
(202, 118),
(203, 681),
(203, 658),
(203, 702),
(203, 1352),
(203, 694),
(203, 646),
(203, 85),
(203, 477),
(203, 639),
(203, 1649),
(204, 248),
(204, 648),
(204, 290),
(204, 238),
(204, 294),
(204, 1106),
(204, 1368),
(204, 1619),
(204, 1369),
(204, 1057),
(205, 646),
(205, 471),
(205, 370),
(205, 1460),
(205, 658),
(205, 1352),
(205, 378),
(205, 1546),
(205, 1593),
(205, 371),
(206, 221),
(206, 1507),
(206, 474),
(206, 1016),
(206, 238),
(206, 233),
(206, 865),
(206, 1023),
(206, 142),
(206, 947),
(207, 116),
(207, 39),
(207, 733),
(207, 221),
(207, 1065),
(207, 238),
(207, 230),
(207, 893),
(207, 1569),
(207, 1061),
(208, 21),
(208, 2),
(208, 392),
(208, 1061),
(208, 1495),
(208, 20),
(208, 1617),
(208, 1618),
(208, 16),
(208, 14),
(209, 789),
(209, 1290),
(209, 146),
(209, 323),
(209, 423),
(209, 82),
(209, 25),
(209, 497),
(209, 460),
(209, 527),
(210, 71),
(210, 1181),
(210, 78),
(210, 891),
(210, 232),
(210, 259),
(210, 265),
(210, 137),
(210, 1546),
(210, 707),
(211, 733),
(211, 21),
(211, 30),
(211, 17),
(211, 705),
(211, 1519),
(211, 228),
(211, 958),
(211, 16),
(211, 638),
(212, 227),
(212, 407),
(212, 394),
(212, 521),
(212, 53),
(212, 108),
(212, 398),
(212, 393),
(212, 1133),
(212, 67),
(213, 137),
(213, 1641),
(213, 98),
(213, 232),
(213, 392),
(213, 266),
(213, 318),
(213, 142),
(213, 261),
(213, 115),
(214, 947),
(214, 954),
(214, 932),
(214, 1123),
(214, 183),
(214, 941),
(214, 701),
(214, 128),
(214, 49),
(214, 933),
(215, 1190),
(215, 1327),
(215, 1183),
(215, 1179),
(215, 135),
(215, 1329),
(215, 275),
(215, 146),
(215, 1187),
(215, 143),
(216, 30),
(216, 733),
(216, 2),
(216, 14),
(216, 392),
(216, 60),
(216, 11),
(216, 1495),
(216, 1494),
(216, 105),
(217, 23),
(217, 29),
(217, 30),
(217, 1494),
(217, 1193),
(217, 228),
(217, 895),
(217, 11),
(217, 16),
(217, 14),
(218, 251),
(218, 100),
(218, 28),
(218, 10),
(218, 1262),
(218, 257),
(218, 610),
(218, 106),
(218, 526),
(218, 258),
(219, 1339),
(219, 95),
(219, 496),
(219, 230),
(219, 90),
(219, 145),
(219, 1196),
(219, 116),
(219, 529),
(219, 565),
(220, 724),
(220, 30),
(220, 1399),
(220, 728),
(220, 733),
(220, 736),
(220, 1227),
(220, 1343),
(220, 1493),
(220, 712),
(221, 8),
(221, 238),
(221, 4),
(221, 1492),
(221, 413),
(221, 921),
(221, 1388),
(221, 947),
(221, 474),
(221, 14),
(222, 7),
(222, 12),
(222, 16),
(222, 91),
(222, 1389),
(222, 1),
(222, 1375),
(222, 98),
(222, 96),
(222, 1193),
(223, 1426),
(223, 1389),
(223, 7),
(223, 1618),
(223, 1392),
(223, 1430),
(223, 1390),
(223, 65),
(223, 294),
(223, 11),
(224, 7),
(224, 12),
(224, 1389),
(224, 1496),
(224, 1370),
(224, 3),
(224, 1),
(224, 726),
(224, 1438),
(224, 1431),
(225, 32),
(225, 29),
(225, 22),
(225, 23),
(225, 14),
(225, 11),
(225, 31),
(225, 7),
(225, 19),
(225, 1494),
(226, 64),
(226, 17),
(226, 7),
(226, 730),
(226, 3),
(226, 16),
(226, 722),
(226, 19),
(226, 879),
(226, 886),
(227, 1119),
(227, 1084),
(227, 398),
(227, 1133),
(227, 876),
(227, 212),
(227, 521),
(227, 817),
(227, 1255),
(227, 241),
(228, 958),
(228, 1494),
(228, 211),
(228, 156),
(228, 140),
(228, 84),
(228, 686),
(228, 651),
(228, 658),
(228, 723),
(229, 1495),
(229, 1142),
(229, 16),
(229, 3),
(229, 635),
(229, 637),
(229, 645),
(229, 22),
(229, 17),
(229, 638),
(230, 1196),
(230, 1339),
(230, 957),
(230, 145),
(230, 95),
(230, 1313),
(230, 788),
(230, 697),
(230, 1299),
(230, 1184),
(231, 12),
(231, 1389),
(231, 7),
(231, 91),
(231, 115),
(231, 1193),
(231, 379),
(231, 1390),
(231, 16),
(231, 1660),
(232, 115),
(232, 12),
(232, 266),
(232, 901),
(232, 213),
(232, 974),
(232, 941),
(232, 1389),
(232, 189),
(232, 1067),
(233, 8),
(233, 4),
(233, 73),
(233, 921),
(233, 238),
(233, 947),
(233, 20),
(233, 1023),
(233, 822),
(233, 749),
(234, 7),
(234, 6),
(234, 104),
(234, 14),
(234, 19),
(234, 5),
(234, 3),
(234, 726),
(234, 69),
(234, 9),
(235, 186),
(235, 1488),
(235, 1127),
(235, 1069),
(235, 191),
(235, 154),
(235, 24),
(235, 1066),
(235, 906),
(235, 1380),
(236, 707),
(236, 820),
(236, 650),
(236, 71),
(236, 1046),
(236, 1078),
(236, 575),
(236, 891),
(236, 1386),
(236, 1300),
(237, 702),
(237, 694),
(237, 1015),
(237, 161),
(237, 1384),
(237, 203),
(237, 171),
(237, 113),
(237, 692),
(237, 704),
(238, 1388),
(238, 8),
(238, 221),
(238, 118),
(238, 1492),
(238, 110),
(238, 947),
(238, 434),
(238, 696),
(238, 183),
(239, 180),
(239, 183),
(239, 1516),
(239, 255),
(239, 182),
(239, 185),
(239, 1517),
(239, 177),
(239, 1519),
(239, 174),
(240, 17),
(240, 1078),
(240, 193),
(240, 981),
(240, 118),
(240, 189),
(240, 924),
(240, 1480),
(240, 1069),
(240, 1007),
(241, 1255),
(241, 396),
(241, 907),
(241, 1639),
(241, 521),
(241, 402),
(241, 408),
(241, 918),
(241, 1119),
(241, 1067),
(242, 1032),
(242, 1014),
(242, 1069),
(242, 175),
(242, 1250),
(242, 68),
(242, 1076),
(242, 1066),
(242, 24),
(242, 1380),
(243, 197),
(243, 1065),
(243, 1480),
(243, 644),
(243, 1659),
(243, 23),
(243, 658),
(243, 198),
(243, 645),
(243, 201),
(244, 712),
(244, 591),
(244, 958),
(244, 1343),
(244, 709),
(244, 600),
(244, 590),
(244, 156),
(244, 706),
(244, 1494),
(245, 381),
(245, 464),
(245, 19),
(245, 674),
(245, 1051),
(245, 1352),
(245, 118),
(245, 568),
(245, 577),
(245, 1052),
(246, 189),
(246, 715),
(246, 1007),
(246, 658),
(246, 974),
(246, 1387),
(246, 1629),
(246, 958),
(246, 1630),
(246, 200),
(247, 189),
(247, 695),
(247, 190),
(247, 108),
(247, 1069),
(247, 1067),
(247, 703),
(247, 118),
(247, 571),
(247, 170),
(248, 1015),
(248, 1018),
(248, 202),
(248, 1006),
(248, 204),
(248, 695),
(248, 1384),
(248, 190),
(248, 1066),
(248, 108),
(249, 1352),
(249, 1300),
(249, 1248),
(249, 383),
(249, 780),
(249, 1619),
(249, 696),
(249, 775),
(249, 955),
(249, 13),
(250, 92),
(250, 151),
(250, 708),
(250, 909),
(250, 3),
(250, 445),
(250, 52),
(250, 556),
(250, 162),
(250, 89),
(251, 6),
(251, 1195),
(251, 10),
(251, 92),
(251, 100),
(251, 56),
(251, 218),
(251, 106),
(251, 57),
(251, 172),
(252, 16),
(252, 100),
(252, 507),
(252, 54),
(252, 146),
(252, 143),
(252, 1305),
(252, 92),
(252, 906),
(252, 98),
(253, 1195),
(253, 1202),
(253, 126),
(253, 1353),
(253, 136),
(253, 1340),
(253, 672),
(253, 1194),
(253, 1247),
(253, 1343),
(254, 146),
(254, 789),
(254, 55),
(254, 46),
(254, 1439),
(254, 99),
(254, 102),
(254, 209),
(254, 135),
(254, 423),
(255, 33),
(255, 430),
(255, 239),
(255, 180),
(255, 36),
(255, 1349),
(255, 47),
(255, 182),
(255, 786),
(255, 135),
(256, 143),
(256, 146),
(256, 135),
(256, 789),
(256, 60),
(256, 507),
(256, 500),
(256, 98),
(256, 141),
(256, 33),
(257, 106),
(257, 143),
(257, 56),
(257, 1075),
(257, 98),
(257, 139),
(257, 145),
(257, 135),
(257, 1431),
(257, 507),
(258, 142),
(258, 143),
(258, 92),
(258, 135),
(258, 64),
(258, 3),
(258, 526),
(258, 100),
(258, 54),
(258, 144),
(259, 92),
(259, 106),
(259, 142),
(259, 51),
(259, 13),
(259, 3),
(259, 118),
(259, 17),
(259, 112),
(259, 441),
(260, 135),
(260, 182),
(260, 143),
(260, 56),
(260, 177),
(260, 573),
(260, 141),
(260, 502),
(260, 1128),
(260, 139),
(261, 135),
(261, 143),
(261, 1),
(261, 174),
(261, 98),
(261, 142),
(261, 146),
(261, 526),
(261, 178),
(261, 182),
(262, 1564),
(262, 1187),
(262, 577),
(262, 1171),
(262, 1277),
(262, 1142),
(262, 329),
(262, 547),
(262, 1243),
(262, 100),
(263, 1558),
(263, 379),
(263, 906),
(263, 877),
(263, 91),
(263, 863),
(263, 804),
(263, 291),
(263, 848),
(263, 818),
(264, 1472),
(264, 94),
(264, 646),
(264, 1634),
(264, 1482),
(264, 645),
(264, 1635),
(264, 1142),
(264, 1583),
(264, 637),
(265, 543),
(265, 1607),
(265, 1472),
(265, 562),
(265, 94),
(265, 555),
(265, 860),
(265, 558),
(265, 1435),
(265, 1432),
(266, 392),
(266, 1558),
(266, 189),
(266, 232),
(266, 1618),
(266, 403),
(266, 190),
(266, 1007),
(266, 194),
(266, 696),
(267, 842),
(267, 1463),
(267, 1651),
(267, 1565),
(267, 1666),
(267, 1661),
(267, 1587),
(267, 1554),
(267, 1467),
(267, 1622),
(268, 1221),
(268, 1254),
(268, 1273),
(268, 1298),
(268, 1311),
(268, 1297),
(268, 1295),
(268, 1300),
(268, 1275),
(268, 1332),
(269, 1267),
(269, 1273),
(269, 1275),
(269, 1268),
(269, 1411),
(269, 1410),
(269, 589),
(269, 1213),
(269, 1269),
(269, 1277),
(270, 712),
(270, 1273),
(270, 590),
(270, 589),
(270, 244),
(270, 1227),
(270, 591),
(270, 539),
(270, 79),
(270, 1038),
(271, 1558),
(271, 1433),
(271, 1641),
(271, 543),
(271, 879),
(271, 1398),
(271, 536),
(271, 1432),
(271, 1555),
(271, 1389),
(272, 1133),
(272, 403),
(272, 394),
(272, 1255),
(272, 918),
(272, 402),
(272, 1084),
(272, 876),
(272, 1119),
(272, 1027),
(273, 392),
(273, 1558),
(273, 696),
(273, 1499),
(273, 311),
(273, 1069),
(273, 379),
(273, 202),
(273, 118),
(273, 403),
(274, 1279),
(274, 1204),
(274, 882),
(274, 1435),
(274, 927),
(274, 561),
(274, 725),
(274, 1222),
(274, 828),
(274, 118),
(275, 427),
(275, 981),
(275, 387),
(275, 433),
(275, 1130),
(275, 563),
(275, 390),
(275, 1477),
(275, 534),
(275, 209),
(276, 642),
(276, 901),
(276, 94),
(276, 2),
(276, 208),
(276, 646),
(276, 648),
(276, 233),
(276, 514),
(276, 520),
(277, 456),
(277, 106),
(277, 698),
(277, 392),
(277, 189),
(277, 835),
(277, 981),
(277, 689),
(277, 1130),
(277, 379),
(278, 1413),
(278, 1131),
(278, 52),
(278, 1552),
(278, 342),
(278, 100),
(278, 1294),
(278, 302),
(278, 1604),
(278, 218),
(279, 403),
(279, 402),
(279, 407),
(279, 1027),
(279, 394),
(279, 1133),
(279, 918),
(279, 392),
(279, 1084),
(279, 393),
(280, 38),
(280, 41),
(280, 1182),
(280, 474),
(280, 1297),
(280, 316),
(280, 319),
(280, 312),
(280, 947),
(280, 14),
(281, 307),
(281, 230),
(281, 321),
(281, 320),
(281, 1299),
(281, 1273),
(281, 1286),
(281, 145),
(281, 458),
(281, 304),
(282, 1178),
(282, 1273),
(282, 927),
(282, 1654),
(282, 586),
(282, 1061),
(282, 1185),
(282, 1275),
(282, 519),
(282, 883),
(283, 790),
(283, 1332),
(283, 1142),
(283, 732),
(283, 586),
(283, 1273),
(283, 1228),
(283, 454),
(283, 1179),
(283, 1181),
(284, 732),
(284, 1228),
(284, 1296),
(284, 1142),
(284, 1302),
(284, 1332),
(284, 339),
(284, 1220),
(284, 445),
(284, 1304),
(285, 586),
(285, 1190),
(285, 1185),
(285, 1179),
(285, 1178),
(285, 429),
(285, 927),
(285, 500),
(285, 451),
(285, 1181),
(286, 1655),
(286, 1300),
(286, 1297),
(286, 1303),
(286, 519),
(286, 1446),
(286, 383),
(286, 1182),
(286, 249),
(286, 1304),
(287, 1301),
(287, 1295),
(287, 1254),
(287, 1296),
(287, 1298),
(287, 1151),
(287, 316),
(287, 27),
(287, 1221),
(287, 581),
(288, 586),
(288, 1181),
(288, 519),
(288, 1179),
(288, 1421),
(288, 1427),
(288, 1182),
(288, 732),
(288, 1185),
(288, 1397),
(289, 959),
(289, 1370),
(289, 155),
(289, 1572),
(289, 13),
(289, 1431),
(289, 1549),
(289, 1588),
(289, 301),
(289, 1382),
(290, 414),
(290, 193),
(290, 112),
(290, 204),
(290, 114),
(290, 1619),
(290, 189),
(290, 118),
(290, 746),
(290, 945),
(291, 1375),
(291, 601),
(291, 906),
(291, 892),
(291, 263),
(291, 1048),
(291, 877),
(291, 594),
(291, 863),
(291, 1054),
(292, 611),
(292, 32),
(292, 233),
(292, 67),
(292, 73),
(292, 51),
(292, 1617),
(292, 1255),
(292, 105),
(292, 648),
(293, 41),
(293, 900),
(293, 38),
(293, 754),
(293, 734),
(293, 748),
(293, 652),
(293, 74),
(293, 1065),
(293, 280),
(294, 195),
(294, 204),
(294, 194),
(294, 238),
(294, 695),
(294, 1459),
(294, 1619),
(294, 474),
(294, 202),
(294, 193),
(295, 481),
(295, 341),
(295, 67),
(295, 360),
(295, 128),
(295, 431),
(295, 898),
(295, 611),
(295, 1393),
(295, 648),
(296, 454),
(296, 610),
(296, 16),
(296, 528),
(296, 1292),
(296, 485),
(296, 619),
(296, 1281),
(296, 556),
(296, 899),
(297, 1023),
(297, 128),
(297, 407),
(297, 1617),
(297, 212),
(297, 401),
(297, 319),
(297, 474),
(297, 1393),
(297, 73),
(298, 1619),
(298, 1459),
(298, 1462),
(298, 1050),
(298, 1057),
(298, 639),
(298, 1369),
(298, 370),
(298, 373),
(298, 193),
(299, 1619),
(299, 1459),
(299, 1057),
(299, 24),
(299, 1050),
(299, 195),
(299, 1462),
(299, 193),
(299, 189),
(299, 1631),
(300, 611),
(300, 67),
(300, 402),
(300, 648),
(300, 916),
(300, 908),
(300, 949),
(300, 53),
(300, 399),
(300, 60),
(301, 611),
(301, 916),
(301, 170),
(301, 949),
(301, 648),
(301, 392),
(301, 1619),
(301, 1375),
(301, 67),
(301, 204),
(302, 1552),
(302, 1620),
(302, 1643),
(302, 42),
(302, 1669),
(302, 763),
(302, 1604),
(302, 766),
(302, 1498),
(302, 1585),
(303, 1061),
(303, 929),
(303, 392),
(303, 937),
(303, 640),
(303, 1497),
(303, 696),
(303, 208),
(303, 649),
(303, 1005),
(304, 492),
(304, 1533),
(304, 495),
(304, 1048),
(304, 1250),
(304, 647),
(304, 281),
(304, 379),
(304, 1054),
(304, 562),
(305, 1375),
(305, 492),
(305, 1229),
(305, 884),
(305, 770),
(305, 1369),
(305, 856),
(305, 877),
(305, 870),
(305, 375),
(306, 929),
(306, 1005),
(306, 937),
(306, 640),
(306, 1191),
(306, 730),
(306, 151),
(306, 296),
(306, 494),
(306, 1159),
(307, 281),
(307, 1299),
(307, 1325),
(307, 458),
(307, 697),
(307, 1014),
(307, 1218),
(307, 339),
(307, 1239),
(307, 230),
(308, 1207),
(308, 1153),
(308, 1266),
(308, 1316),
(308, 576),
(308, 527),
(308, 1263),
(308, 1254),
(308, 209),
(308, 1155),
(309, 770),
(309, 895),
(309, 647),
(309, 1188),
(309, 266),
(309, 373),
(309, 213),
(309, 273),
(309, 328),
(309, 874),
(310, 610),
(310, 556),
(310, 828),
(310, 445),
(310, 485),
(310, 494),
(310, 668),
(310, 151),
(310, 1179),
(310, 927),
(311, 1133),
(311, 1067),
(311, 1119),
(311, 403),
(311, 521),
(311, 890),
(311, 1027),
(311, 918),
(311, 876),
(311, 817),
(312, 947),
(312, 948),
(312, 1284),
(312, 887),
(312, 474),
(312, 932),
(312, 493),
(312, 950),
(312, 883),
(312, 1023),
(313, 429),
(313, 1442),
(313, 493),
(313, 1134),
(313, 927),
(313, 1372),
(313, 1443),
(313, 447),
(313, 114),
(313, 112),
(314, 1048),
(314, 1054),
(314, 1377),
(314, 997),
(314, 379),
(314, 991),
(314, 594),
(314, 1464),
(314, 1217),
(314, 906),
(315, 1537),
(315, 1536),
(315, 1421),
(315, 1538),
(315, 1254),
(315, 1258),
(315, 494),
(315, 1251),
(315, 1361),
(315, 624),
(316, 947),
(316, 238),
(316, 280),
(316, 221),
(316, 413),
(316, 954),
(316, 287),
(316, 493),
(316, 49),
(316, 950),
(317, 895),
(317, 635),
(317, 1301),
(317, 458),
(317, 328),
(317, 1229),
(317, 686),
(317, 1295),
(317, 730),
(317, 1070),
(318, 192),
(318, 243),
(318, 220),
(318, 213),
(318, 189),
(318, 1298),
(318, 1484),
(318, 733),
(318, 1065),
(318, 658),
(319, 947),
(319, 20),
(319, 493),
(319, 950),
(319, 887),
(319, 474),
(319, 221),
(319, 233),
(319, 1023),
(319, 1507),
(320, 1299),
(320, 281),
(320, 803),
(320, 90),
(320, 458),
(320, 494),
(320, 565),
(320, 1286),
(320, 869),
(320, 339),
(321, 827),
(321, 1057),
(321, 1220),
(321, 1090),
(321, 187),
(321, 154),
(321, 1461),
(321, 1223),
(321, 456),
(321, 1045),
(322, 446),
(322, 926),
(322, 1397),
(322, 508),
(322, 834),
(322, 1452),
(322, 841),
(322, 1385),
(322, 1111),
(322, 371),
(323, 1183),
(323, 1581),
(323, 415),
(323, 354),
(323, 209),
(323, 1252),
(323, 345),
(323, 585),
(323, 1278),
(323, 1627),
(324, 1137),
(324, 451),
(324, 1076),
(324, 101),
(324, 1152),
(324, 428),
(324, 796),
(324, 1244),
(324, 1232),
(324, 362),
(325, 1314),
(325, 1285),
(325, 1294),
(325, 1282),
(325, 1292),
(325, 1311),
(325, 1322),
(325, 1317),
(325, 1316),
(325, 461),
(326, 348),
(326, 1265),
(326, 537),
(326, 1145),
(326, 1222),
(326, 1209),
(326, 345),
(326, 1554),
(326, 451),
(326, 47),
(327, 435),
(327, 101),
(327, 1244),
(327, 845),
(327, 1152),
(327, 1314),
(327, 428),
(327, 1283),
(327, 1320),
(327, 345),
(328, 1351),
(328, 1320),
(328, 1314),
(328, 1076),
(328, 1232),
(328, 1313),
(328, 1312),
(328, 1229),
(328, 1322),
(328, 1152),
(329, 1058),
(329, 1243),
(329, 372),
(329, 1090),
(329, 1212),
(329, 1216),
(329, 1214),
(329, 1228),
(329, 1208),
(329, 1187),
(330, 1244),
(330, 428),
(330, 1152),
(330, 345),
(330, 1314),
(330, 101),
(330, 348),
(330, 435),
(330, 451),
(330, 362),
(331, 353),
(331, 469),
(331, 1247),
(331, 251),
(331, 454),
(331, 1585),
(331, 487),
(331, 1272),
(331, 100),
(331, 526),
(332, 1244),
(332, 1314),
(332, 582),
(332, 1152),
(332, 101),
(332, 1291),
(332, 1282),
(332, 345),
(332, 845),
(332, 428),
(333, 1203),
(333, 1322),
(333, 101),
(333, 1283),
(333, 1320),
(333, 1076),
(333, 345),
(333, 428),
(333, 1315),
(333, 845),
(334, 1203),
(334, 101),
(334, 1320),
(334, 845),
(334, 1283),
(334, 1322),
(334, 428),
(334, 435),
(334, 1315),
(334, 1076),
(335, 461),
(335, 470),
(335, 27),
(335, 578),
(335, 1253),
(335, 1207),
(335, 1212),
(335, 554),
(335, 181),
(335, 1244),
(336, 1351),
(336, 1322),
(336, 1314),
(336, 1312),
(336, 1152),
(336, 1076),
(336, 428),
(336, 1320),
(336, 1194),
(336, 1229),
(337, 1188),
(337, 345),
(337, 1554),
(337, 1137),
(337, 1311),
(337, 976),
(337, 1076),
(337, 348),
(337, 175),
(337, 972),
(338, 959),
(338, 1554),
(338, 1224),
(338, 448),
(338, 1300),
(338, 71),
(338, 1076),
(338, 1304),
(338, 923),
(338, 1336),
(339, 1075),
(339, 501),
(339, 372),
(339, 103),
(339, 1253),
(339, 145),
(339, 1228),
(339, 115),
(339, 458),
(339, 689),
(340, 454),
(340, 1292),
(340, 485),
(340, 1024),
(340, 1159),
(340, 179),
(340, 489),
(340, 909),
(340, 1138),
(340, 151),
(341, 1567),
(341, 424),
(341, 356),
(341, 416),
(341, 551),
(341, 482),
(341, 500),
(341, 295),
(341, 414),
(341, 125),
(342, 1568),
(342, 1413),
(342, 1414),
(342, 1551),
(342, 419),
(342, 362),
(342, 323),
(342, 796),
(342, 333),
(342, 869),
(343, 1435),
(343, 416),
(343, 377),
(343, 714),
(343, 722),
(343, 1099),
(343, 412),
(343, 1052),
(343, 419),
(343, 1546),
(344, 879),
(344, 577),
(344, 1269),
(344, 454),
(344, 499),
(344, 1154),
(344, 1345),
(344, 725),
(344, 927),
(344, 366),
(345, 1568),
(345, 1551),
(345, 333),
(345, 323),
(345, 327),
(345, 337),
(345, 1413),
(345, 1293),
(345, 1554),
(345, 1350),
(346, 1179),
(346, 485),
(346, 457),
(346, 586),
(346, 465),
(346, 1185),
(346, 1140),
(346, 1141),
(346, 499),
(346, 454),
(347, 372),
(347, 1075),
(347, 926),
(347, 369),
(347, 1090),
(347, 1058),
(347, 1253),
(347, 861),
(347, 458),
(347, 1228),
(348, 326),
(348, 327),
(348, 485),
(348, 331),
(348, 337),
(348, 640),
(348, 419),
(348, 630),
(348, 1551),
(348, 493),
(349, 1292),
(349, 1138),
(349, 1293),
(349, 143),
(349, 485),
(349, 435),
(349, 478),
(349, 454),
(349, 844),
(349, 584),
(350, 1304),
(350, 372),
(350, 19),
(350, 1058),
(350, 686),
(350, 1187),
(350, 381),
(350, 1090),
(350, 861),
(350, 366),
(351, 1568),
(351, 1413),
(351, 493),
(351, 367),
(351, 1358),
(351, 1567),
(351, 419),
(351, 362),
(351, 326),
(351, 758),
(352, 356),
(352, 359),
(352, 102),
(352, 1136),
(352, 1319),
(352, 481),
(352, 444),
(352, 121),
(352, 1138),
(352, 1242),
(353, 331),
(353, 1411),
(353, 1627),
(353, 454),
(353, 1275),
(353, 1252),
(353, 1564),
(353, 366),
(353, 763),
(353, 1581),
(354, 1581),
(354, 323),
(354, 1252),
(354, 1627),
(354, 1183),
(354, 433),
(354, 427),
(354, 477),
(354, 435),
(354, 1359),
(355, 454),
(355, 899),
(355, 868),
(355, 929),
(355, 151),
(355, 589),
(355, 296),
(355, 937),
(355, 556),
(355, 640),
(356, 1158),
(356, 352),
(356, 413),
(356, 864),
(356, 341),
(356, 297),
(356, 493),
(356, 128),
(356, 1372),
(356, 523),
(357, 1141),
(357, 478),
(357, 1184),
(357, 339),
(357, 1135),
(357, 1076),
(357, 1143),
(357, 1325),
(357, 480),
(357, 1127),
(358, 1129),
(358, 1138),
(358, 1262),
(358, 455),
(358, 690),
(358, 1186),
(358, 1135),
(358, 1249),
(358, 352),
(358, 1128),
(359, 583),
(359, 27),
(359, 561),
(359, 1475),
(359, 578),
(359, 352),
(359, 15),
(359, 1242),
(359, 1274),
(359, 579),
(360, 481),
(360, 1134),
(360, 947),
(360, 474),
(360, 932),
(360, 50),
(360, 758),
(360, 888),
(360, 1001),
(360, 413),
(361, 469),
(361, 474),
(361, 473),
(361, 1143),
(361, 486),
(361, 456),
(361, 1540),
(361, 465),
(361, 775),
(361, 478),
(362, 1551),
(362, 1076),
(362, 1568),
(362, 453),
(362, 324),
(362, 1305),
(362, 1193),
(362, 1228),
(362, 771),
(362, 345),
(363, 1317),
(363, 1571),
(363, 482),
(363, 1141),
(363, 465),
(363, 418),
(363, 1405),
(363, 1580),
(363, 1600),
(363, 476),
(364, 1135),
(364, 456),
(364, 455),
(364, 106),
(364, 1128),
(364, 1257),
(364, 545),
(364, 1543),
(364, 478),
(364, 486),
(365, 474),
(365, 424),
(365, 413),
(365, 41),
(365, 947),
(365, 1134),
(365, 48),
(365, 280),
(365, 312),
(365, 150),
(366, 1532),
(366, 412),
(366, 454),
(366, 1038),
(366, 1414),
(366, 1358),
(366, 886),
(366, 539),
(366, 353),
(366, 1411),
(367, 1402),
(367, 1141),
(367, 1319),
(367, 1358),
(367, 340),
(367, 351),
(367, 1568),
(367, 285),
(367, 1571),
(367, 350),
(368, 430),
(368, 33),
(368, 1141),
(368, 455),
(368, 1129),
(368, 1193),
(368, 255),
(368, 480),
(368, 683),
(368, 1127),
(369, 375),
(369, 587),
(369, 374),
(369, 1090),
(369, 378),
(369, 347),
(369, 564),
(369, 373),
(369, 1058),
(369, 861),
(370, 1214),
(370, 375),
(370, 1593),
(370, 1352),
(370, 587),
(370, 1057),
(370, 1619),
(370, 205),
(370, 373),
(370, 658),
(371, 1214),
(371, 376),
(371, 375),
(371, 841),
(371, 1593),
(371, 1352),
(371, 646),
(371, 1019),
(371, 1111),
(371, 385),
(372, 347),
(372, 1058),
(372, 375),
(372, 339),
(372, 1090),
(372, 1228),
(372, 458),
(372, 1243),
(372, 587),
(372, 329),
(373, 1229),
(373, 1199),
(373, 587),
(373, 770),
(373, 372),
(373, 1194),
(373, 369),
(373, 417),
(373, 370),
(373, 336),
(374, 587),
(374, 1199),
(374, 369),
(374, 1193),
(374, 1229),
(374, 370),
(374, 564),
(374, 1156),
(374, 786),
(374, 1305),
(375, 372),
(375, 369),
(375, 370),
(375, 587),
(375, 1058),
(375, 371),
(375, 564),
(375, 1593),
(375, 770),
(375, 1090),
(376, 371),
(376, 372),
(376, 1352),
(376, 508),
(376, 1058),
(376, 370),
(376, 1090),
(376, 800),
(376, 587),
(376, 379),
(377, 1344),
(377, 714),
(377, 686),
(377, 564),
(377, 1395),
(377, 730),
(377, 722),
(377, 468),
(377, 627),
(377, 559),
(378, 587),
(378, 475),
(378, 564),
(378, 622),
(378, 1229),
(378, 439),
(378, 369),
(378, 372),
(378, 1546),
(378, 471),
(379, 594),
(379, 549),
(379, 601),
(379, 1546),
(379, 1052),
(379, 981),
(379, 314),
(379, 1126),
(379, 1090),
(379, 827),
(380, 1147),
(380, 77),
(380, 27),
(380, 548),
(380, 581),
(380, 590),
(380, 541),
(380, 537),
(380, 787),
(380, 600),
(381, 590),
(381, 1052),
(381, 549),
(381, 1090),
(381, 1154),
(381, 539),
(381, 577),
(381, 245),
(381, 464),
(381, 598),
(382, 590),
(382, 442),
(382, 539),
(382, 1052),
(382, 1222),
(382, 1154),
(382, 1273),
(382, 1254),
(382, 589),
(382, 87),
(383, 1052),
(383, 1378),
(383, 1053),
(383, 981),
(383, 427),
(383, 1248),
(383, 1081),
(383, 818),
(383, 1033),
(383, 780),
(384, 549),
(384, 458),
(384, 244),
(384, 1058),
(384, 1631),
(384, 1214),
(384, 245),
(384, 879),
(384, 371),
(384, 841),
(385, 1058),
(385, 1090),
(385, 1214),
(385, 1126),
(385, 590),
(385, 1320),
(385, 861),
(385, 19),
(385, 1216),
(385, 371),
(386, 588),
(386, 544),
(386, 596),
(386, 1052),
(386, 537),
(386, 1378),
(386, 1154),
(386, 464),
(386, 540),
(386, 545),
(387, 913),
(387, 275),
(387, 1352),
(387, 1054),
(387, 1345),
(387, 464),
(387, 1187),
(387, 64),
(387, 698),
(387, 981),
(388, 1287),
(388, 603),
(388, 1154),
(388, 549),
(388, 541),
(388, 548),
(388, 450),
(388, 244),
(388, 245),
(388, 1264),
(389, 549),
(389, 1052),
(389, 604),
(389, 590),
(389, 593),
(389, 1295),
(389, 577),
(389, 1378),
(389, 603),
(389, 600),
(390, 275),
(390, 1563),
(390, 714),
(390, 1311),
(390, 378),
(390, 1352),
(390, 590),
(390, 1343),
(390, 439),
(390, 563),
(391, 1052),
(391, 1117),
(391, 118),
(391, 549),
(391, 539),
(391, 598),
(391, 1619),
(391, 624),
(391, 870),
(391, 450),
(392, 1499),
(392, 1133),
(392, 1618),
(392, 273),
(392, 1067),
(392, 266),
(392, 272),
(392, 898),
(392, 279),
(392, 1505),
(393, 1393),
(393, 1027),
(393, 837),
(393, 108),
(393, 1103),
(393, 1497),
(393, 1502),
(393, 1067),
(393, 876),
(393, 1505),
(394, 1393),
(394, 876),
(394, 1027),
(394, 1119),
(394, 521),
(394, 1084),
(394, 212),
(394, 272),
(394, 108),
(394, 837),
(395, 241),
(395, 1255),
(395, 108),
(395, 817),
(395, 1639),
(395, 521),
(395, 898),
(395, 1393),
(395, 907),
(395, 1084),
(396, 241),
(396, 907),
(396, 1084),
(396, 1255),
(396, 1639),
(396, 862),
(396, 817),
(396, 1119),
(396, 918),
(396, 1067),
(397, 907),
(397, 241),
(397, 1255),
(397, 1084),
(397, 862),
(397, 876),
(397, 1067),
(397, 817),
(397, 1497),
(397, 1047),
(398, 227),
(398, 1642),
(398, 108),
(398, 53),
(398, 241),
(398, 907),
(398, 1255),
(398, 1133),
(398, 212),
(398, 1084),
(399, 1639),
(399, 1255),
(399, 695),
(399, 521),
(399, 1617),
(399, 1119),
(399, 241),
(399, 1393),
(399, 108),
(399, 138),
(400, 1068),
(400, 837),
(400, 1098),
(400, 1107),
(400, 266),
(400, 1497),
(400, 189),
(400, 1026),
(400, 1103),
(400, 1270),
(401, 108),
(401, 1393),
(401, 521),
(401, 837),
(401, 212),
(401, 898),
(401, 67),
(401, 695),
(401, 1025),
(401, 1027),
(402, 1255),
(402, 695),
(402, 1027),
(402, 241),
(402, 521),
(402, 1639),
(402, 1617),
(402, 1119),
(402, 1067),
(402, 108),
(403, 876),
(403, 837),
(403, 1027),
(403, 890),
(403, 108),
(403, 918),
(403, 1084),
(403, 241),
(403, 272),
(403, 1393),
(404, 1084),
(404, 227),
(404, 272),
(404, 876),
(404, 1617),
(404, 1119),
(404, 1133),
(404, 1027),
(404, 1255),
(404, 817),
(405, 1027),
(405, 138),
(405, 241),
(405, 108),
(405, 695),
(405, 1393),
(405, 1255),
(405, 53),
(405, 876),
(405, 1084),
(406, 108),
(406, 1103),
(406, 521),
(406, 695),
(406, 1393),
(406, 241),
(406, 53),
(406, 1027),
(406, 138),
(406, 837),
(407, 212),
(407, 108),
(407, 279),
(407, 1393),
(407, 1617),
(407, 521),
(407, 876),
(407, 695),
(407, 227),
(407, 1084),
(408, 241),
(408, 907),
(408, 1639),
(408, 1119),
(408, 1084),
(408, 1255),
(408, 876),
(408, 1067),
(408, 521),
(408, 862),
(409, 1393),
(409, 521),
(409, 108),
(409, 876),
(409, 212),
(409, 1084),
(409, 279),
(409, 837),
(409, 1617),
(409, 1027),
(410, 1393),
(410, 1103),
(410, 1497),
(410, 1502),
(410, 1092),
(410, 212),
(410, 837),
(410, 695),
(410, 1027),
(410, 108),
(411, 1393),
(411, 279),
(411, 1027),
(411, 1067),
(411, 108),
(411, 876),
(411, 311),
(411, 1084),
(411, 837),
(411, 1497),
(412, 366),
(412, 1052),
(412, 64),
(412, 1154),
(412, 577),
(412, 539),
(412, 725),
(412, 464),
(412, 1546),
(412, 1345),
(413, 221),
(413, 238),
(413, 1372),
(413, 316),
(413, 1023),
(413, 950),
(413, 1507),
(413, 864),
(413, 319),
(413, 947),
(414, 290),
(414, 427),
(414, 378),
(414, 112),
(414, 439),
(414, 433),
(414, 471),
(414, 587),
(414, 435),
(414, 114),
(415, 323),
(415, 1183),
(415, 1584),
(415, 1581),
(415, 354),
(415, 1339),
(415, 917),
(415, 576),
(415, 1239),
(415, 1144),
(416, 343),
(416, 1546),
(416, 118),
(416, 1435),
(416, 927),
(416, 1379),
(416, 21),
(416, 1618),
(416, 725),
(416, 882),
(417, 373),
(417, 375),
(417, 369),
(417, 327),
(417, 298),
(417, 587),
(417, 1619),
(417, 376),
(417, 378),
(417, 1199),
(418, 1261),
(418, 1317),
(418, 1571),
(418, 432),
(418, 476),
(418, 1141),
(418, 18),
(418, 331),
(418, 1336),
(418, 346),
(419, 118),
(419, 640),
(419, 1326),
(419, 1585),
(419, 1098),
(419, 1414),
(419, 240),
(419, 448),
(419, 1327),
(419, 193),
(420, 927),
(420, 828),
(420, 1130),
(420, 507),
(420, 426),
(420, 668),
(420, 1241),
(420, 610),
(420, 1236),
(420, 602),
(421, 338),
(421, 372),
(421, 1199),
(421, 959),
(421, 305),
(421, 1090),
(421, 347),
(421, 379),
(421, 375),
(421, 1076),
(422, 1161),
(422, 1665),
(422, 1306),
(422, 1411),
(422, 1273),
(422, 827),
(422, 823),
(422, 366),
(422, 1414),
(422, 1623),
(423, 497),
(423, 1144),
(423, 1290),
(423, 82),
(423, 789),
(423, 209),
(423, 585),
(423, 1310),
(423, 704),
(423, 1145),
(424, 365),
(424, 551),
(424, 947),
(424, 921),
(424, 474),
(424, 887),
(424, 1372),
(424, 1492),
(424, 221),
(424, 38),
(425, 474),
(425, 204),
(425, 138),
(425, 882),
(425, 238),
(425, 1507),
(425, 1372),
(425, 319),
(425, 311),
(425, 118),
(426, 927),
(426, 587),
(426, 457),
(426, 485),
(426, 1454),
(426, 696),
(426, 577),
(426, 483),
(426, 1130),
(426, 828),
(427, 696),
(427, 1546),
(427, 383),
(427, 275),
(427, 1576),
(427, 118),
(427, 1378),
(427, 746),
(427, 354),
(427, 1266),
(428, 1194),
(428, 587),
(428, 1076),
(428, 1229),
(428, 468),
(428, 336),
(428, 1228),
(428, 101),
(428, 578),
(428, 103),
(429, 500),
(429, 475),
(429, 587),
(429, 485),
(429, 112),
(429, 1574),
(429, 378),
(429, 285),
(429, 202),
(429, 483),
(430, 255),
(430, 587),
(430, 786),
(430, 1491),
(430, 787),
(430, 33),
(430, 1349),
(430, 378),
(430, 696),
(430, 581),
(431, 481),
(431, 482),
(431, 696),
(431, 483),
(431, 587),
(431, 1134),
(431, 1320),
(431, 1458),
(431, 474),
(431, 202),
(432, 1261),
(432, 18),
(432, 1317),
(432, 1419),
(432, 927),
(432, 465),
(432, 418),
(432, 46),
(432, 1260),
(432, 480),
(433, 1263),
(433, 1359),
(433, 1439),
(433, 1576),
(433, 354),
(433, 1153),
(433, 1322),
(433, 275),
(433, 1283),
(433, 101),
(434, 238),
(434, 696),
(434, 14),
(434, 118),
(434, 481),
(434, 474),
(434, 950),
(434, 110),
(434, 248),
(434, 483),
(435, 1359),
(435, 101),
(435, 327),
(435, 587),
(435, 845),
(435, 1283),
(435, 1320),
(435, 485),
(435, 1152),
(435, 334),
(436, 483),
(436, 486),
(436, 478),
(436, 456),
(436, 1140),
(436, 457),
(436, 1184),
(436, 1128),
(436, 1453),
(436, 1455),
(437, 487),
(437, 587),
(437, 786),
(437, 253),
(437, 1202),
(437, 1491),
(437, 790),
(437, 788),
(437, 369),
(437, 251),
(438, 1575),
(438, 483),
(438, 496),
(438, 1140),
(438, 587),
(438, 219),
(438, 116),
(438, 487),
(438, 1455),
(438, 480),
(439, 587),
(439, 378),
(439, 579),
(439, 1320),
(439, 564),
(439, 487),
(439, 578),
(439, 101),
(439, 1283),
(439, 580),
(440, 483),
(440, 1283),
(440, 481),
(440, 457),
(440, 587),
(440, 578),
(440, 474),
(440, 414),
(440, 696),
(440, 1359),
(441, 577),
(441, 1269),
(441, 54),
(441, 89),
(441, 1154),
(441, 499),
(441, 64),
(441, 674),
(441, 19),
(441, 624),
(442, 1153),
(442, 1266),
(442, 586),
(442, 1273),
(442, 1185),
(442, 1130),
(442, 382),
(442, 23),
(442, 193),
(442, 1208),
(443, 702),
(443, 694),
(443, 579),
(443, 1186),
(443, 203),
(443, 1262),
(443, 475),
(443, 1373),
(443, 161),
(443, 1249),
(444, 1628),
(444, 915),
(444, 1503),
(444, 475),
(444, 781),
(444, 6),
(444, 766),
(444, 234),
(444, 1099),
(444, 1249),
(445, 3),
(445, 1385),
(445, 508),
(445, 17),
(445, 454),
(445, 250),
(445, 1130),
(445, 927),
(445, 174),
(445, 573),
(446, 1385),
(446, 834),
(446, 3),
(446, 926),
(446, 573),
(446, 17),
(446, 1665),
(446, 577),
(446, 726),
(446, 508),
(447, 927),
(447, 1385),
(447, 1151),
(447, 1373),
(447, 3),
(447, 529),
(447, 1228),
(447, 1397),
(447, 500),
(447, 248),
(448, 575),
(448, 462),
(448, 923),
(448, 17),
(448, 1224),
(448, 691),
(448, 1078),
(448, 240),
(448, 707),
(448, 1452),
(449, 500),
(449, 1128),
(449, 496),
(449, 106),
(449, 507),
(449, 1253),
(449, 579),
(449, 436),
(449, 257),
(449, 1179),
(450, 1154),
(450, 19),
(450, 381),
(450, 1056),
(450, 245),
(450, 577),
(450, 506),
(450, 464),
(450, 568),
(450, 1051),
(451, 1152),
(451, 101),
(451, 336),
(451, 578),
(451, 1076),
(451, 428),
(451, 324),
(451, 586),
(451, 1190),
(451, 499),
(452, 508),
(452, 457),
(452, 487),
(452, 692),
(452, 587),
(452, 456),
(452, 1243),
(452, 13),
(452, 1140),
(452, 691),
(453, 465),
(453, 1562),
(453, 479),
(453, 1320),
(453, 1140),
(453, 1541),
(453, 362),
(453, 478),
(453, 486),
(453, 1076),
(454, 487),
(454, 1357),
(454, 340),
(454, 1138),
(454, 469),
(454, 485),
(454, 92),
(454, 899),
(454, 790),
(454, 1130),
(455, 364),
(455, 1193),
(455, 487),
(455, 1129),
(455, 1135),
(455, 486),
(455, 106),
(455, 1202),
(455, 1257),
(455, 378),
(456, 486),
(456, 364),
(456, 478),
(456, 106),
(456, 1071),
(456, 1135),
(456, 1543),
(456, 1540),
(456, 1076),
(456, 487),
(457, 469),
(457, 487),
(457, 1140),
(457, 485),
(457, 1357),
(457, 479),
(457, 478),
(457, 426),
(457, 1540),
(457, 486),
(458, 372),
(458, 384),
(458, 484),
(458, 347),
(458, 339),
(458, 1142),
(458, 879),
(458, 307),
(458, 1058),
(458, 1631),
(459, 1143),
(459, 361),
(459, 997),
(459, 1377),
(459, 1217),
(459, 1290),
(459, 314),
(459, 1533),
(459, 1127),
(459, 991),
(460, 789),
(460, 1290),
(460, 1144),
(460, 209),
(460, 1152),
(460, 423),
(460, 527),
(460, 1076),
(460, 1310),
(460, 1145),
(461, 1152),
(461, 1207),
(461, 335),
(461, 1293),
(461, 433),
(461, 1226),
(461, 1275),
(461, 1290),
(461, 423),
(461, 1076),
(462, 1143),
(462, 1327),
(462, 448),
(462, 1297),
(462, 981),
(462, 1182),
(462, 1292),
(462, 361),
(462, 923),
(462, 924),
(463, 1213),
(463, 1212),
(463, 1083),
(463, 1091),
(463, 982),
(463, 1292),
(463, 1624),
(463, 825),
(463, 1298),
(463, 1208),
(464, 1154),
(464, 577),
(464, 381),
(464, 598),
(464, 245),
(464, 1269),
(464, 1052),
(464, 624),
(464, 1288),
(464, 1208),
(465, 453),
(465, 1562),
(465, 479),
(465, 1141),
(465, 1140),
(465, 361),
(465, 346),
(465, 482),
(465, 1320),
(465, 486),
(466, 1286),
(466, 1292),
(466, 1165),
(466, 1142),
(466, 1137),
(466, 1290),
(466, 337),
(466, 770),
(466, 336),
(466, 370),
(467, 1144),
(467, 1290),
(467, 1477),
(467, 423),
(467, 1263),
(467, 1150),
(467, 82),
(467, 1155),
(467, 585),
(467, 1310),
(468, 1076),
(468, 428),
(468, 372),
(468, 377),
(468, 378),
(468, 487),
(468, 1152),
(468, 1058),
(468, 1142),
(468, 361),
(469, 487),
(469, 457),
(469, 361),
(469, 485),
(469, 454),
(469, 478),
(469, 1292),
(469, 486),
(469, 1357),
(469, 331),
(470, 1293),
(470, 1275),
(470, 1152),
(470, 1207),
(470, 1312),
(470, 1153),
(470, 1273),
(470, 1142),
(470, 1212),
(470, 1479),
(471, 1280),
(471, 205),
(471, 378),
(471, 475),
(471, 5),
(471, 587),
(471, 1320),
(471, 414),
(471, 101),
(471, 1491),
(472, 1292),
(472, 1281),
(472, 981),
(472, 631),
(472, 1142),
(472, 1304),
(472, 1154),
(472, 1327),
(472, 725),
(472, 1326),
(473, 1143),
(473, 361),
(473, 1284),
(473, 1327),
(473, 1182),
(473, 1286),
(473, 1650),
(473, 419),
(473, 775),
(473, 666),
(474, 696),
(474, 361),
(474, 950),
(474, 947),
(474, 238),
(474, 1492),
(474, 921),
(474, 248),
(474, 469),
(474, 1138),
(475, 1249),
(475, 378),
(475, 1262),
(475, 161),
(475, 429),
(475, 471),
(475, 1301),
(475, 1280),
(475, 915),
(475, 846),
(476, 1419),
(476, 1139),
(476, 457),
(476, 1261),
(476, 18),
(476, 465),
(476, 1544),
(476, 1140),
(476, 469),
(476, 112),
(477, 193),
(477, 24),
(477, 202),
(477, 658),
(477, 191),
(477, 661),
(477, 1352),
(477, 681),
(477, 203),
(477, 114),
(478, 456),
(478, 1140),
(478, 469),
(478, 1562),
(478, 457),
(478, 436),
(478, 1127),
(478, 1540),
(478, 1543),
(478, 361),
(479, 1562),
(479, 1140),
(479, 465),
(479, 453),
(479, 1541),
(479, 457),
(479, 456),
(479, 1357),
(479, 469),
(479, 1543),
(480, 1140),
(480, 1562),
(480, 457),
(480, 1141),
(480, 1540),
(480, 469),
(480, 361),
(480, 1357),
(480, 465),
(480, 426),
(481, 888),
(481, 696),
(481, 431),
(481, 426),
(481, 434),
(481, 360),
(481, 457),
(481, 204),
(481, 1134),
(481, 414),
(482, 465),
(482, 431),
(482, 1562),
(482, 457),
(482, 453),
(482, 1140),
(482, 439),
(482, 346),
(482, 112),
(482, 414),
(483, 436),
(483, 438),
(483, 1454),
(483, 202),
(483, 696),
(483, 426),
(483, 1140),
(483, 1455),
(483, 248),
(483, 457),
(484, 1140),
(484, 458),
(484, 457),
(484, 456),
(484, 469),
(484, 361),
(484, 586),
(484, 112),
(484, 1142),
(484, 436),
(485, 469),
(485, 454),
(485, 457),
(485, 346),
(485, 1357),
(485, 426),
(485, 340),
(485, 435),
(485, 1292),
(485, 112),
(486, 456),
(486, 436),
(486, 1127),
(486, 361),
(486, 455),
(486, 469),
(486, 1140),
(486, 1540),
(486, 457),
(486, 1543),
(487, 469),
(487, 457),
(487, 454),
(487, 437),
(487, 455),
(487, 1130),
(487, 456),
(487, 587),
(487, 790),
(487, 1353),
(488, 1420),
(488, 1443),
(488, 1442),
(488, 1185),
(488, 1581),
(488, 1402),
(488, 1444),
(488, 1190),
(488, 485),
(488, 1538),
(489, 340),
(489, 1442),
(489, 1420),
(489, 1444),
(489, 1581),
(489, 348),
(489, 1443),
(489, 485),
(489, 537),
(489, 326),
(490, 1442),
(490, 1443),
(490, 1420),
(490, 1581),
(490, 1138),
(490, 285),
(490, 484),
(490, 1260),
(490, 586),
(490, 1441),
(491, 1442),
(491, 1420),
(491, 1292),
(491, 1249),
(491, 556),
(491, 1443),
(491, 499),
(491, 1581),
(491, 566),
(491, 1179),
(492, 304),
(492, 1533),
(492, 1257),
(492, 1442),
(492, 1441),
(492, 1135),
(492, 1258),
(492, 1250),
(492, 1443),
(492, 305),
(493, 1442),
(493, 474),
(493, 1443),
(493, 319),
(493, 640),
(493, 312),
(493, 947),
(493, 1581),
(493, 316),
(493, 950),
(494, 1442),
(494, 1443),
(494, 454),
(494, 586),
(494, 1142),
(494, 1538),
(494, 577),
(494, 1441),
(494, 730),
(494, 1179),
(495, 1533),
(495, 304),
(495, 1442),
(495, 1443),
(495, 1257),
(495, 1250),
(495, 1444),
(495, 456),
(495, 314),
(495, 305),
(496, 449),
(496, 1339),
(496, 1183),
(496, 219),
(496, 1235),
(496, 446),
(496, 438),
(496, 90),
(496, 1185),
(496, 579),
(497, 82),
(497, 576),
(497, 1241),
(497, 55),
(497, 423),
(497, 46),
(497, 585),
(497, 789),
(497, 704),
(497, 1144),
(498, 1188),
(498, 709),
(498, 715),
(498, 1026),
(498, 192),
(498, 1461),
(498, 187),
(498, 658),
(498, 644),
(498, 244),
(499, 577),
(499, 1154),
(499, 1269),
(499, 1288),
(499, 54),
(499, 441),
(499, 64),
(499, 89),
(499, 624),
(499, 586),
(500, 449),
(500, 1253),
(500, 429),
(500, 579),
(500, 1190),
(500, 1179),
(500, 161),
(500, 256),
(500, 113),
(500, 39);
INSERT INTO `matched_tasks` (`task_id`, `match_task_id`) VALUES
(501, 1075),
(501, 103),
(501, 339),
(501, 145),
(501, 187),
(501, 1461),
(501, 115),
(501, 106),
(501, 195),
(501, 171),
(502, 161),
(502, 1249),
(502, 1186),
(502, 1262),
(502, 39),
(502, 1128),
(502, 578),
(502, 449),
(502, 44),
(502, 260),
(503, 681),
(503, 679),
(503, 685),
(503, 776),
(503, 717),
(503, 687),
(503, 203),
(503, 713),
(503, 785),
(503, 686),
(504, 171),
(504, 173),
(504, 187),
(504, 1461),
(504, 103),
(504, 165),
(504, 145),
(504, 1075),
(504, 657),
(504, 115),
(505, 24),
(505, 1352),
(505, 1057),
(505, 955),
(505, 1216),
(505, 658),
(505, 715),
(505, 1546),
(505, 674),
(505, 1619),
(506, 381),
(506, 1154),
(506, 577),
(506, 450),
(506, 19),
(506, 244),
(506, 549),
(506, 118),
(506, 568),
(506, 384),
(507, 1235),
(507, 587),
(507, 1236),
(507, 449),
(507, 578),
(507, 428),
(507, 828),
(507, 172),
(507, 789),
(507, 257),
(508, 452),
(508, 445),
(508, 1243),
(508, 446),
(508, 13),
(508, 376),
(508, 587),
(508, 1057),
(508, 841),
(508, 692),
(509, 1634),
(509, 643),
(509, 638),
(509, 1482),
(509, 1483),
(509, 1635),
(509, 1638),
(509, 637),
(509, 1364),
(509, 1480),
(510, 638),
(510, 1364),
(510, 1396),
(510, 1546),
(510, 1493),
(510, 730),
(510, 558),
(510, 1362),
(510, 1345),
(510, 725),
(511, 645),
(511, 69),
(511, 1472),
(511, 1481),
(511, 1395),
(511, 1563),
(511, 1517),
(511, 1635),
(511, 1363),
(511, 1366),
(512, 1483),
(512, 1183),
(512, 638),
(512, 1638),
(512, 522),
(512, 1636),
(512, 1481),
(512, 1585),
(512, 323),
(512, 1477),
(513, 638),
(513, 643),
(513, 1481),
(513, 1634),
(513, 1635),
(513, 1364),
(513, 645),
(513, 730),
(513, 1142),
(513, 1398),
(514, 648),
(514, 1668),
(514, 922),
(514, 638),
(514, 1065),
(514, 1006),
(514, 910),
(514, 208),
(514, 1009),
(514, 232),
(515, 638),
(515, 637),
(515, 1142),
(515, 1634),
(515, 1480),
(515, 1398),
(515, 1635),
(515, 730),
(515, 1481),
(515, 1546),
(516, 1519),
(516, 638),
(516, 645),
(516, 1503),
(516, 101),
(516, 618),
(516, 1395),
(516, 1205),
(516, 1359),
(516, 1483),
(517, 638),
(517, 1343),
(517, 730),
(517, 728),
(517, 220),
(517, 732),
(517, 1408),
(517, 1483),
(517, 658),
(517, 1142),
(518, 638),
(518, 637),
(518, 730),
(518, 1224),
(518, 1446),
(518, 707),
(518, 249),
(518, 549),
(518, 1142),
(518, 448),
(519, 730),
(519, 732),
(519, 1345),
(519, 1398),
(519, 286),
(519, 638),
(519, 1465),
(519, 1355),
(519, 1481),
(519, 955),
(520, 1481),
(520, 645),
(520, 454),
(520, 638),
(520, 1142),
(520, 1130),
(520, 642),
(520, 1634),
(520, 1519),
(520, 1635),
(521, 1119),
(521, 1639),
(521, 241),
(521, 402),
(521, 227),
(521, 394),
(521, 1084),
(521, 108),
(521, 403),
(521, 399),
(522, 619),
(522, 610),
(522, 1161),
(522, 631),
(522, 725),
(522, 1418),
(522, 981),
(522, 1038),
(522, 609),
(522, 296),
(523, 612),
(523, 696),
(523, 1333),
(523, 474),
(523, 606),
(523, 947),
(523, 663),
(523, 118),
(523, 1222),
(523, 89),
(524, 663),
(524, 612),
(524, 1284),
(524, 1507),
(524, 947),
(524, 670),
(524, 671),
(524, 887),
(524, 474),
(524, 312),
(525, 619),
(525, 610),
(525, 89),
(525, 79),
(525, 151),
(525, 78),
(525, 677),
(525, 606),
(525, 668),
(525, 937),
(526, 610),
(526, 261),
(526, 258),
(526, 106),
(526, 1665),
(526, 619),
(526, 133),
(526, 124),
(526, 487),
(526, 454),
(527, 88),
(527, 1048),
(527, 789),
(527, 1150),
(527, 209),
(527, 995),
(527, 82),
(527, 798),
(527, 460),
(527, 122),
(528, 631),
(528, 624),
(528, 620),
(528, 296),
(528, 1275),
(528, 1191),
(528, 1024),
(528, 151),
(528, 539),
(528, 1227),
(529, 1339),
(529, 90),
(529, 219),
(529, 606),
(529, 610),
(529, 619),
(529, 496),
(529, 445),
(529, 507),
(529, 172),
(530, 947),
(530, 567),
(530, 671),
(530, 670),
(530, 793),
(530, 538),
(530, 887),
(530, 696),
(530, 930),
(530, 401),
(531, 89),
(531, 882),
(531, 1273),
(531, 118),
(531, 612),
(531, 1213),
(531, 1410),
(531, 663),
(531, 79),
(531, 1212),
(532, 606),
(532, 719),
(532, 350),
(532, 1227),
(532, 614),
(532, 78),
(532, 1159),
(532, 835),
(532, 151),
(532, 677),
(533, 606),
(533, 684),
(533, 693),
(533, 712),
(533, 685),
(533, 680),
(533, 1227),
(533, 687),
(533, 654),
(533, 686),
(534, 133),
(534, 664),
(534, 171),
(534, 275),
(534, 719),
(534, 785),
(534, 677),
(534, 693),
(534, 628),
(534, 1064),
(535, 583),
(535, 1113),
(535, 668),
(535, 1002),
(535, 1274),
(535, 82),
(535, 740),
(535, 1310),
(535, 832),
(535, 27),
(536, 1558),
(536, 973),
(536, 1433),
(536, 1003),
(536, 271),
(536, 263),
(536, 1086),
(536, 384),
(536, 906),
(536, 691),
(537, 588),
(537, 596),
(537, 865),
(537, 386),
(537, 1123),
(537, 1088),
(537, 950),
(537, 593),
(537, 474),
(537, 947),
(538, 865),
(538, 1158),
(538, 1080),
(538, 1174),
(538, 821),
(538, 1123),
(538, 864),
(538, 852),
(538, 887),
(538, 1115),
(539, 589),
(539, 624),
(539, 1052),
(539, 590),
(539, 620),
(539, 381),
(539, 631),
(539, 1154),
(539, 1038),
(539, 981),
(540, 588),
(540, 596),
(540, 386),
(540, 1215),
(540, 823),
(540, 381),
(540, 590),
(540, 842),
(540, 600),
(540, 597),
(541, 595),
(541, 592),
(541, 6),
(541, 218),
(541, 766),
(541, 1604),
(541, 1272),
(541, 590),
(541, 491),
(541, 828),
(542, 620),
(542, 1281),
(542, 678),
(542, 624),
(542, 419),
(542, 1326),
(542, 1435),
(542, 631),
(542, 622),
(542, 391),
(543, 760),
(543, 1432),
(543, 265),
(543, 1472),
(543, 1435),
(543, 1052),
(543, 1607),
(543, 806),
(543, 590),
(543, 1378),
(544, 588),
(544, 386),
(544, 596),
(544, 599),
(544, 593),
(544, 810),
(544, 601),
(544, 1088),
(544, 1550),
(544, 603),
(545, 364),
(545, 588),
(545, 928),
(545, 689),
(545, 1045),
(545, 827),
(545, 386),
(545, 456),
(545, 596),
(545, 1082),
(546, 592),
(546, 588),
(546, 596),
(546, 380),
(546, 599),
(546, 1550),
(546, 386),
(546, 388),
(546, 602),
(546, 598),
(547, 631),
(547, 829),
(547, 381),
(547, 1321),
(547, 1142),
(547, 1117),
(547, 598),
(547, 118),
(547, 624),
(547, 262),
(548, 603),
(548, 596),
(548, 588),
(548, 602),
(548, 600),
(548, 601),
(548, 380),
(548, 594),
(548, 1130),
(548, 506),
(549, 381),
(549, 379),
(549, 384),
(549, 577),
(549, 879),
(549, 624),
(549, 674),
(549, 1154),
(549, 118),
(549, 64),
(550, 391),
(550, 630),
(550, 1222),
(550, 882),
(550, 865),
(550, 640),
(550, 1466),
(550, 852),
(550, 850),
(550, 595),
(551, 602),
(551, 595),
(551, 1222),
(551, 865),
(551, 118),
(551, 424),
(551, 620),
(551, 1190),
(551, 1550),
(551, 627),
(552, 588),
(552, 593),
(552, 823),
(552, 596),
(552, 601),
(552, 1089),
(552, 386),
(552, 594),
(552, 599),
(552, 1033),
(553, 1559),
(553, 1420),
(553, 1341),
(553, 579),
(553, 1193),
(553, 722),
(553, 144),
(553, 1230),
(553, 1517),
(553, 1435),
(554, 579),
(554, 1179),
(554, 586),
(554, 1341),
(554, 725),
(554, 578),
(554, 1435),
(554, 1230),
(554, 1193),
(554, 722),
(555, 1417),
(555, 1476),
(555, 1256),
(555, 122),
(555, 795),
(555, 854),
(555, 1602),
(555, 1229),
(555, 83),
(555, 1054),
(556, 151),
(556, 708),
(556, 610),
(556, 624),
(556, 631),
(556, 454),
(556, 620),
(556, 250),
(556, 1024),
(556, 828),
(557, 627),
(557, 622),
(557, 620),
(557, 625),
(557, 628),
(557, 621),
(557, 1193),
(557, 275),
(557, 722),
(557, 629),
(558, 1341),
(558, 1230),
(558, 578),
(558, 1478),
(558, 1193),
(558, 1366),
(558, 722),
(558, 1435),
(558, 1234),
(558, 1373),
(559, 1366),
(559, 1193),
(559, 1341),
(559, 1230),
(559, 578),
(559, 790),
(559, 1234),
(559, 1077),
(559, 1195),
(559, 722),
(560, 1559),
(560, 1420),
(560, 1193),
(560, 1341),
(560, 579),
(560, 1230),
(560, 1234),
(560, 1366),
(560, 578),
(560, 1328),
(561, 1193),
(561, 1234),
(561, 579),
(561, 426),
(561, 1598),
(561, 1230),
(561, 1185),
(561, 927),
(561, 578),
(561, 27),
(562, 1476),
(562, 1417),
(562, 1256),
(562, 122),
(562, 795),
(562, 1602),
(562, 854),
(562, 83),
(562, 175),
(562, 174),
(563, 725),
(563, 1187),
(563, 981),
(563, 379),
(563, 1352),
(563, 275),
(563, 1345),
(563, 64),
(563, 1193),
(563, 955),
(564, 378),
(564, 587),
(564, 714),
(564, 622),
(564, 377),
(564, 375),
(564, 1394),
(564, 372),
(564, 1574),
(564, 439),
(565, 1185),
(565, 501),
(565, 18),
(565, 145),
(565, 1234),
(565, 339),
(565, 219),
(565, 507),
(565, 1137),
(565, 115),
(566, 499),
(566, 676),
(566, 1420),
(566, 622),
(566, 1185),
(566, 1341),
(566, 828),
(566, 1230),
(566, 579),
(566, 346),
(567, 690),
(567, 741),
(567, 704),
(567, 932),
(567, 750),
(567, 696),
(567, 128),
(567, 530),
(567, 751),
(567, 1018),
(568, 118),
(568, 696),
(568, 441),
(568, 1052),
(568, 539),
(568, 245),
(568, 64),
(568, 450),
(568, 624),
(568, 1154),
(569, 179),
(569, 446),
(569, 157),
(569, 1171),
(569, 152),
(569, 1665),
(569, 1024),
(569, 1517),
(569, 1385),
(569, 1219),
(570, 1026),
(570, 810),
(570, 39),
(570, 972),
(570, 155),
(570, 164),
(570, 498),
(570, 477),
(570, 43),
(570, 74),
(571, 170),
(571, 167),
(571, 1011),
(571, 247),
(571, 1015),
(571, 690),
(571, 1018),
(571, 190),
(571, 940),
(571, 474),
(572, 695),
(572, 1027),
(572, 1025),
(572, 703),
(572, 247),
(572, 690),
(572, 108),
(572, 876),
(572, 248),
(572, 752),
(573, 1385),
(573, 446),
(573, 751),
(573, 1373),
(573, 752),
(573, 179),
(573, 1064),
(573, 1277),
(573, 1635),
(573, 445),
(574, 690),
(574, 752),
(574, 751),
(574, 1385),
(574, 692),
(574, 1069),
(574, 1018),
(574, 1380),
(574, 1518),
(574, 445),
(575, 1078),
(575, 707),
(575, 448),
(575, 691),
(575, 1300),
(575, 923),
(575, 820),
(575, 236),
(575, 1053),
(575, 704),
(576, 1241),
(576, 1144),
(576, 497),
(576, 1145),
(576, 1263),
(576, 1310),
(576, 55),
(576, 789),
(576, 1268),
(576, 82),
(577, 441),
(577, 1154),
(577, 499),
(577, 674),
(577, 1269),
(577, 549),
(577, 381),
(577, 464),
(577, 1142),
(577, 879),
(578, 1242),
(578, 559),
(578, 1186),
(578, 428),
(578, 507),
(578, 1232),
(578, 161),
(578, 439),
(578, 451),
(578, 558),
(579, 554),
(579, 1341),
(579, 443),
(579, 439),
(579, 828),
(579, 449),
(579, 500),
(579, 564),
(579, 1242),
(579, 714),
(580, 439),
(580, 1232),
(580, 101),
(580, 433),
(580, 428),
(580, 1256),
(580, 27),
(580, 378),
(580, 559),
(580, 174),
(581, 786),
(581, 430),
(581, 1077),
(581, 255),
(581, 1193),
(581, 77),
(581, 559),
(581, 507),
(581, 789),
(581, 1151),
(582, 507),
(582, 332),
(582, 1242),
(582, 1226),
(582, 451),
(582, 324),
(582, 435),
(582, 1244),
(582, 828),
(582, 1319),
(583, 359),
(583, 535),
(583, 1262),
(583, 1274),
(583, 828),
(583, 1226),
(583, 428),
(583, 1264),
(583, 1403),
(583, 668),
(584, 1293),
(584, 1422),
(584, 507),
(584, 1236),
(584, 1403),
(584, 561),
(584, 802),
(584, 1614),
(584, 340),
(584, 1447),
(585, 82),
(585, 497),
(585, 1144),
(585, 423),
(585, 1310),
(585, 55),
(585, 323),
(585, 1581),
(585, 1241),
(585, 209),
(586, 1179),
(586, 1185),
(586, 285),
(586, 1190),
(586, 1181),
(586, 927),
(586, 499),
(586, 494),
(586, 454),
(586, 1142),
(587, 378),
(587, 439),
(587, 428),
(587, 564),
(587, 374),
(587, 373),
(587, 375),
(587, 369),
(587, 435),
(587, 430),
(588, 386),
(588, 544),
(588, 537),
(588, 540),
(588, 381),
(588, 1052),
(588, 823),
(588, 545),
(588, 552),
(588, 379),
(589, 539),
(589, 1052),
(589, 981),
(589, 924),
(589, 151),
(589, 1035),
(589, 624),
(589, 1038),
(589, 270),
(589, 748),
(590, 381),
(590, 539),
(590, 1052),
(590, 270),
(590, 1154),
(590, 244),
(590, 1273),
(590, 712),
(590, 379),
(590, 1221),
(591, 244),
(591, 1343),
(591, 712),
(591, 724),
(591, 1349),
(591, 156),
(591, 776),
(591, 253),
(591, 732),
(591, 1350),
(592, 541),
(592, 546),
(592, 539),
(592, 899),
(592, 927),
(592, 1154),
(592, 1052),
(592, 491),
(592, 1292),
(592, 499),
(593, 1035),
(593, 1052),
(593, 1240),
(593, 537),
(593, 1378),
(593, 864),
(593, 1080),
(593, 386),
(593, 1034),
(593, 552),
(594, 379),
(594, 1033),
(594, 1048),
(594, 1041),
(594, 818),
(594, 1079),
(594, 826),
(594, 1085),
(594, 1054),
(594, 863),
(595, 541),
(595, 551),
(595, 763),
(595, 391),
(595, 1604),
(595, 548),
(595, 1418),
(595, 380),
(595, 537),
(595, 1606),
(596, 544),
(596, 386),
(596, 537),
(596, 381),
(596, 540),
(596, 548),
(596, 545),
(596, 539),
(596, 385),
(596, 379),
(597, 381),
(597, 1234),
(597, 1049),
(597, 549),
(597, 1035),
(597, 506),
(597, 1052),
(597, 540),
(597, 379),
(597, 386),
(598, 1090),
(598, 1052),
(598, 464),
(598, 381),
(598, 1126),
(598, 577),
(598, 861),
(598, 874),
(598, 1465),
(598, 1117),
(599, 544),
(599, 386),
(599, 552),
(599, 389),
(599, 1052),
(599, 537),
(599, 388),
(599, 548),
(599, 1378),
(599, 380),
(600, 244),
(600, 381),
(600, 379),
(600, 1052),
(600, 1117),
(600, 549),
(600, 384),
(600, 539),
(600, 548),
(600, 1351),
(601, 1033),
(601, 818),
(601, 1079),
(601, 1048),
(601, 863),
(601, 877),
(601, 804),
(601, 1112),
(601, 1054),
(601, 1041),
(602, 551),
(602, 828),
(602, 1222),
(602, 539),
(602, 548),
(602, 927),
(602, 537),
(602, 381),
(602, 506),
(602, 1154),
(603, 548),
(603, 537),
(603, 381),
(603, 389),
(603, 244),
(603, 388),
(603, 379),
(603, 386),
(603, 1244),
(603, 384),
(604, 1052),
(604, 1486),
(604, 379),
(604, 389),
(604, 1378),
(604, 19),
(604, 1550),
(604, 1448),
(604, 1540),
(604, 549),
(605, 64),
(605, 1154),
(605, 589),
(605, 270),
(605, 624),
(605, 89),
(605, 1052),
(605, 981),
(605, 1035),
(605, 539),
(606, 693),
(606, 533),
(606, 1065),
(606, 525),
(606, 532),
(606, 84),
(606, 211),
(606, 1519),
(606, 1227),
(606, 733),
(607, 197),
(607, 40),
(607, 526),
(607, 127),
(607, 130),
(607, 525),
(607, 188),
(607, 693),
(607, 27),
(607, 1519),
(608, 40),
(608, 296),
(608, 188),
(608, 2),
(608, 1657),
(608, 293),
(608, 229),
(608, 719),
(608, 27),
(608, 34),
(609, 40),
(609, 1519),
(609, 693),
(609, 525),
(609, 127),
(609, 526),
(609, 719),
(609, 1657),
(609, 534),
(609, 197),
(610, 526),
(610, 828),
(610, 296),
(610, 1604),
(610, 525),
(610, 556),
(610, 1292),
(610, 16),
(610, 668),
(610, 927),
(611, 301),
(611, 949),
(611, 916),
(611, 648),
(611, 67),
(611, 170),
(611, 300),
(611, 292),
(611, 204),
(611, 1372),
(612, 523),
(612, 531),
(612, 524),
(612, 1204),
(612, 1222),
(612, 1303),
(612, 1333),
(612, 663),
(612, 419),
(612, 1311),
(613, 40),
(613, 2),
(613, 646),
(613, 188),
(613, 296),
(613, 1657),
(613, 511),
(613, 1495),
(613, 534),
(613, 216),
(614, 40),
(614, 526),
(614, 693),
(614, 1519),
(614, 525),
(614, 122),
(614, 533),
(614, 1),
(614, 27),
(614, 1657),
(615, 40),
(615, 1519),
(615, 188),
(615, 296),
(615, 693),
(615, 522),
(615, 719),
(615, 733),
(615, 1657),
(615, 533),
(616, 232),
(616, 631),
(616, 693),
(616, 40),
(616, 215),
(616, 216),
(616, 208),
(616, 733),
(616, 654),
(616, 211),
(617, 693),
(617, 40),
(617, 534),
(617, 719),
(617, 105),
(617, 233),
(617, 216),
(617, 533),
(617, 1),
(617, 228),
(618, 101),
(618, 845),
(618, 428),
(618, 1226),
(618, 334),
(618, 435),
(618, 1318),
(618, 1283),
(618, 1076),
(618, 526),
(619, 525),
(619, 674),
(619, 89),
(619, 526),
(619, 64),
(619, 296),
(619, 1154),
(619, 725),
(619, 686),
(619, 258),
(620, 539),
(620, 1024),
(620, 151),
(620, 528),
(620, 1191),
(620, 556),
(620, 708),
(620, 761),
(620, 89),
(620, 162),
(621, 1351),
(621, 336),
(621, 451),
(621, 428),
(621, 328),
(621, 1282),
(621, 578),
(621, 1152),
(621, 1312),
(621, 1200),
(622, 378),
(622, 564),
(622, 373),
(622, 674),
(622, 577),
(622, 676),
(622, 549),
(622, 563),
(622, 377),
(622, 1024),
(623, 468),
(623, 767),
(623, 1205),
(623, 377),
(623, 764),
(623, 559),
(623, 1076),
(623, 1295),
(623, 558),
(623, 557),
(624, 539),
(624, 89),
(624, 54),
(624, 1154),
(624, 1288),
(624, 1269),
(624, 64),
(624, 549),
(624, 499),
(624, 528),
(625, 1024),
(625, 1264),
(625, 556),
(625, 668),
(625, 748),
(625, 1262),
(625, 528),
(625, 739),
(625, 610),
(625, 16),
(626, 378),
(626, 468),
(626, 1058),
(626, 762),
(626, 557),
(626, 376),
(626, 475),
(626, 377),
(626, 1090),
(626, 372),
(627, 1351),
(627, 557),
(627, 377),
(627, 696),
(627, 725),
(627, 714),
(627, 677),
(627, 1344),
(627, 253),
(627, 1395),
(628, 663),
(628, 534),
(628, 557),
(628, 1292),
(628, 1311),
(628, 767),
(628, 746),
(628, 275),
(628, 244),
(628, 1332),
(629, 468),
(629, 377),
(629, 767),
(629, 557),
(629, 559),
(629, 558),
(629, 764),
(629, 1205),
(629, 730),
(629, 1295),
(630, 1159),
(630, 640),
(630, 850),
(630, 1149),
(630, 1222),
(630, 937),
(630, 708),
(630, 340),
(630, 485),
(630, 348),
(631, 528),
(631, 547),
(631, 539),
(631, 472),
(631, 828),
(631, 556),
(631, 1024),
(631, 761),
(631, 89),
(631, 151),
(632, 743),
(632, 399),
(632, 409),
(632, 108),
(632, 402),
(632, 407),
(632, 1617),
(632, 538),
(632, 406),
(632, 393),
(633, 743),
(633, 1200),
(633, 654),
(633, 538),
(633, 1192),
(633, 758),
(633, 1174),
(633, 690),
(633, 1115),
(633, 1164),
(634, 23),
(634, 24),
(634, 1495),
(634, 658),
(634, 2),
(634, 1050),
(634, 30),
(634, 22),
(634, 730),
(634, 197),
(635, 1142),
(635, 1634),
(635, 895),
(635, 243),
(635, 229),
(635, 70),
(635, 1635),
(635, 515),
(635, 23),
(635, 1637),
(636, 1480),
(636, 1142),
(636, 158),
(636, 1635),
(636, 243),
(636, 198),
(636, 1259),
(636, 1481),
(636, 1637),
(636, 1583),
(637, 1142),
(637, 515),
(637, 518),
(637, 226),
(637, 730),
(637, 1219),
(637, 1634),
(637, 1480),
(637, 229),
(637, 64),
(638, 1142),
(638, 518),
(638, 513),
(638, 515),
(638, 517),
(638, 510),
(638, 730),
(638, 519),
(638, 520),
(638, 211),
(639, 1461),
(639, 187),
(639, 658),
(639, 717),
(639, 1631),
(639, 710),
(639, 1648),
(639, 200),
(639, 202),
(639, 298),
(640, 1326),
(640, 419),
(640, 1222),
(640, 1159),
(640, 937),
(640, 891),
(640, 151),
(640, 1240),
(640, 708),
(640, 953),
(641, 70),
(641, 188),
(641, 22),
(641, 1142),
(641, 197),
(641, 1637),
(641, 30),
(641, 607),
(641, 243),
(641, 1065),
(642, 520),
(642, 1142),
(642, 70),
(642, 1347),
(642, 1218),
(642, 1638),
(642, 1135),
(642, 276),
(642, 1634),
(642, 1637),
(643, 513),
(643, 509),
(643, 515),
(643, 1142),
(643, 520),
(643, 1634),
(643, 518),
(643, 516),
(643, 514),
(643, 70),
(644, 243),
(644, 658),
(644, 1480),
(644, 24),
(644, 23),
(644, 198),
(644, 1065),
(644, 201),
(644, 189),
(644, 240),
(645, 511),
(645, 658),
(645, 243),
(645, 1142),
(645, 23),
(645, 1635),
(645, 559),
(645, 1481),
(645, 520),
(645, 198),
(646, 205),
(646, 1635),
(646, 658),
(646, 371),
(646, 203),
(646, 1460),
(646, 1631),
(646, 1050),
(646, 264),
(646, 24),
(647, 23),
(647, 379),
(647, 658),
(647, 1220),
(647, 187),
(647, 1461),
(647, 505),
(647, 1065),
(647, 1057),
(647, 1619),
(648, 67),
(648, 204),
(648, 238),
(648, 695),
(648, 248),
(648, 611),
(648, 1668),
(648, 190),
(648, 916),
(648, 949),
(649, 783),
(649, 238),
(649, 921),
(649, 941),
(649, 784),
(649, 233),
(649, 221),
(649, 1044),
(649, 932),
(649, 822),
(650, 236),
(650, 820),
(650, 707),
(650, 1065),
(650, 71),
(650, 575),
(650, 1046),
(650, 606),
(650, 188),
(650, 1300),
(651, 730),
(651, 1618),
(651, 246),
(651, 228),
(651, 722),
(651, 723),
(651, 836),
(651, 140),
(651, 711),
(651, 226),
(652, 711),
(652, 291),
(652, 293),
(652, 1436),
(652, 840),
(652, 369),
(652, 836),
(652, 1473),
(652, 199),
(652, 234),
(653, 711),
(653, 1381),
(653, 836),
(653, 369),
(653, 840),
(653, 1494),
(653, 730),
(653, 253),
(653, 677),
(653, 1343),
(654, 533),
(654, 729),
(654, 1037),
(654, 974),
(654, 1065),
(654, 633),
(654, 721),
(654, 836),
(654, 606),
(654, 711),
(655, 140),
(655, 137),
(655, 58),
(655, 713),
(655, 776),
(655, 199),
(655, 717),
(655, 1494),
(655, 135),
(655, 1658),
(656, 711),
(656, 1342),
(656, 840),
(656, 719),
(656, 836),
(656, 709),
(656, 730),
(656, 725),
(656, 1341),
(656, 291),
(657, 501),
(657, 504),
(657, 639),
(657, 199),
(657, 187),
(657, 1461),
(657, 836),
(657, 115),
(657, 406),
(657, 785),
(658, 198),
(658, 639),
(658, 1461),
(658, 187),
(658, 715),
(658, 645),
(658, 1352),
(658, 717),
(658, 200),
(658, 243),
(659, 199),
(659, 639),
(659, 717),
(659, 187),
(659, 1461),
(659, 501),
(659, 1188),
(659, 777),
(659, 384),
(659, 1156),
(660, 711),
(660, 836),
(660, 840),
(660, 713),
(660, 1381),
(660, 244),
(660, 730),
(660, 246),
(660, 1494),
(660, 116),
(661, 477),
(661, 24),
(661, 133),
(661, 85),
(661, 199),
(661, 1057),
(661, 299),
(661, 526),
(661, 201),
(661, 198),
(662, 686),
(662, 706),
(662, 244),
(662, 1227),
(662, 723),
(662, 1058),
(662, 776),
(662, 730),
(662, 1343),
(662, 1301),
(663, 800),
(663, 1058),
(663, 1090),
(663, 628),
(663, 350),
(663, 1051),
(663, 835),
(663, 118),
(663, 464),
(663, 957),
(664, 534),
(664, 746),
(664, 133),
(664, 171),
(664, 696),
(664, 193),
(664, 1069),
(664, 173),
(664, 240),
(664, 202),
(665, 726),
(665, 107),
(665, 1340),
(665, 526),
(665, 126),
(665, 74),
(665, 182),
(665, 33),
(665, 180),
(665, 255),
(666, 1143),
(666, 981),
(666, 923),
(666, 462),
(666, 419),
(666, 1297),
(666, 531),
(666, 472),
(666, 987),
(666, 383),
(667, 244),
(667, 82),
(667, 628),
(667, 588),
(667, 1322),
(667, 777),
(667, 531),
(667, 1155),
(667, 1339),
(667, 957),
(668, 610),
(668, 525),
(668, 790),
(668, 454),
(668, 1262),
(668, 625),
(668, 589),
(668, 563),
(668, 89),
(668, 1024),
(669, 1536),
(669, 1364),
(669, 1537),
(669, 1522),
(669, 325),
(669, 1254),
(669, 610),
(669, 1226),
(669, 1493),
(669, 1399),
(670, 530),
(670, 524),
(670, 567),
(670, 523),
(670, 1081),
(670, 531),
(670, 930),
(670, 704),
(670, 693),
(670, 534),
(671, 821),
(671, 930),
(671, 531),
(671, 530),
(671, 1015),
(671, 1018),
(671, 947),
(671, 524),
(671, 1507),
(671, 493),
(672, 126),
(672, 1340),
(672, 1195),
(672, 253),
(672, 1350),
(672, 1232),
(672, 724),
(672, 1351),
(672, 1347),
(672, 1202),
(673, 1514),
(673, 1386),
(673, 520),
(673, 89),
(673, 677),
(673, 1448),
(673, 1515),
(673, 1052),
(673, 830),
(673, 1585),
(674, 577),
(674, 441),
(674, 1546),
(674, 955),
(674, 1154),
(674, 549),
(674, 1052),
(674, 619),
(674, 1345),
(674, 245),
(675, 844),
(675, 566),
(675, 1190),
(675, 1571),
(675, 418),
(675, 755),
(675, 1262),
(675, 491),
(675, 536),
(675, 34),
(676, 378),
(676, 766),
(676, 373),
(676, 622),
(676, 566),
(676, 1199),
(676, 587),
(676, 1395),
(676, 564),
(676, 1359),
(677, 79),
(677, 776),
(677, 1343),
(677, 627),
(677, 525),
(677, 730),
(677, 725),
(677, 1435),
(677, 929),
(677, 705),
(678, 725),
(678, 955),
(678, 937),
(678, 151),
(678, 953),
(678, 1435),
(678, 236),
(678, 542),
(678, 929),
(678, 1191),
(679, 776),
(679, 503),
(679, 777),
(679, 1343),
(679, 785),
(679, 717),
(679, 712),
(679, 1350),
(679, 228),
(679, 191),
(680, 712),
(680, 533),
(680, 79),
(680, 1508),
(680, 776),
(680, 84),
(680, 693),
(680, 156),
(680, 1343),
(680, 591),
(681, 203),
(681, 1343),
(681, 1649),
(681, 1461),
(681, 187),
(681, 658),
(681, 503),
(681, 776),
(681, 477),
(681, 717),
(682, 955),
(682, 730),
(682, 1343),
(682, 712),
(682, 674),
(682, 926),
(682, 1546),
(682, 1345),
(682, 658),
(682, 732),
(683, 776),
(683, 437),
(683, 1517),
(683, 368),
(683, 724),
(683, 591),
(683, 1343),
(683, 430),
(683, 786),
(683, 600),
(684, 712),
(684, 776),
(684, 533),
(684, 1343),
(684, 156),
(684, 79),
(684, 1508),
(684, 244),
(684, 84),
(684, 1227),
(685, 503),
(685, 713),
(685, 533),
(685, 776),
(685, 785),
(685, 591),
(685, 79),
(685, 1343),
(685, 1379),
(685, 712),
(686, 1343),
(686, 662),
(686, 712),
(686, 377),
(686, 1227),
(686, 730),
(686, 776),
(686, 955),
(686, 706),
(686, 714),
(687, 776),
(687, 503),
(687, 533),
(687, 79),
(687, 785),
(687, 712),
(687, 1262),
(687, 1194),
(687, 428),
(687, 1070),
(688, 788),
(688, 1247),
(688, 1313),
(688, 1353),
(688, 790),
(688, 1194),
(688, 230),
(688, 1315),
(688, 1136),
(688, 253),
(689, 1343),
(689, 1090),
(689, 861),
(689, 1058),
(689, 1126),
(689, 372),
(689, 1045),
(689, 674),
(689, 106),
(689, 874),
(690, 1018),
(690, 567),
(690, 746),
(690, 167),
(690, 190),
(690, 1069),
(690, 574),
(690, 1384),
(690, 571),
(690, 575),
(691, 575),
(691, 1078),
(691, 1262),
(691, 448),
(691, 193),
(691, 1663),
(691, 707),
(691, 1028),
(691, 1069),
(691, 485),
(692, 841),
(692, 1069),
(692, 1064),
(692, 171),
(692, 242),
(692, 1509),
(692, 1018),
(692, 1078),
(692, 1019),
(692, 193),
(693, 606),
(693, 84),
(693, 533),
(693, 228),
(693, 534),
(693, 609),
(693, 1508),
(693, 686),
(693, 614),
(693, 958),
(694, 113),
(694, 237),
(694, 443),
(694, 203),
(694, 161),
(694, 1186),
(694, 1262),
(694, 846),
(694, 1064),
(694, 171),
(695, 1255),
(695, 402),
(695, 108),
(695, 1617),
(695, 399),
(695, 1027),
(695, 1025),
(695, 247),
(695, 1067),
(695, 1006),
(696, 427),
(696, 118),
(696, 746),
(696, 474),
(696, 775),
(696, 774),
(696, 189),
(696, 238),
(696, 780),
(696, 1546),
(697, 803),
(697, 1014),
(697, 957),
(697, 867),
(697, 791),
(697, 175),
(697, 1315),
(697, 1286),
(697, 869),
(697, 928),
(698, 379),
(698, 1465),
(698, 674),
(698, 456),
(698, 1546),
(698, 906),
(698, 1071),
(698, 106),
(698, 1069),
(698, 240),
(699, 1625),
(699, 1071),
(699, 803),
(699, 1470),
(699, 999),
(699, 797),
(699, 906),
(699, 798),
(699, 971),
(699, 245),
(700, 746),
(700, 739),
(700, 752),
(700, 748),
(700, 1262),
(700, 751),
(700, 753),
(700, 745),
(700, 575),
(700, 738),
(701, 1663),
(701, 575),
(701, 1018),
(701, 746),
(701, 132),
(701, 1507),
(701, 238),
(701, 125),
(701, 567),
(701, 1384),
(702, 113),
(702, 237),
(702, 203),
(702, 443),
(702, 1262),
(702, 161),
(702, 1186),
(702, 1064),
(702, 171),
(702, 846),
(703, 1078),
(703, 118),
(703, 247),
(703, 1663),
(703, 193),
(703, 891),
(703, 575),
(703, 1025),
(703, 202),
(703, 189),
(704, 82),
(704, 497),
(704, 1018),
(704, 575),
(704, 1384),
(704, 110),
(704, 423),
(704, 1263),
(704, 46),
(704, 25),
(705, 201),
(705, 116),
(705, 1387),
(705, 211),
(705, 244),
(705, 731),
(705, 1519),
(705, 958),
(705, 736),
(705, 246),
(706, 201),
(706, 662),
(706, 116),
(706, 244),
(706, 686),
(706, 1387),
(706, 1494),
(706, 104),
(706, 19),
(706, 109),
(707, 236),
(707, 820),
(707, 1300),
(707, 575),
(707, 1078),
(707, 71),
(707, 923),
(707, 1446),
(707, 650),
(707, 1224),
(708, 151),
(708, 556),
(708, 942),
(708, 110),
(708, 250),
(708, 909),
(708, 953),
(708, 3),
(708, 772),
(708, 17),
(709, 1188),
(709, 116),
(709, 244),
(709, 498),
(709, 1343),
(709, 730),
(709, 201),
(709, 1180),
(709, 686),
(709, 736),
(710, 1461),
(710, 187),
(710, 1648),
(710, 778),
(710, 639),
(710, 777),
(710, 776),
(710, 1649),
(710, 658),
(710, 192),
(711, 653),
(711, 840),
(711, 660),
(711, 836),
(711, 656),
(711, 652),
(711, 246),
(711, 228),
(711, 369),
(711, 651),
(712, 270),
(712, 244),
(712, 684),
(712, 686),
(712, 591),
(712, 1227),
(712, 680),
(712, 590),
(712, 156),
(712, 682),
(713, 731),
(713, 1343),
(713, 244),
(713, 1387),
(713, 686),
(713, 1180),
(713, 201),
(713, 1381),
(713, 116),
(713, 685),
(714, 377),
(714, 564),
(714, 1344),
(714, 686),
(714, 879),
(714, 722),
(714, 378),
(714, 1352),
(714, 730),
(714, 1546),
(715, 246),
(715, 658),
(715, 200),
(715, 1188),
(715, 189),
(715, 1461),
(715, 187),
(715, 1387),
(715, 1631),
(715, 24),
(716, 1390),
(716, 201),
(716, 1391),
(716, 115),
(716, 109),
(716, 232),
(716, 114),
(716, 1392),
(716, 200),
(716, 188),
(717, 1461),
(717, 187),
(717, 777),
(717, 1648),
(717, 199),
(717, 776),
(717, 778),
(717, 658),
(717, 639),
(717, 1649),
(718, 201),
(718, 1494),
(718, 658),
(718, 686),
(718, 639),
(718, 1461),
(718, 187),
(718, 199),
(718, 244),
(718, 1631),
(719, 1350),
(719, 534),
(719, 116),
(719, 12),
(719, 244),
(719, 1188),
(719, 656),
(719, 591),
(719, 40),
(719, 296),
(720, 786),
(720, 1353),
(720, 1348),
(720, 1237),
(720, 679),
(720, 228),
(720, 660),
(720, 651),
(720, 776),
(720, 724),
(721, 398),
(721, 408),
(721, 1645),
(721, 1037),
(721, 396),
(721, 241),
(721, 938),
(721, 246),
(721, 654),
(721, 189),
(722, 1355),
(722, 1345),
(722, 64),
(722, 714),
(722, 879),
(722, 226),
(722, 1362),
(722, 886),
(722, 377),
(722, 1344),
(723, 30),
(723, 662),
(723, 246),
(723, 228),
(723, 958),
(723, 651),
(723, 156),
(723, 836),
(723, 712),
(723, 1343),
(724, 1343),
(724, 220),
(724, 591),
(724, 1399),
(724, 126),
(724, 672),
(724, 1349),
(724, 782),
(724, 244),
(724, 776),
(725, 1345),
(725, 64),
(725, 981),
(725, 563),
(725, 1341),
(725, 1435),
(725, 886),
(725, 1352),
(725, 1154),
(725, 1408),
(726, 24),
(726, 446),
(726, 234),
(726, 1494),
(726, 665),
(726, 30),
(726, 3),
(726, 106),
(726, 786),
(726, 559),
(727, 1491),
(727, 1180),
(727, 1344),
(727, 696),
(727, 775),
(727, 475),
(727, 681),
(727, 196),
(727, 1539),
(727, 1343),
(728, 775),
(728, 220),
(728, 782),
(728, 780),
(728, 707),
(728, 774),
(728, 1224),
(728, 709),
(728, 211),
(728, 1349),
(729, 782),
(729, 244),
(729, 1343),
(729, 1188),
(729, 30),
(729, 156),
(729, 958),
(729, 246),
(729, 775),
(729, 930),
(730, 1343),
(730, 226),
(730, 1398),
(730, 879),
(730, 519),
(730, 686),
(730, 1171),
(730, 1345),
(730, 1495),
(730, 1381),
(731, 713),
(731, 705),
(731, 201),
(731, 1387),
(731, 1180),
(731, 1343),
(731, 1381),
(731, 712),
(731, 84),
(731, 709),
(732, 1343),
(732, 519),
(732, 1381),
(732, 686),
(732, 1332),
(732, 1349),
(732, 283),
(732, 253),
(732, 689),
(732, 1352),
(733, 211),
(733, 1007),
(733, 707),
(733, 220),
(733, 30),
(733, 606),
(733, 21),
(733, 216),
(733, 116),
(733, 1188),
(734, 930),
(734, 1645),
(734, 938),
(734, 775),
(734, 241),
(734, 1123),
(734, 1330),
(734, 774),
(734, 853),
(734, 978),
(735, 30),
(735, 782),
(735, 1180),
(735, 958),
(735, 1343),
(735, 1349),
(735, 713),
(735, 1491),
(735, 712),
(735, 246),
(736, 705),
(736, 220),
(736, 709),
(736, 201),
(736, 244),
(736, 30),
(736, 958),
(736, 713),
(736, 1180),
(736, 211),
(737, 1244),
(737, 1226),
(737, 845),
(737, 101),
(737, 327),
(737, 1152),
(737, 693),
(737, 528),
(737, 700),
(737, 27),
(738, 843),
(738, 975),
(738, 448),
(738, 575),
(738, 700),
(738, 1600),
(738, 528),
(738, 889),
(738, 338),
(738, 97),
(739, 700),
(739, 1024),
(739, 1148),
(739, 625),
(739, 240),
(739, 1546),
(739, 179),
(739, 696),
(739, 17),
(739, 1191),
(740, 1157),
(740, 280),
(740, 38),
(740, 852),
(740, 947),
(740, 474),
(740, 759),
(740, 535),
(740, 1274),
(740, 630),
(741, 1158),
(741, 567),
(741, 538),
(741, 690),
(741, 1197),
(741, 1174),
(741, 1169),
(741, 1176),
(741, 947),
(741, 887),
(742, 700),
(742, 758),
(742, 345),
(742, 342),
(742, 759),
(742, 1568),
(742, 1285),
(742, 1294),
(742, 1230),
(742, 1413),
(743, 1197),
(743, 1629),
(743, 633),
(743, 194),
(743, 632),
(743, 893),
(743, 922),
(743, 1192),
(743, 1100),
(743, 1039),
(744, 1251),
(744, 1603),
(744, 235),
(744, 1069),
(744, 562),
(744, 1361),
(744, 1258),
(744, 1608),
(744, 186),
(744, 1250),
(745, 700),
(745, 567),
(745, 1134),
(745, 1115),
(745, 758),
(745, 538),
(745, 690),
(745, 768),
(745, 1372),
(745, 1018),
(746, 696),
(746, 700),
(746, 118),
(746, 427),
(746, 690),
(746, 775),
(746, 664),
(746, 780),
(746, 240),
(746, 189),
(747, 233),
(747, 1158),
(747, 921),
(747, 1163),
(747, 221),
(747, 947),
(747, 758),
(747, 474),
(747, 1044),
(747, 1023),
(748, 1024),
(748, 1148),
(748, 589),
(748, 179),
(748, 625),
(748, 1230),
(748, 725),
(748, 556),
(748, 151),
(748, 296),
(749, 233),
(749, 1198),
(749, 1158),
(749, 221),
(749, 1023),
(749, 567),
(749, 474),
(749, 947),
(749, 1197),
(749, 410),
(750, 758),
(750, 567),
(750, 1507),
(750, 238),
(750, 759),
(750, 1018),
(750, 690),
(750, 932),
(750, 900),
(750, 1647),
(751, 573),
(751, 575),
(751, 574),
(751, 1385),
(751, 448),
(751, 1373),
(751, 926),
(751, 446),
(751, 1111),
(751, 700),
(752, 573),
(752, 700),
(752, 574),
(752, 1385),
(752, 446),
(752, 690),
(752, 448),
(752, 846),
(752, 1509),
(752, 834),
(753, 1608),
(753, 700),
(753, 465),
(753, 528),
(753, 626),
(753, 761),
(753, 1285),
(753, 568),
(753, 1024),
(753, 1546),
(754, 900),
(754, 700),
(754, 293),
(754, 538),
(754, 567),
(754, 947),
(754, 132),
(754, 38),
(754, 280),
(754, 1123),
(755, 1608),
(755, 27),
(755, 700),
(755, 1282),
(755, 534),
(755, 704),
(755, 275),
(755, 60),
(755, 473),
(755, 1),
(756, 632),
(756, 1197),
(756, 567),
(756, 1164),
(756, 194),
(756, 944),
(756, 633),
(756, 399),
(756, 1192),
(756, 538),
(757, 1192),
(757, 1158),
(757, 1197),
(757, 567),
(757, 690),
(757, 865),
(757, 1174),
(757, 633),
(757, 1162),
(757, 1163),
(758, 1240),
(758, 474),
(758, 750),
(758, 696),
(758, 1023),
(758, 118),
(758, 238),
(758, 1018),
(758, 941),
(758, 248),
(759, 750),
(759, 474),
(759, 1002),
(759, 1274),
(759, 493),
(759, 537),
(759, 740),
(759, 459),
(759, 1236),
(759, 345),
(760, 543),
(760, 1603),
(760, 1472),
(760, 1432),
(760, 1374),
(760, 1358),
(760, 1528),
(760, 1607),
(760, 1361),
(760, 1354),
(761, 1185),
(761, 631),
(761, 151),
(761, 620),
(761, 640),
(761, 1149),
(761, 1024),
(761, 809),
(761, 708),
(761, 589),
(762, 1456),
(762, 626),
(762, 1654),
(762, 1515),
(762, 1546),
(762, 375),
(762, 378),
(762, 511),
(762, 1399),
(762, 1565),
(763, 631),
(763, 353),
(763, 1411),
(763, 1553),
(763, 595),
(763, 624),
(763, 354),
(763, 1358),
(763, 1552),
(763, 1275),
(764, 379),
(764, 1193),
(764, 1229),
(764, 378),
(764, 879),
(764, 314),
(764, 1546),
(764, 730),
(764, 698),
(764, 64),
(765, 1169),
(765, 567),
(765, 1174),
(765, 1176),
(765, 900),
(765, 696),
(765, 932),
(765, 941),
(765, 73),
(765, 397),
(766, 1395),
(766, 676),
(766, 1628),
(766, 1503),
(766, 1585),
(766, 6),
(766, 541),
(766, 1362),
(766, 1442),
(766, 1643),
(767, 428),
(767, 1076),
(767, 1166),
(767, 69),
(767, 1177),
(767, 623),
(767, 555),
(767, 1312),
(767, 1290),
(767, 1250),
(768, 696),
(768, 132),
(768, 900),
(768, 941),
(768, 523),
(768, 1176),
(768, 568),
(768, 567),
(768, 1018),
(768, 1284),
(769, 1159),
(769, 624),
(769, 1024),
(769, 1514),
(769, 625),
(769, 542),
(769, 620),
(769, 556),
(769, 937),
(769, 1395),
(770, 373),
(770, 375),
(770, 378),
(770, 1126),
(770, 372),
(770, 309),
(770, 13),
(770, 370),
(770, 379),
(770, 874),
(771, 1076),
(771, 362),
(771, 1546),
(771, 587),
(771, 453),
(771, 1199),
(771, 334),
(771, 101),
(771, 428),
(771, 372),
(772, 196),
(772, 937),
(772, 708),
(772, 454),
(772, 151),
(772, 28),
(772, 929),
(772, 953),
(772, 296),
(772, 1028),
(773, 168),
(773, 930),
(773, 1647),
(773, 900),
(773, 935),
(773, 936),
(773, 894),
(773, 1645),
(773, 970),
(773, 1043),
(774, 930),
(774, 696),
(774, 168),
(774, 189),
(774, 1647),
(774, 938),
(774, 1645),
(774, 1096),
(774, 474),
(774, 196),
(775, 930),
(775, 696),
(775, 168),
(775, 361),
(775, 383),
(775, 1490),
(775, 196),
(775, 189),
(775, 728),
(775, 746),
(776, 717),
(776, 679),
(776, 710),
(776, 686),
(776, 1343),
(776, 244),
(776, 681),
(776, 1461),
(776, 187),
(776, 1649),
(777, 717),
(777, 1648),
(777, 710),
(777, 1461),
(777, 187),
(777, 199),
(777, 1647),
(777, 191),
(777, 679),
(777, 168),
(778, 187),
(778, 1461),
(778, 710),
(778, 717),
(778, 192),
(778, 1648),
(778, 639),
(778, 199),
(778, 314),
(778, 501),
(779, 941),
(779, 196),
(779, 1647),
(779, 940),
(779, 930),
(779, 947),
(779, 945),
(779, 937),
(779, 1061),
(779, 168),
(780, 930),
(780, 696),
(780, 168),
(780, 383),
(780, 249),
(780, 118),
(780, 707),
(780, 746),
(780, 361),
(780, 196),
(781, 930),
(781, 168),
(781, 937),
(781, 1249),
(781, 1208),
(781, 1262),
(781, 915),
(781, 1491),
(781, 1051),
(781, 1446),
(782, 729),
(782, 1349),
(782, 1343),
(782, 735),
(782, 724),
(782, 1188),
(782, 244),
(782, 1215),
(782, 728),
(782, 1491),
(783, 941),
(783, 1647),
(783, 940),
(783, 649),
(783, 717),
(783, 199),
(783, 238),
(783, 168),
(783, 1030),
(783, 239),
(784, 930),
(784, 941),
(784, 1647),
(784, 940),
(784, 947),
(784, 938),
(784, 1098),
(784, 935),
(784, 474),
(784, 1096),
(785, 717),
(785, 1461),
(785, 187),
(785, 686),
(785, 1648),
(785, 679),
(785, 1343),
(785, 710),
(785, 192),
(785, 689),
(786, 437),
(786, 1353),
(786, 430),
(786, 1077),
(786, 255),
(786, 581),
(786, 559),
(786, 253),
(786, 726),
(786, 234),
(787, 430),
(787, 1077),
(787, 437),
(787, 255),
(787, 559),
(787, 475),
(787, 378),
(787, 69),
(787, 581),
(787, 104),
(788, 688),
(788, 1353),
(788, 1313),
(788, 95),
(788, 1247),
(788, 230),
(788, 253),
(788, 437),
(788, 1194),
(788, 487),
(789, 88),
(789, 209),
(789, 146),
(789, 460),
(789, 1290),
(789, 1145),
(789, 1241),
(789, 497),
(789, 423),
(789, 576),
(790, 1247),
(790, 454),
(790, 1353),
(790, 1194),
(790, 1195),
(790, 487),
(790, 559),
(790, 283),
(790, 1142),
(790, 92),
(791, 1048),
(791, 1054),
(791, 906),
(791, 1589),
(791, 697),
(791, 1377),
(791, 1464),
(791, 1591),
(791, 839),
(791, 854),
(792, 1055),
(792, 904),
(792, 902),
(792, 806),
(792, 994),
(792, 987),
(792, 871),
(792, 1048),
(792, 854),
(792, 991),
(793, 1053),
(793, 987),
(793, 383),
(793, 1333),
(793, 1187),
(793, 981),
(793, 1058),
(793, 462),
(793, 1031),
(793, 697),
(794, 854),
(794, 871),
(794, 1055),
(794, 1589),
(794, 994),
(794, 1054),
(794, 1048),
(794, 1591),
(794, 902),
(794, 824),
(795, 1055),
(795, 562),
(795, 854),
(795, 555),
(795, 122),
(795, 27),
(795, 77),
(795, 1256),
(795, 83),
(795, 1417),
(796, 324),
(796, 1049),
(796, 1152),
(796, 1137),
(796, 917),
(796, 1002),
(796, 697),
(796, 362),
(796, 1118),
(796, 345),
(797, 906),
(797, 1064),
(797, 1048),
(797, 1589),
(797, 1054),
(797, 697),
(797, 994),
(797, 854),
(797, 902),
(797, 1591),
(798, 1048),
(798, 1054),
(798, 1589),
(798, 906),
(798, 854),
(798, 1464),
(798, 1055),
(798, 994),
(798, 902),
(798, 871),
(799, 1055),
(799, 854),
(799, 904),
(799, 871),
(799, 1048),
(799, 1054),
(799, 994),
(799, 881),
(799, 1049),
(799, 992),
(800, 1058),
(800, 1090),
(800, 1049),
(800, 1126),
(800, 861),
(800, 874),
(800, 663),
(800, 988),
(800, 674),
(800, 973),
(801, 1001),
(801, 49),
(801, 1379),
(801, 8),
(801, 947),
(801, 932),
(801, 1333),
(801, 950),
(801, 1084),
(801, 994),
(802, 1002),
(802, 1319),
(802, 1226),
(802, 435),
(802, 1467),
(802, 1244),
(802, 1422),
(802, 828),
(802, 584),
(802, 324),
(803, 697),
(803, 957),
(803, 1286),
(803, 1014),
(803, 1082),
(803, 1072),
(803, 867),
(803, 897),
(803, 320),
(803, 928),
(804, 863),
(804, 1112),
(804, 877),
(804, 848),
(804, 818),
(804, 1033),
(804, 1079),
(804, 1120),
(804, 870),
(804, 884),
(805, 885),
(805, 872),
(805, 878),
(805, 853),
(805, 831),
(805, 1115),
(805, 857),
(805, 1080),
(805, 1042),
(805, 821),
(806, 860),
(806, 854),
(806, 1591),
(806, 994),
(806, 1122),
(806, 871),
(806, 998),
(806, 1131),
(806, 824),
(806, 792),
(807, 1122),
(807, 865),
(807, 852),
(807, 831),
(807, 1088),
(807, 1114),
(807, 1080),
(807, 1115),
(807, 1089),
(807, 821),
(808, 830),
(808, 1121),
(808, 1081),
(808, 1120),
(808, 1112),
(808, 819),
(808, 826),
(808, 1041),
(808, 1052),
(808, 818),
(809, 819),
(809, 830),
(809, 850),
(809, 868),
(809, 828),
(809, 151),
(809, 1052),
(809, 951),
(809, 539),
(809, 953),
(810, 1089),
(810, 1052),
(810, 1124),
(810, 852),
(810, 1117),
(810, 830),
(810, 383),
(810, 1088),
(810, 861),
(810, 1125),
(811, 870),
(811, 1120),
(811, 884),
(811, 856),
(811, 826),
(811, 1041),
(811, 1112),
(811, 863),
(811, 877),
(811, 848),
(812, 872),
(812, 885),
(812, 878),
(812, 857),
(812, 853),
(812, 1115),
(812, 831),
(812, 866),
(812, 1080),
(812, 1042),
(813, 830),
(813, 886),
(813, 1038),
(813, 151),
(813, 955),
(813, 1086),
(813, 819),
(813, 951),
(813, 1052),
(813, 828),
(814, 865),
(814, 872),
(814, 885),
(814, 1115),
(814, 831),
(814, 853),
(814, 1080),
(814, 1042),
(814, 852),
(814, 857),
(815, 885),
(815, 858),
(815, 866),
(815, 878),
(815, 825),
(815, 872),
(815, 830),
(815, 952),
(815, 1087),
(815, 853),
(816, 867),
(816, 1125),
(816, 851),
(816, 879),
(816, 1126),
(816, 1082),
(816, 827),
(816, 869),
(816, 928),
(816, 861),
(817, 862),
(817, 890),
(817, 1119),
(817, 876),
(817, 1084),
(817, 918),
(817, 227),
(817, 1133),
(817, 396),
(817, 1027),
(818, 1033),
(818, 1112),
(818, 863),
(818, 804),
(818, 848),
(818, 877),
(818, 1079),
(818, 1041),
(818, 1120),
(818, 811),
(819, 1046),
(819, 850),
(819, 1052),
(819, 809),
(819, 151),
(819, 953),
(819, 813),
(819, 951),
(819, 383),
(819, 1448),
(820, 236),
(820, 707),
(820, 1300),
(820, 575),
(820, 650),
(820, 1655),
(820, 923),
(820, 1046),
(820, 71),
(820, 1078),
(821, 1080),
(821, 1042),
(821, 1034),
(821, 1114),
(821, 853),
(821, 805),
(821, 857),
(821, 1116),
(821, 1115),
(821, 887),
(822, 947),
(822, 921),
(822, 883),
(822, 887),
(822, 233),
(822, 864),
(822, 865),
(822, 1124),
(822, 238),
(822, 1006),
(823, 1035),
(823, 1219),
(823, 588),
(823, 589),
(823, 1038),
(823, 381),
(823, 1052),
(823, 1378),
(823, 1410),
(823, 549),
(824, 855),
(824, 875),
(824, 880),
(824, 1047),
(824, 794),
(824, 806),
(824, 1333),
(824, 854),
(824, 886),
(824, 1117),
(825, 1083),
(825, 1091),
(825, 1043),
(825, 1036),
(825, 872),
(825, 1087),
(825, 813),
(825, 815),
(825, 967),
(825, 866),
(826, 1041),
(826, 1120),
(826, 870),
(826, 811),
(826, 856),
(826, 884),
(826, 1085),
(826, 1033),
(826, 1112),
(826, 863),
(827, 1045),
(827, 1090),
(827, 1126),
(827, 861),
(827, 874),
(827, 867),
(827, 1082),
(827, 957),
(827, 1058),
(827, 1049),
(828, 927),
(828, 1222),
(828, 610),
(828, 899),
(828, 631),
(828, 1052),
(828, 813),
(828, 507),
(828, 577),
(828, 1130),
(829, 1037),
(829, 1117),
(829, 1465),
(829, 1115),
(829, 547),
(829, 1052),
(829, 872),
(829, 1658),
(829, 1652),
(829, 1631),
(830, 813),
(830, 1052),
(830, 850),
(830, 811),
(830, 809),
(830, 1448),
(830, 804),
(830, 924),
(830, 383),
(830, 1035),
(831, 1115),
(831, 1080),
(831, 853),
(831, 805),
(831, 1042),
(831, 872),
(831, 1034),
(831, 885),
(831, 857),
(831, 1116),
(832, 1040),
(832, 1113),
(832, 888),
(832, 1002),
(832, 807),
(832, 1121),
(832, 917),
(832, 1088),
(832, 887),
(832, 1081),
(833, 912),
(833, 1064),
(833, 1070),
(833, 1062),
(833, 970),
(833, 1250),
(833, 920),
(833, 175),
(833, 791),
(833, 914),
(834, 926),
(834, 446),
(834, 1070),
(834, 1064),
(834, 674),
(834, 1052),
(834, 1345),
(834, 1465),
(834, 1111),
(834, 827),
(835, 1372),
(835, 896),
(835, 891),
(835, 927),
(835, 419),
(835, 899),
(835, 189),
(835, 916),
(835, 663),
(835, 118),
(836, 711),
(836, 246),
(836, 660),
(836, 651),
(836, 228),
(836, 723),
(836, 895),
(836, 656),
(836, 156),
(836, 533),
(837, 403),
(837, 108),
(837, 876),
(837, 393),
(837, 394),
(837, 521),
(837, 1505),
(837, 1119),
(837, 1084),
(837, 1027),
(838, 912),
(838, 970),
(838, 1064),
(838, 1062),
(838, 1250),
(838, 1070),
(838, 175),
(838, 920),
(838, 914),
(838, 1071),
(839, 1064),
(839, 1062),
(839, 1250),
(839, 1070),
(839, 1071),
(839, 970),
(839, 912),
(839, 175),
(839, 936),
(839, 1069),
(840, 711),
(840, 246),
(840, 926),
(840, 656),
(840, 922),
(840, 369),
(840, 660),
(840, 974),
(840, 920),
(840, 912),
(841, 1064),
(841, 1069),
(841, 692),
(841, 1111),
(841, 1019),
(841, 1070),
(841, 371),
(841, 242),
(841, 1250),
(841, 1018),
(842, 1063),
(842, 1215),
(842, 120),
(842, 267),
(842, 1071),
(842, 36),
(842, 364),
(842, 456),
(842, 1572),
(842, 540),
(843, 975),
(843, 738),
(843, 889),
(843, 448),
(843, 849),
(843, 923),
(843, 18),
(843, 711),
(843, 926),
(843, 707),
(844, 435),
(844, 1077),
(844, 1061),
(844, 40),
(844, 975),
(844, 913),
(844, 920),
(844, 1004),
(844, 675),
(844, 889),
(845, 101),
(845, 1322),
(845, 334),
(845, 435),
(845, 1076),
(845, 1320),
(845, 618),
(845, 327),
(845, 1152),
(845, 1137),
(846, 1077),
(846, 1249),
(846, 161),
(846, 1262),
(846, 1064),
(846, 113),
(846, 1070),
(846, 913),
(846, 475),
(846, 694),
(847, 912),
(847, 1064),
(847, 175),
(847, 970),
(847, 1062),
(847, 1250),
(847, 920),
(847, 1127),
(847, 1129),
(847, 179),
(848, 863),
(848, 877),
(848, 1112),
(848, 804),
(848, 818),
(848, 884),
(848, 870),
(848, 1033),
(848, 1079),
(848, 1120),
(849, 1044),
(849, 975),
(849, 889),
(849, 821),
(849, 1114),
(849, 828),
(849, 831),
(849, 805),
(849, 883),
(849, 1126),
(850, 819),
(850, 1052),
(850, 830),
(850, 809),
(850, 953),
(850, 1035),
(850, 1081),
(850, 864),
(850, 1046),
(850, 383),
(851, 869),
(851, 1125),
(851, 928),
(851, 816),
(851, 867),
(851, 897),
(851, 917),
(851, 879),
(851, 809),
(851, 1082),
(852, 865),
(852, 807),
(852, 1123),
(852, 888),
(852, 1088),
(852, 810),
(852, 1080),
(852, 814),
(852, 1114),
(852, 1018),
(853, 1115),
(853, 831),
(853, 1080),
(853, 805),
(853, 872),
(853, 1114),
(853, 812),
(853, 821),
(853, 885),
(853, 1042),
(854, 871),
(854, 794),
(854, 1055),
(854, 806),
(854, 1054),
(854, 1464),
(854, 795),
(854, 798),
(854, 562),
(854, 1377),
(855, 824),
(855, 1047),
(855, 880),
(855, 875),
(855, 996),
(855, 1333),
(855, 794),
(855, 1255),
(855, 806),
(855, 990),
(856, 870),
(856, 884),
(856, 1120),
(856, 811),
(856, 826),
(856, 863),
(856, 877),
(856, 1041),
(856, 1085),
(856, 1112),
(857, 872),
(857, 805),
(857, 1080),
(857, 812),
(857, 885),
(857, 831),
(857, 1042),
(857, 1115),
(857, 821),
(857, 1034),
(858, 952),
(858, 956),
(858, 873),
(858, 815),
(858, 1087),
(858, 1083),
(858, 1091),
(858, 963),
(858, 1043),
(858, 825),
(859, 883),
(859, 878),
(859, 885),
(859, 974),
(859, 922),
(859, 1080),
(859, 1037),
(859, 1030),
(859, 921),
(859, 831),
(860, 806),
(860, 1591),
(860, 886),
(860, 871),
(860, 994),
(860, 824),
(860, 998),
(860, 245),
(860, 1117),
(860, 381),
(861, 874),
(861, 1126),
(861, 1090),
(861, 827),
(861, 1045),
(861, 1058),
(861, 867),
(861, 1049),
(861, 1052),
(861, 1082),
(862, 890),
(862, 817),
(862, 876),
(862, 1084),
(862, 1119),
(862, 918),
(862, 396),
(862, 1027),
(862, 907),
(862, 241),
(863, 848),
(863, 877),
(863, 1112),
(863, 804),
(863, 818),
(863, 1033),
(863, 856),
(863, 884),
(863, 1079),
(863, 1120),
(864, 887),
(864, 1121),
(864, 1114),
(864, 1081),
(864, 850),
(864, 888),
(864, 1115),
(864, 831),
(864, 1080),
(864, 883),
(865, 852),
(865, 883),
(865, 1115),
(865, 814),
(865, 1080),
(865, 831),
(865, 887),
(865, 807),
(865, 537),
(865, 538),
(866, 812),
(866, 805),
(866, 815),
(866, 857),
(866, 1036),
(866, 1087),
(866, 1043),
(866, 825),
(866, 885),
(866, 1083),
(867, 827),
(867, 1082),
(867, 1125),
(867, 1126),
(867, 861),
(867, 1045),
(867, 1090),
(867, 928),
(867, 1089),
(867, 697),
(868, 899),
(868, 879),
(868, 927),
(868, 454),
(868, 809),
(868, 151),
(868, 610),
(868, 828),
(868, 577),
(868, 355),
(869, 851),
(869, 1125),
(869, 928),
(869, 1239),
(869, 897),
(869, 1238),
(869, 957),
(869, 697),
(869, 1206),
(869, 1082),
(870, 856),
(870, 884),
(870, 1120),
(870, 811),
(870, 826),
(870, 1041),
(870, 848),
(870, 877),
(870, 1085),
(870, 1112),
(871, 854),
(871, 794),
(871, 1055),
(871, 1054),
(871, 1122),
(871, 806),
(871, 1464),
(871, 798),
(871, 1048),
(871, 994),
(872, 805),
(872, 812),
(872, 857),
(872, 1115),
(872, 853),
(872, 831),
(872, 885),
(872, 1080),
(872, 1042),
(872, 814),
(873, 858),
(873, 963),
(873, 61),
(873, 818),
(873, 877),
(873, 1033),
(873, 815),
(873, 1079),
(873, 906),
(873, 308),
(874, 1126),
(874, 861),
(874, 1090),
(874, 827),
(874, 1045),
(874, 1058),
(874, 1049),
(874, 879),
(874, 598),
(874, 800),
(875, 824),
(875, 880),
(875, 855),
(875, 854),
(875, 886),
(875, 794),
(875, 894),
(875, 806),
(875, 1031),
(875, 1049),
(876, 1119),
(876, 890),
(876, 817),
(876, 1084),
(876, 862),
(876, 1027),
(876, 403),
(876, 918),
(876, 394),
(876, 227),
(877, 863),
(877, 848),
(877, 1112),
(877, 804),
(877, 818),
(877, 856),
(877, 1033),
(877, 870),
(877, 1079),
(877, 811),
(878, 805),
(878, 812),
(878, 910),
(878, 919),
(878, 857),
(878, 815),
(878, 831),
(878, 872),
(878, 853),
(878, 916),
(879, 549),
(879, 1277),
(879, 1465),
(879, 1345),
(879, 730),
(879, 577),
(879, 827),
(879, 379),
(879, 1058),
(879, 1052),
(880, 855),
(880, 875),
(880, 824),
(880, 1333),
(880, 990),
(880, 118),
(880, 1593),
(880, 1047),
(880, 696),
(880, 383),
(881, 917),
(881, 1125),
(881, 848),
(881, 804),
(881, 863),
(881, 1118),
(881, 1048),
(881, 1079),
(881, 1112),
(881, 928),
(882, 1410),
(882, 947),
(882, 640),
(882, 1579),
(882, 531),
(882, 52),
(882, 1326),
(882, 151),
(882, 927),
(882, 850),
(883, 865),
(883, 947),
(883, 1006),
(883, 921),
(883, 948),
(883, 950),
(883, 864),
(883, 831),
(883, 822),
(883, 859),
(884, 856),
(884, 870),
(884, 1120),
(884, 811),
(884, 848),
(884, 826),
(884, 863),
(884, 1041),
(884, 1085),
(884, 1112),
(885, 805),
(885, 812),
(885, 1115),
(885, 831),
(885, 857),
(885, 872),
(885, 853),
(885, 815),
(885, 1080),
(885, 814),
(886, 1465),
(886, 1052),
(886, 955),
(886, 926),
(886, 813),
(886, 1277),
(886, 1038),
(886, 924),
(886, 981),
(886, 725),
(887, 864),
(887, 1080),
(887, 865),
(887, 821),
(887, 1393),
(887, 947),
(887, 1115),
(887, 831),
(887, 1042),
(887, 950),
(888, 481),
(888, 864),
(888, 1121),
(888, 852),
(888, 865),
(888, 950),
(888, 850),
(888, 832),
(888, 474),
(888, 927),
(889, 849),
(889, 975),
(889, 843),
(889, 921),
(889, 244),
(889, 1044),
(889, 1006),
(889, 928),
(889, 1126),
(889, 827),
(890, 862),
(890, 876),
(890, 817),
(890, 1084),
(890, 1119),
(890, 918),
(890, 1027),
(890, 403),
(890, 1133),
(890, 227),
(891, 71),
(891, 236),
(891, 703),
(891, 640),
(891, 707),
(891, 1240),
(891, 835),
(891, 1078),
(891, 820),
(891, 1046),
(892, 291),
(892, 1462),
(892, 1459),
(892, 1117),
(892, 1619),
(892, 369),
(892, 1632),
(892, 1375),
(892, 840),
(892, 298),
(893, 938),
(893, 194),
(893, 1100),
(893, 932),
(893, 922),
(893, 1007),
(893, 1006),
(893, 189),
(893, 948),
(893, 1197),
(894, 1055),
(894, 1332),
(894, 976),
(894, 773),
(894, 987),
(894, 960),
(894, 1333),
(894, 973),
(894, 1470),
(894, 990),
(895, 635),
(895, 1007),
(895, 973),
(895, 317),
(895, 189),
(895, 309),
(895, 836),
(895, 840),
(895, 1117),
(895, 777),
(896, 910),
(896, 835),
(896, 1326),
(896, 1098),
(896, 1010),
(896, 970),
(896, 1332),
(896, 938),
(896, 1323),
(896, 1204),
(897, 869),
(897, 928),
(897, 1125),
(897, 1049),
(897, 917),
(897, 957),
(897, 851),
(897, 697),
(897, 803),
(897, 230),
(898, 108),
(898, 241),
(898, 1255),
(898, 1067),
(898, 1133),
(898, 392),
(898, 402),
(898, 521),
(898, 396),
(898, 401),
(899, 927),
(899, 454),
(899, 868),
(899, 828),
(899, 1326),
(899, 487),
(899, 151),
(899, 457),
(899, 1332),
(899, 790),
(900, 754),
(900, 938),
(900, 773),
(900, 1647),
(900, 930),
(900, 947),
(900, 941),
(900, 940),
(900, 932),
(900, 939),
(901, 232),
(901, 648),
(901, 276),
(901, 213),
(901, 233),
(901, 98),
(901, 204),
(901, 115),
(901, 230),
(901, 950),
(902, 1054),
(902, 994),
(902, 798),
(902, 792),
(902, 1591),
(902, 794),
(902, 1048),
(902, 314),
(902, 791),
(902, 1031),
(903, 1051),
(903, 880),
(903, 1031),
(903, 970),
(903, 875),
(903, 961),
(903, 886),
(903, 1050),
(903, 987),
(903, 1298),
(904, 792),
(904, 1055),
(904, 799),
(904, 818),
(904, 1054),
(904, 1079),
(904, 877),
(904, 871),
(904, 884),
(904, 804),
(905, 928),
(905, 869),
(905, 1125),
(905, 957),
(905, 1049),
(905, 697),
(905, 827),
(905, 917),
(905, 914),
(905, 1014),
(906, 1048),
(906, 1014),
(906, 791),
(906, 798),
(906, 1054),
(906, 1305),
(906, 797),
(906, 1064),
(906, 291),
(906, 1250),
(907, 241),
(907, 396),
(907, 408),
(907, 397),
(907, 1084),
(907, 1255),
(907, 108),
(907, 398),
(907, 862),
(907, 1119),
(908, 1255),
(908, 93),
(908, 397),
(908, 300),
(908, 60),
(908, 99),
(908, 1617),
(908, 239),
(908, 1642),
(908, 185),
(909, 151),
(909, 250),
(909, 708),
(909, 52),
(909, 92),
(909, 1024),
(909, 640),
(909, 78),
(909, 178),
(909, 1191),
(910, 1010),
(910, 1323),
(910, 878),
(910, 976),
(910, 896),
(910, 1098),
(910, 1097),
(910, 1333),
(910, 969),
(910, 967),
(911, 967),
(911, 969),
(911, 1095),
(911, 961),
(911, 1174),
(911, 1097),
(911, 1031),
(911, 878),
(911, 872),
(911, 1021),
(912, 967),
(912, 970),
(912, 833),
(912, 838),
(912, 839),
(912, 969),
(912, 971),
(912, 847),
(912, 1094),
(912, 1095),
(913, 387),
(913, 1077),
(913, 846),
(913, 591),
(913, 834),
(913, 1328),
(913, 1032),
(913, 126),
(913, 378),
(913, 840),
(914, 61),
(914, 1014),
(914, 1054),
(914, 1032),
(914, 884),
(914, 877),
(914, 818),
(914, 826),
(914, 1120),
(914, 1112),
(915, 1249),
(915, 444),
(915, 475),
(915, 781),
(915, 378),
(915, 1628),
(915, 973),
(915, 6),
(915, 732),
(915, 369),
(916, 949),
(916, 1013),
(916, 611),
(916, 1011),
(916, 170),
(916, 1372),
(916, 648),
(916, 1010),
(916, 301),
(916, 1023),
(917, 881),
(917, 1125),
(917, 1049),
(917, 877),
(917, 869),
(917, 897),
(917, 884),
(917, 957),
(917, 1118),
(917, 1377),
(918, 890),
(918, 817),
(918, 862),
(918, 876),
(918, 1119),
(918, 1133),
(918, 1067),
(918, 241),
(918, 403),
(918, 396),
(919, 878),
(919, 969),
(919, 1330),
(919, 966),
(919, 1097),
(919, 970),
(919, 1010),
(919, 968),
(919, 857),
(919, 971),
(920, 967),
(920, 971),
(920, 970),
(920, 969),
(920, 833),
(920, 838),
(920, 962),
(920, 1031),
(920, 839),
(920, 1094),
(921, 947),
(921, 1023),
(921, 1006),
(921, 233),
(921, 883),
(921, 474),
(921, 221),
(921, 1044),
(921, 975),
(921, 822),
(922, 974),
(922, 1007),
(922, 1100),
(922, 194),
(922, 1009),
(922, 1006),
(922, 1060),
(922, 189),
(922, 893),
(922, 944),
(923, 1053),
(923, 707),
(923, 575),
(923, 1300),
(923, 1327),
(923, 820),
(923, 448),
(923, 1086),
(923, 1078),
(923, 976),
(924, 981),
(924, 1052),
(924, 886),
(924, 589),
(924, 240),
(924, 830),
(924, 383),
(924, 539),
(924, 1327),
(924, 1086),
(925, 61),
(925, 1032),
(925, 884),
(925, 1377),
(925, 1014),
(925, 877),
(925, 1464),
(925, 878),
(925, 854),
(925, 826),
(926, 834),
(926, 446),
(926, 886),
(926, 1345),
(926, 1465),
(926, 1277),
(926, 1052),
(926, 347),
(926, 955),
(926, 841),
(927, 828),
(927, 899),
(927, 426),
(927, 1326),
(927, 586),
(927, 1222),
(927, 1130),
(927, 441),
(927, 577),
(927, 868),
(928, 869),
(928, 1125),
(928, 867),
(928, 957),
(928, 827),
(928, 905),
(928, 897),
(928, 1014),
(928, 851),
(928, 877),
(929, 1005),
(929, 151),
(929, 951),
(929, 953),
(929, 1024),
(929, 1191),
(929, 708),
(929, 899),
(929, 306),
(929, 813),
(930, 774),
(930, 775),
(930, 168),
(930, 1490),
(930, 780),
(930, 784),
(930, 1645),
(930, 1098),
(930, 1096),
(930, 781),
(931, 169),
(931, 1008),
(931, 168),
(931, 179),
(931, 813),
(931, 1051),
(931, 17),
(931, 830),
(931, 1078),
(931, 1005),
(932, 1001),
(932, 893),
(932, 1098),
(932, 947),
(932, 1333),
(932, 1393),
(932, 393),
(932, 1176),
(932, 167),
(932, 696),
(933, 1012),
(933, 1030),
(933, 76),
(933, 169),
(933, 105),
(933, 183),
(933, 4),
(933, 75),
(933, 405),
(933, 398),
(934, 168),
(934, 169),
(934, 1030),
(934, 1490),
(934, 784),
(934, 167),
(934, 1647),
(934, 963),
(934, 1092),
(934, 1012),
(935, 168),
(935, 1647),
(935, 1030),
(935, 1025),
(935, 169),
(935, 1490),
(935, 773),
(935, 784),
(935, 1097),
(935, 1645),
(936, 1069),
(936, 1014),
(936, 1032),
(936, 242),
(936, 168),
(936, 906),
(936, 169),
(936, 1071),
(936, 839),
(936, 1064),
(937, 1005),
(937, 151),
(937, 1024),
(937, 951),
(937, 953),
(937, 1191),
(937, 1008),
(937, 772),
(937, 162),
(937, 640),
(938, 1645),
(938, 168),
(938, 1647),
(938, 1006),
(938, 1490),
(938, 167),
(938, 1650),
(938, 393),
(938, 893),
(938, 194),
(939, 1647),
(939, 169),
(939, 168),
(939, 170),
(939, 1025),
(939, 167),
(939, 1013),
(939, 1027),
(939, 900),
(939, 1011),
(940, 170),
(940, 167),
(940, 169),
(940, 1023),
(940, 1011),
(940, 1030),
(940, 168),
(940, 1018),
(940, 1006),
(940, 1647),
(941, 194),
(941, 1030),
(941, 1647),
(941, 784),
(941, 779),
(941, 783),
(941, 238),
(941, 169),
(941, 167),
(941, 168),
(942, 708),
(942, 151),
(942, 1005),
(942, 705),
(942, 951),
(942, 168),
(942, 640),
(942, 162),
(942, 953),
(942, 678),
(943, 169),
(943, 168),
(943, 1008),
(943, 1005),
(943, 813),
(943, 1078),
(943, 1051),
(943, 179),
(943, 1028),
(943, 151),
(944, 922),
(944, 695),
(944, 1009),
(944, 21),
(944, 1105),
(944, 402),
(944, 1006),
(944, 1030),
(944, 900),
(944, 194),
(945, 173),
(945, 172),
(945, 166),
(945, 168),
(945, 242),
(945, 167),
(945, 170),
(945, 779),
(945, 290),
(945, 118),
(946, 1157),
(946, 828),
(946, 927),
(946, 1222),
(946, 68),
(946, 118),
(946, 530),
(946, 434),
(946, 900),
(946, 238),
(947, 921),
(947, 1023),
(947, 238),
(947, 1507),
(947, 474),
(947, 1123),
(947, 1102),
(947, 312),
(947, 887),
(947, 883),
(948, 312),
(948, 883),
(948, 167),
(948, 474),
(948, 893),
(948, 319),
(948, 938),
(948, 1006),
(948, 1015),
(948, 784),
(949, 916),
(949, 611),
(949, 648),
(949, 1021),
(949, 170),
(949, 401),
(949, 1039),
(949, 204),
(949, 1372),
(949, 301),
(950, 474),
(950, 238),
(950, 910),
(950, 883),
(950, 1080),
(950, 887),
(950, 1023),
(950, 864),
(950, 888),
(950, 853),
(951, 151),
(951, 937),
(951, 929),
(951, 819),
(951, 813),
(951, 830),
(951, 708),
(951, 1191),
(951, 52),
(951, 1005),
(952, 858),
(952, 815),
(952, 970),
(952, 971),
(952, 1087),
(952, 1083),
(952, 1091),
(952, 963),
(952, 987),
(952, 113),
(953, 151),
(953, 937),
(953, 929),
(953, 819),
(953, 850),
(953, 708),
(953, 1005),
(953, 1191),
(953, 813),
(953, 640),
(954, 238),
(954, 1123),
(954, 1102),
(954, 221),
(954, 316),
(954, 214),
(954, 1388),
(954, 921),
(954, 49),
(954, 8),
(955, 886),
(955, 1304),
(955, 682),
(955, 1334),
(955, 674),
(955, 813),
(955, 973),
(955, 1216),
(955, 686),
(955, 118),
(956, 858),
(956, 1087),
(956, 970),
(956, 815),
(956, 971),
(956, 1083),
(956, 1091),
(956, 986),
(956, 961),
(956, 987),
(957, 697),
(957, 230),
(957, 1313),
(957, 827),
(957, 1045),
(957, 1315),
(957, 928),
(957, 1082),
(957, 867),
(957, 1090),
(958, 244),
(958, 156),
(958, 228),
(958, 246),
(958, 211),
(958, 705),
(958, 735),
(958, 1658),
(958, 1227),
(958, 686),
(959, 338),
(959, 1224),
(959, 375),
(959, 19),
(959, 987),
(959, 372),
(959, 202),
(959, 13),
(959, 1058),
(959, 973),
(960, 1008),
(960, 910),
(960, 1007),
(960, 987),
(960, 1010),
(960, 894),
(960, 236),
(960, 891),
(960, 951),
(960, 1005),
(961, 911),
(961, 920),
(961, 1097),
(961, 830),
(961, 1031),
(961, 896),
(961, 958),
(961, 903),
(961, 825),
(961, 858),
(962, 920),
(962, 1051),
(962, 1026),
(962, 912),
(962, 1064),
(962, 692),
(962, 1008),
(962, 181),
(962, 1031),
(962, 931),
(963, 936),
(963, 858),
(963, 1051),
(963, 825),
(963, 935),
(963, 934),
(963, 873),
(963, 931),
(963, 169),
(963, 168),
(964, 1014),
(964, 1032),
(964, 936),
(964, 914),
(964, 919),
(964, 773),
(964, 1079),
(964, 61),
(964, 894),
(964, 920),
(965, 938),
(965, 168),
(965, 1175),
(965, 1009),
(965, 932),
(965, 1007),
(965, 1647),
(965, 836),
(965, 987),
(965, 820),
(966, 1010),
(966, 910),
(966, 919),
(966, 1007),
(966, 921),
(966, 891),
(966, 1008),
(966, 1023),
(966, 1016),
(966, 1098),
(967, 912),
(967, 920),
(967, 911),
(967, 1095),
(967, 910),
(967, 1097),
(967, 1031),
(967, 1094),
(967, 825),
(967, 878),
(968, 1008),
(968, 1010),
(968, 919),
(968, 1007),
(968, 923),
(968, 910),
(968, 1002),
(968, 236),
(968, 813),
(968, 1078),
(969, 920),
(969, 912),
(969, 1095),
(969, 910),
(969, 911),
(969, 919),
(969, 1010),
(969, 1008),
(969, 1018),
(969, 1097),
(970, 912),
(970, 920),
(970, 839),
(970, 838),
(970, 833),
(970, 1095),
(970, 1108),
(970, 978),
(970, 1031),
(970, 896),
(971, 920),
(971, 912),
(971, 936),
(971, 919),
(971, 1095),
(971, 1094),
(971, 977),
(971, 978),
(971, 839),
(971, 956),
(972, 1026),
(972, 1032),
(972, 1008),
(972, 1014),
(972, 1010),
(972, 242),
(972, 923),
(972, 1089),
(972, 1031),
(972, 920),
(973, 955),
(973, 1007),
(973, 1187),
(973, 1058),
(973, 800),
(973, 689),
(973, 987),
(973, 886),
(973, 1051),
(973, 1090),
(974, 922),
(974, 1007),
(974, 1009),
(974, 246),
(974, 1010),
(974, 189),
(974, 1006),
(974, 1100),
(974, 232),
(974, 907),
(975, 843),
(975, 849),
(975, 889),
(975, 921),
(975, 1044),
(975, 1007),
(975, 923),
(975, 1078),
(975, 738),
(975, 708),
(976, 910),
(976, 1031),
(976, 1008),
(976, 923),
(976, 894),
(976, 1053),
(976, 1089),
(976, 914),
(976, 886),
(976, 1026),
(977, 1094),
(977, 1105),
(977, 1095),
(977, 920),
(977, 970),
(977, 971),
(977, 967),
(977, 912),
(977, 1108),
(977, 160),
(978, 1094),
(978, 1108),
(978, 1105),
(978, 1095),
(978, 970),
(978, 1103),
(978, 910),
(978, 1098),
(978, 967),
(978, 971),
(979, 1094),
(979, 1095),
(979, 1108),
(979, 971),
(979, 970),
(979, 1105),
(979, 1103),
(979, 952),
(979, 1107),
(979, 154),
(980, 1094),
(980, 1105),
(980, 1108),
(980, 1107),
(980, 970),
(980, 1095),
(980, 1103),
(980, 967),
(980, 912),
(980, 971),
(981, 924),
(981, 1327),
(981, 1052),
(981, 725),
(981, 383),
(981, 589),
(981, 1297),
(981, 1053),
(981, 1187),
(981, 379),
(982, 1103),
(982, 1092),
(982, 1083),
(982, 1091),
(982, 1502),
(982, 403),
(982, 1094),
(982, 825),
(982, 463),
(982, 1590),
(983, 1094),
(983, 970),
(983, 971),
(983, 1105),
(983, 967),
(983, 1095),
(983, 1108),
(983, 969),
(983, 800),
(983, 920),
(984, 1094),
(984, 1105),
(984, 1095),
(984, 1108),
(984, 967),
(984, 970),
(984, 798),
(984, 1107),
(984, 971),
(984, 1103),
(985, 1094),
(985, 1428),
(985, 1473),
(985, 1095),
(985, 1108),
(985, 1107),
(985, 825),
(985, 1103);
INSERT INTO `matched_tasks` (`task_id`, `match_task_id`) VALUES
(985, 1105),
(985, 791),
(986, 1094),
(986, 1105),
(986, 970),
(986, 1108),
(986, 956),
(986, 920),
(986, 912),
(986, 1095),
(986, 971),
(986, 967),
(987, 793),
(987, 1053),
(987, 973),
(987, 960),
(987, 383),
(987, 813),
(987, 792),
(987, 959),
(987, 1051),
(987, 923),
(988, 1049),
(988, 800),
(988, 1058),
(988, 1094),
(988, 799),
(988, 1053),
(988, 697),
(988, 994),
(988, 1470),
(988, 1031),
(989, 1103),
(989, 1092),
(989, 1098),
(989, 403),
(989, 393),
(989, 1590),
(989, 394),
(989, 1053),
(989, 1107),
(989, 118),
(990, 1050),
(990, 1593),
(990, 1333),
(990, 1057),
(990, 880),
(990, 1619),
(990, 118),
(990, 973),
(990, 193),
(990, 1591),
(991, 1048),
(991, 1054),
(991, 1377),
(991, 314),
(991, 818),
(991, 1464),
(991, 1589),
(991, 863),
(991, 1112),
(991, 804),
(992, 1468),
(992, 1591),
(992, 1609),
(992, 799),
(992, 854),
(992, 1055),
(992, 1377),
(992, 1607),
(992, 1471),
(992, 1594),
(993, 894),
(993, 1589),
(993, 1055),
(993, 794),
(993, 1470),
(993, 773),
(993, 854),
(993, 1464),
(993, 1591),
(993, 798),
(994, 794),
(994, 1591),
(994, 806),
(994, 798),
(994, 902),
(994, 1048),
(994, 1054),
(994, 1589),
(994, 854),
(994, 1055),
(995, 1377),
(995, 1048),
(995, 1054),
(995, 1589),
(995, 854),
(995, 527),
(995, 1591),
(995, 1464),
(995, 1290),
(995, 798),
(996, 855),
(996, 1047),
(996, 824),
(996, 875),
(996, 854),
(996, 1031),
(996, 871),
(996, 794),
(996, 798),
(996, 880),
(997, 1048),
(997, 1054),
(997, 1377),
(997, 314),
(997, 1464),
(997, 1589),
(997, 818),
(997, 1112),
(997, 1079),
(997, 826),
(998, 1591),
(998, 1468),
(998, 1609),
(998, 806),
(998, 1131),
(998, 860),
(998, 795),
(998, 1607),
(998, 854),
(998, 1417),
(999, 1592),
(999, 894),
(999, 699),
(999, 1055),
(999, 1589),
(999, 1470),
(999, 794),
(999, 798),
(999, 773),
(999, 854),
(1000, 794),
(1000, 894),
(1000, 1589),
(1000, 1055),
(1000, 854),
(1000, 1470),
(1000, 1591),
(1000, 871),
(1000, 1031),
(1000, 798),
(1001, 932),
(1001, 801),
(1001, 393),
(1001, 1333),
(1001, 887),
(1001, 1047),
(1001, 947),
(1001, 855),
(1001, 1393),
(1001, 233),
(1002, 802),
(1002, 1040),
(1002, 1113),
(1002, 799),
(1002, 832),
(1002, 796),
(1002, 1055),
(1002, 968),
(1002, 1403),
(1002, 854),
(1003, 1591),
(1003, 71),
(1003, 1518),
(1003, 939),
(1003, 1593),
(1003, 1078),
(1003, 1447),
(1003, 1625),
(1003, 1655),
(1003, 891),
(1004, 397),
(1004, 1084),
(1004, 1255),
(1004, 400),
(1004, 1047),
(1004, 855),
(1004, 396),
(1004, 941),
(1004, 824),
(1004, 403),
(1005, 929),
(1005, 937),
(1005, 151),
(1005, 953),
(1005, 943),
(1005, 951),
(1005, 1191),
(1005, 942),
(1005, 17),
(1005, 240),
(1006, 190),
(1006, 1060),
(1006, 194),
(1006, 1061),
(1006, 695),
(1006, 938),
(1006, 921),
(1006, 922),
(1006, 248),
(1006, 167),
(1007, 974),
(1007, 189),
(1007, 922),
(1007, 1100),
(1007, 1078),
(1007, 246),
(1007, 194),
(1007, 1060),
(1007, 973),
(1007, 1047),
(1008, 960),
(1008, 931),
(1008, 179),
(1008, 943),
(1008, 972),
(1008, 937),
(1008, 131),
(1008, 240),
(1008, 968),
(1008, 886),
(1009, 1060),
(1009, 922),
(1009, 974),
(1009, 1100),
(1009, 189),
(1009, 190),
(1009, 194),
(1009, 938),
(1009, 1078),
(1009, 1460),
(1010, 910),
(1010, 966),
(1010, 1098),
(1010, 974),
(1010, 1080),
(1010, 969),
(1010, 916),
(1010, 238),
(1010, 972),
(1010, 896),
(1011, 571),
(1011, 916),
(1011, 940),
(1011, 170),
(1011, 128),
(1011, 248),
(1011, 123),
(1011, 1509),
(1011, 190),
(1011, 939),
(1012, 941),
(1012, 933),
(1012, 184),
(1012, 169),
(1012, 701),
(1012, 934),
(1012, 859),
(1012, 969),
(1012, 75),
(1012, 1073),
(1013, 916),
(1013, 939),
(1013, 970),
(1013, 969),
(1013, 170),
(1013, 971),
(1013, 167),
(1013, 949),
(1013, 967),
(1013, 962),
(1014, 697),
(1014, 242),
(1014, 906),
(1014, 175),
(1014, 936),
(1014, 914),
(1014, 164),
(1014, 957),
(1014, 1093),
(1014, 928),
(1015, 110),
(1015, 248),
(1015, 237),
(1015, 1384),
(1015, 128),
(1015, 1073),
(1015, 167),
(1015, 571),
(1015, 947),
(1015, 1507),
(1016, 1507),
(1016, 128),
(1016, 910),
(1016, 947),
(1016, 170),
(1016, 1096),
(1016, 779),
(1016, 950),
(1016, 921),
(1016, 1102),
(1017, 128),
(1017, 131),
(1017, 1507),
(1017, 125),
(1017, 170),
(1017, 132),
(1017, 1509),
(1017, 940),
(1017, 130),
(1017, 571),
(1018, 190),
(1018, 1062),
(1018, 248),
(1018, 695),
(1018, 1064),
(1018, 690),
(1018, 692),
(1018, 704),
(1018, 841),
(1018, 1060),
(1019, 1064),
(1019, 841),
(1019, 371),
(1019, 692),
(1019, 1070),
(1019, 1078),
(1019, 1069),
(1019, 1071),
(1019, 242),
(1019, 190),
(1020, 1509),
(1020, 190),
(1020, 131),
(1020, 130),
(1020, 571),
(1020, 248),
(1020, 132),
(1020, 1507),
(1020, 128),
(1020, 1061),
(1021, 1372),
(1021, 949),
(1021, 916),
(1021, 1097),
(1021, 611),
(1021, 967),
(1021, 910),
(1021, 406),
(1021, 911),
(1021, 410),
(1022, 131),
(1022, 151),
(1022, 240),
(1022, 1657),
(1022, 179),
(1022, 972),
(1022, 943),
(1022, 1519),
(1022, 937),
(1022, 813),
(1023, 1507),
(1023, 947),
(1023, 921),
(1023, 128),
(1023, 940),
(1023, 238),
(1023, 170),
(1023, 950),
(1023, 474),
(1023, 916),
(1024, 151),
(1024, 937),
(1024, 1191),
(1024, 179),
(1024, 929),
(1024, 620),
(1024, 1149),
(1024, 748),
(1024, 631),
(1024, 556),
(1025, 695),
(1025, 402),
(1025, 393),
(1025, 170),
(1025, 108),
(1025, 1103),
(1025, 401),
(1025, 138),
(1025, 935),
(1025, 406),
(1026, 972),
(1026, 43),
(1026, 498),
(1026, 168),
(1026, 173),
(1026, 39),
(1026, 746),
(1026, 477),
(1026, 242),
(1026, 976),
(1027, 876),
(1027, 1119),
(1027, 1084),
(1027, 402),
(1027, 890),
(1027, 394),
(1027, 403),
(1027, 108),
(1027, 1067),
(1027, 695),
(1028, 1051),
(1028, 575),
(1028, 937),
(1028, 943),
(1028, 151),
(1028, 691),
(1028, 179),
(1028, 71),
(1028, 813),
(1028, 163),
(1029, 183),
(1029, 185),
(1029, 44),
(1029, 48),
(1029, 239),
(1029, 237),
(1029, 167),
(1029, 128),
(1029, 38),
(1029, 238),
(1030, 941),
(1030, 695),
(1030, 194),
(1030, 940),
(1030, 934),
(1030, 935),
(1030, 167),
(1030, 938),
(1030, 402),
(1030, 1092),
(1031, 1053),
(1031, 976),
(1031, 967),
(1031, 970),
(1031, 168),
(1031, 707),
(1031, 902),
(1031, 920),
(1031, 1047),
(1031, 1098),
(1032, 242),
(1032, 936),
(1032, 972),
(1032, 1071),
(1032, 914),
(1032, 1069),
(1032, 1063),
(1032, 906),
(1032, 697),
(1032, 964),
(1033, 818),
(1033, 1112),
(1033, 863),
(1033, 877),
(1033, 804),
(1033, 848),
(1033, 826),
(1033, 1079),
(1033, 1120),
(1033, 870),
(1034, 1080),
(1034, 831),
(1034, 821),
(1034, 853),
(1034, 1116),
(1034, 857),
(1034, 1115),
(1034, 805),
(1034, 1114),
(1034, 910),
(1035, 1052),
(1035, 823),
(1035, 589),
(1035, 850),
(1035, 830),
(1035, 593),
(1035, 1378),
(1035, 924),
(1035, 383),
(1035, 819),
(1036, 1083),
(1036, 1091),
(1036, 825),
(1036, 1087),
(1036, 866),
(1036, 872),
(1036, 830),
(1036, 857),
(1036, 805),
(1036, 831),
(1037, 829),
(1037, 831),
(1037, 194),
(1037, 1115),
(1037, 1117),
(1037, 941),
(1037, 872),
(1037, 853),
(1037, 1030),
(1037, 922),
(1038, 1052),
(1038, 1378),
(1038, 813),
(1038, 886),
(1038, 589),
(1038, 539),
(1038, 981),
(1038, 819),
(1038, 827),
(1038, 624),
(1039, 1100),
(1039, 949),
(1039, 194),
(1039, 1007),
(1039, 743),
(1039, 922),
(1039, 1009),
(1039, 893),
(1039, 611),
(1039, 1197),
(1040, 832),
(1040, 1002),
(1040, 917),
(1040, 807),
(1040, 1113),
(1040, 1080),
(1040, 995),
(1040, 860),
(1040, 857),
(1040, 821),
(1041, 826),
(1041, 1120),
(1041, 870),
(1041, 884),
(1041, 811),
(1041, 856),
(1041, 818),
(1041, 1085),
(1041, 1112),
(1041, 863),
(1042, 1080),
(1042, 831),
(1042, 821),
(1042, 805),
(1042, 1115),
(1042, 857),
(1042, 853),
(1042, 872),
(1042, 1116),
(1042, 812),
(1043, 1083),
(1043, 1091),
(1043, 825),
(1043, 805),
(1043, 1080),
(1043, 857),
(1043, 1086),
(1043, 872),
(1043, 853),
(1043, 1087),
(1044, 849),
(1044, 821),
(1044, 1080),
(1044, 921),
(1044, 238),
(1044, 975),
(1044, 950),
(1044, 947),
(1044, 1081),
(1044, 883),
(1045, 827),
(1045, 1090),
(1045, 1126),
(1045, 874),
(1045, 861),
(1045, 957),
(1045, 867),
(1045, 1082),
(1045, 1058),
(1045, 1049),
(1046, 819),
(1046, 236),
(1046, 820),
(1046, 71),
(1046, 383),
(1046, 850),
(1046, 821),
(1046, 891),
(1046, 1117),
(1046, 1052),
(1047, 855),
(1047, 824),
(1047, 1007),
(1047, 996),
(1047, 396),
(1047, 880),
(1047, 1001),
(1047, 397),
(1047, 938),
(1047, 1080),
(1048, 1377),
(1048, 991),
(1048, 997),
(1048, 1464),
(1048, 314),
(1048, 798),
(1048, 601),
(1048, 1079),
(1048, 804),
(1048, 791),
(1049, 988),
(1049, 1090),
(1049, 827),
(1049, 1126),
(1049, 800),
(1049, 874),
(1049, 861),
(1049, 1045),
(1049, 917),
(1049, 1467),
(1050, 1593),
(1050, 990),
(1050, 1619),
(1050, 658),
(1050, 298),
(1050, 1352),
(1050, 1631),
(1050, 634),
(1050, 639),
(1050, 299),
(1051, 245),
(1051, 381),
(1051, 686),
(1051, 813),
(1051, 1028),
(1051, 903),
(1051, 973),
(1051, 19),
(1051, 943),
(1051, 539),
(1052, 1465),
(1052, 383),
(1052, 1378),
(1052, 589),
(1052, 539),
(1052, 886),
(1052, 981),
(1052, 381),
(1052, 1117),
(1052, 819),
(1053, 923),
(1053, 383),
(1053, 981),
(1053, 793),
(1053, 1086),
(1053, 987),
(1053, 575),
(1053, 1031),
(1053, 1081),
(1053, 1224),
(1054, 1377),
(1054, 1464),
(1054, 818),
(1054, 1079),
(1054, 997),
(1054, 804),
(1054, 991),
(1054, 798),
(1054, 314),
(1054, 601),
(1055, 799),
(1055, 854),
(1055, 795),
(1055, 794),
(1055, 792),
(1055, 904),
(1055, 871),
(1055, 798),
(1055, 894),
(1055, 994),
(1056, 1269),
(1056, 450),
(1056, 464),
(1056, 441),
(1056, 54),
(1056, 1467),
(1056, 1465),
(1056, 1154),
(1056, 598),
(1056, 245),
(1057, 1352),
(1057, 1619),
(1057, 1216),
(1057, 299),
(1057, 658),
(1057, 505),
(1057, 24),
(1057, 1126),
(1057, 187),
(1057, 298),
(1058, 1090),
(1058, 372),
(1058, 1126),
(1058, 861),
(1058, 385),
(1058, 800),
(1058, 375),
(1058, 827),
(1058, 1187),
(1058, 329),
(1059, 1110),
(1059, 1380),
(1059, 1099),
(1059, 1460),
(1059, 1450),
(1059, 240),
(1059, 190),
(1059, 1019),
(1059, 1618),
(1059, 1005),
(1060, 190),
(1060, 1006),
(1060, 189),
(1060, 1009),
(1060, 194),
(1060, 1460),
(1060, 1629),
(1060, 1007),
(1060, 695),
(1060, 1380),
(1061, 1006),
(1061, 190),
(1061, 1509),
(1061, 131),
(1061, 189),
(1061, 1005),
(1061, 1460),
(1061, 1178),
(1061, 238),
(1061, 779),
(1062, 839),
(1062, 1250),
(1062, 1131),
(1062, 1018),
(1062, 190),
(1062, 833),
(1062, 1006),
(1062, 838),
(1062, 841),
(1062, 175),
(1063, 842),
(1063, 1014),
(1063, 1032),
(1063, 120),
(1063, 936),
(1063, 36),
(1063, 1128),
(1063, 456),
(1063, 1257),
(1063, 364),
(1064, 841),
(1064, 1250),
(1064, 839),
(1064, 1019),
(1064, 1111),
(1064, 692),
(1064, 833),
(1064, 175),
(1064, 838),
(1064, 1131),
(1065, 243),
(1065, 1480),
(1065, 650),
(1065, 197),
(1065, 658),
(1065, 238),
(1065, 118),
(1065, 606),
(1065, 695),
(1065, 647),
(1066, 186),
(1066, 242),
(1066, 191),
(1066, 248),
(1066, 193),
(1066, 190),
(1066, 695),
(1066, 1006),
(1066, 1488),
(1066, 238),
(1067, 1133),
(1067, 1255),
(1067, 918),
(1067, 241),
(1067, 402),
(1067, 1027),
(1067, 311),
(1067, 108),
(1067, 396),
(1067, 403),
(1068, 400),
(1068, 1270),
(1068, 837),
(1068, 393),
(1068, 403),
(1068, 1497),
(1068, 1098),
(1068, 779),
(1068, 982),
(1068, 1051),
(1069, 242),
(1069, 841),
(1069, 692),
(1069, 193),
(1069, 1380),
(1069, 189),
(1069, 936),
(1069, 247),
(1069, 1250),
(1069, 24),
(1070, 1250),
(1070, 175),
(1070, 1249),
(1070, 841),
(1070, 839),
(1070, 1199),
(1070, 833),
(1070, 174),
(1070, 1194),
(1070, 1262),
(1071, 1257),
(1071, 456),
(1071, 1250),
(1071, 839),
(1071, 1032),
(1071, 242),
(1071, 1128),
(1071, 1014),
(1071, 120),
(1071, 936),
(1072, 242),
(1072, 175),
(1072, 1250),
(1072, 697),
(1072, 1014),
(1072, 153),
(1072, 1380),
(1072, 1104),
(1072, 803),
(1072, 191),
(1073, 1015),
(1073, 248),
(1073, 1018),
(1073, 1507),
(1073, 44),
(1073, 1023),
(1073, 128),
(1073, 41),
(1073, 921),
(1073, 1006),
(1074, 248),
(1074, 1135),
(1074, 698),
(1074, 573),
(1074, 186),
(1074, 195),
(1074, 1128),
(1074, 1257),
(1074, 294),
(1074, 198),
(1075, 339),
(1075, 501),
(1075, 145),
(1075, 103),
(1075, 106),
(1075, 115),
(1075, 195),
(1075, 347),
(1075, 257),
(1075, 1370),
(1076, 175),
(1076, 1250),
(1076, 1129),
(1076, 428),
(1076, 1137),
(1076, 1322),
(1076, 468),
(1076, 1152),
(1076, 1315),
(1076, 336),
(1077, 846),
(1077, 1249),
(1077, 559),
(1077, 786),
(1077, 913),
(1077, 161),
(1077, 1256),
(1077, 1262),
(1077, 787),
(1077, 1193),
(1078, 240),
(1078, 575),
(1078, 707),
(1078, 703),
(1078, 193),
(1078, 1007),
(1078, 236),
(1078, 691),
(1078, 820),
(1078, 189),
(1079, 863),
(1079, 1112),
(1079, 818),
(1079, 848),
(1079, 877),
(1079, 1033),
(1079, 804),
(1079, 870),
(1079, 1120),
(1079, 826),
(1080, 1042),
(1080, 1034),
(1080, 831),
(1080, 821),
(1080, 853),
(1080, 1115),
(1080, 857),
(1080, 805),
(1080, 1116),
(1080, 872),
(1081, 383),
(1081, 864),
(1081, 850),
(1081, 830),
(1081, 1053),
(1081, 950),
(1081, 1124),
(1081, 819),
(1081, 1121),
(1081, 821),
(1082, 867),
(1082, 827),
(1082, 1045),
(1082, 1126),
(1082, 957),
(1082, 861),
(1082, 1120),
(1082, 1125),
(1082, 826),
(1082, 1041),
(1083, 825),
(1083, 1043),
(1083, 1036),
(1083, 830),
(1083, 813),
(1083, 982),
(1083, 858),
(1083, 463),
(1083, 967),
(1083, 872),
(1084, 876),
(1084, 1119),
(1084, 890),
(1084, 862),
(1084, 227),
(1084, 817),
(1084, 1027),
(1084, 396),
(1084, 241),
(1084, 1255),
(1085, 870),
(1085, 1120),
(1085, 826),
(1085, 856),
(1085, 884),
(1085, 1041),
(1085, 811),
(1085, 1112),
(1085, 863),
(1085, 818),
(1086, 1053),
(1086, 813),
(1086, 923),
(1086, 820),
(1086, 383),
(1086, 924),
(1086, 1043),
(1086, 821),
(1086, 707),
(1086, 830),
(1087, 857),
(1087, 872),
(1087, 1036),
(1087, 858),
(1087, 866),
(1087, 805),
(1087, 1043),
(1087, 825),
(1087, 885),
(1087, 1115),
(1088, 1123),
(1088, 807),
(1088, 852),
(1088, 537),
(1088, 821),
(1088, 1042),
(1088, 810),
(1088, 588),
(1088, 865),
(1088, 1115),
(1089, 810),
(1089, 867),
(1089, 827),
(1089, 807),
(1089, 861),
(1089, 1053),
(1089, 1052),
(1089, 1125),
(1089, 818),
(1089, 976),
(1090, 1126),
(1090, 827),
(1090, 1045),
(1090, 874),
(1090, 861),
(1090, 1058),
(1090, 598),
(1090, 381),
(1090, 372),
(1090, 867),
(1091, 825),
(1091, 1043),
(1091, 1036),
(1091, 830),
(1091, 813),
(1091, 982),
(1091, 967),
(1091, 858),
(1091, 463),
(1091, 1624),
(1092, 989),
(1092, 1393),
(1092, 393),
(1092, 982),
(1092, 1030),
(1092, 394),
(1092, 930),
(1092, 406),
(1092, 410),
(1092, 403),
(1093, 1014),
(1093, 692),
(1093, 242),
(1093, 154),
(1093, 697),
(1093, 957),
(1093, 1325),
(1093, 153),
(1093, 152),
(1093, 187),
(1094, 977),
(1094, 984),
(1094, 983),
(1094, 986),
(1094, 980),
(1094, 978),
(1094, 979),
(1094, 988),
(1094, 967),
(1094, 985),
(1095, 967),
(1095, 970),
(1095, 969),
(1095, 911),
(1095, 978),
(1095, 984),
(1095, 910),
(1095, 977),
(1095, 148),
(1095, 971),
(1096, 930),
(1096, 910),
(1096, 1015),
(1096, 774),
(1096, 151),
(1096, 123),
(1096, 110),
(1096, 821),
(1096, 238),
(1096, 784),
(1097, 1372),
(1097, 910),
(1097, 938),
(1097, 967),
(1097, 1647),
(1097, 935),
(1097, 878),
(1097, 919),
(1097, 941),
(1097, 969),
(1098, 930),
(1098, 989),
(1098, 910),
(1098, 419),
(1098, 1010),
(1098, 1007),
(1098, 932),
(1098, 1333),
(1098, 118),
(1098, 896),
(1099, 193),
(1099, 1465),
(1099, 1059),
(1099, 622),
(1099, 1052),
(1099, 378),
(1099, 343),
(1099, 577),
(1099, 290),
(1099, 1618),
(1100, 1007),
(1100, 194),
(1100, 922),
(1100, 1009),
(1100, 189),
(1100, 1006),
(1100, 1060),
(1100, 893),
(1100, 974),
(1100, 648),
(1101, 123),
(1101, 1015),
(1101, 1372),
(1101, 704),
(1101, 1012),
(1101, 930),
(1101, 939),
(1101, 935),
(1101, 944),
(1101, 1384),
(1102, 947),
(1102, 238),
(1102, 930),
(1102, 954),
(1102, 950),
(1102, 474),
(1102, 690),
(1102, 921),
(1102, 1023),
(1102, 1016),
(1103, 989),
(1103, 406),
(1103, 393),
(1103, 403),
(1103, 982),
(1103, 1505),
(1103, 837),
(1103, 402),
(1103, 108),
(1103, 394),
(1104, 154),
(1104, 242),
(1104, 1069),
(1104, 1014),
(1104, 1380),
(1104, 152),
(1104, 153),
(1104, 1072),
(1104, 1250),
(1104, 1032),
(1105, 978),
(1105, 984),
(1105, 986),
(1105, 980),
(1105, 977),
(1105, 938),
(1105, 944),
(1105, 983),
(1105, 1588),
(1105, 160),
(1106, 1372),
(1106, 204),
(1106, 123),
(1106, 1018),
(1106, 1121),
(1106, 864),
(1106, 910),
(1106, 930),
(1106, 916),
(1106, 170),
(1107, 980),
(1107, 400),
(1107, 989),
(1107, 160),
(1107, 978),
(1107, 930),
(1107, 970),
(1107, 982),
(1107, 773),
(1107, 967),
(1108, 978),
(1108, 970),
(1108, 980),
(1108, 967),
(1108, 910),
(1108, 971),
(1108, 1087),
(1108, 984),
(1108, 986),
(1108, 985),
(1109, 692),
(1109, 962),
(1109, 154),
(1109, 199),
(1109, 1069),
(1109, 931),
(1109, 939),
(1109, 940),
(1109, 160),
(1109, 242),
(1110, 1059),
(1110, 573),
(1110, 1618),
(1110, 1635),
(1110, 1460),
(1110, 1491),
(1110, 226),
(1110, 730),
(1110, 637),
(1110, 1269),
(1111, 841),
(1111, 1064),
(1111, 1070),
(1111, 371),
(1111, 834),
(1111, 692),
(1111, 1018),
(1111, 1077),
(1111, 846),
(1111, 1019),
(1112, 863),
(1112, 818),
(1112, 848),
(1112, 804),
(1112, 877),
(1112, 1033),
(1112, 1079),
(1112, 870),
(1112, 826),
(1112, 856),
(1113, 832),
(1113, 1002),
(1113, 850),
(1113, 831),
(1113, 535),
(1113, 828),
(1113, 927),
(1113, 1040),
(1113, 748),
(1113, 830),
(1114, 853),
(1114, 821),
(1114, 831),
(1114, 1080),
(1114, 864),
(1114, 1034),
(1114, 807),
(1114, 865),
(1114, 805),
(1114, 857),
(1115, 831),
(1115, 853),
(1115, 872),
(1115, 1080),
(1115, 805),
(1115, 885),
(1115, 1042),
(1115, 865),
(1115, 812),
(1115, 857),
(1116, 831),
(1116, 1080),
(1116, 853),
(1116, 1034),
(1116, 1042),
(1116, 821),
(1116, 805),
(1116, 857),
(1116, 872),
(1116, 812),
(1117, 829),
(1117, 1052),
(1117, 1465),
(1117, 598),
(1117, 381),
(1117, 245),
(1117, 1033),
(1117, 1046),
(1117, 1037),
(1117, 818),
(1118, 881),
(1118, 917),
(1118, 867),
(1118, 1082),
(1118, 1049),
(1118, 796),
(1118, 869),
(1118, 1085),
(1118, 1079),
(1118, 811),
(1119, 876),
(1119, 817),
(1119, 1084),
(1119, 890),
(1119, 862),
(1119, 227),
(1119, 521),
(1119, 1027),
(1119, 918),
(1119, 1133),
(1120, 870),
(1120, 826),
(1120, 856),
(1120, 811),
(1120, 884),
(1120, 1041),
(1120, 1085),
(1120, 863),
(1120, 818),
(1120, 848),
(1121, 864),
(1121, 888),
(1121, 204),
(1121, 850),
(1121, 808),
(1121, 1081),
(1121, 819),
(1121, 1106),
(1121, 853),
(1121, 831),
(1122, 807),
(1122, 871),
(1122, 806),
(1122, 804),
(1122, 818),
(1122, 1079),
(1122, 854),
(1122, 811),
(1122, 1085),
(1122, 826),
(1123, 1088),
(1123, 1080),
(1123, 947),
(1123, 865),
(1123, 537),
(1123, 852),
(1123, 821),
(1123, 954),
(1123, 887),
(1123, 538),
(1124, 831),
(1124, 810),
(1124, 1081),
(1124, 1089),
(1124, 1080),
(1124, 807),
(1124, 850),
(1124, 829),
(1124, 853),
(1124, 864),
(1125, 869),
(1125, 804),
(1125, 818),
(1125, 1079),
(1125, 928),
(1125, 1033),
(1125, 863),
(1125, 848),
(1125, 867),
(1125, 811),
(1126, 874),
(1126, 861),
(1126, 1090),
(1126, 827),
(1126, 1045),
(1126, 1058),
(1126, 867),
(1126, 1082),
(1126, 379),
(1126, 1049),
(1127, 486),
(1127, 235),
(1127, 478),
(1127, 456),
(1127, 1076),
(1127, 186),
(1127, 1184),
(1127, 906),
(1127, 455),
(1127, 847),
(1128, 449),
(1128, 106),
(1128, 364),
(1128, 1250),
(1128, 1257),
(1128, 1071),
(1128, 175),
(1128, 456),
(1128, 436),
(1128, 455),
(1129, 175),
(1129, 1076),
(1129, 1250),
(1129, 1184),
(1129, 455),
(1129, 1256),
(1129, 242),
(1129, 478),
(1129, 436),
(1129, 456),
(1130, 1250),
(1130, 454),
(1130, 487),
(1130, 1076),
(1130, 1262),
(1130, 1263),
(1130, 1477),
(1130, 927),
(1130, 1275),
(1130, 445),
(1131, 1062),
(1131, 1591),
(1131, 1064),
(1131, 806),
(1131, 998),
(1131, 190),
(1131, 1060),
(1131, 906),
(1131, 1018),
(1131, 860),
(1132, 190),
(1132, 1060),
(1132, 1076),
(1132, 409),
(1132, 1084),
(1132, 398),
(1132, 1006),
(1132, 396),
(1132, 934),
(1132, 108),
(1133, 227),
(1133, 1067),
(1133, 1255),
(1133, 918),
(1133, 1119),
(1133, 890),
(1133, 817),
(1133, 311),
(1133, 272),
(1133, 1084),
(1134, 401),
(1134, 481),
(1134, 474),
(1134, 409),
(1134, 1372),
(1134, 138),
(1134, 365),
(1134, 248),
(1134, 1018),
(1134, 41),
(1135, 364),
(1135, 1257),
(1135, 456),
(1135, 455),
(1135, 1184),
(1135, 478),
(1135, 449),
(1135, 106),
(1135, 1071),
(1135, 492),
(1136, 454),
(1136, 457),
(1136, 1247),
(1136, 487),
(1136, 688),
(1136, 469),
(1136, 1262),
(1136, 251),
(1136, 331),
(1136, 172),
(1137, 1076),
(1137, 324),
(1137, 175),
(1137, 101),
(1137, 1250),
(1137, 845),
(1137, 242),
(1137, 487),
(1137, 1320),
(1137, 1336),
(1138, 454),
(1138, 474),
(1138, 457),
(1138, 469),
(1138, 477),
(1138, 1442),
(1138, 490),
(1138, 520),
(1138, 478),
(1138, 455),
(1139, 476),
(1139, 477),
(1139, 1066),
(1139, 900),
(1139, 1072),
(1139, 746),
(1139, 750),
(1139, 568),
(1139, 758),
(1139, 696),
(1140, 479),
(1140, 457),
(1140, 478),
(1140, 465),
(1140, 456),
(1140, 480),
(1140, 484),
(1140, 453),
(1140, 486),
(1140, 487),
(1141, 465),
(1141, 1562),
(1141, 480),
(1141, 346),
(1141, 479),
(1141, 1317),
(1141, 478),
(1141, 1185),
(1141, 906),
(1141, 456),
(1142, 638),
(1142, 636),
(1142, 454),
(1142, 577),
(1142, 637),
(1142, 645),
(1142, 472),
(1142, 487),
(1142, 730),
(1142, 790),
(1143, 473),
(1143, 462),
(1143, 361),
(1143, 459),
(1143, 472),
(1143, 1182),
(1143, 666),
(1143, 240),
(1143, 1327),
(1143, 1297),
(1144, 1310),
(1144, 576),
(1144, 1290),
(1144, 467),
(1144, 1263),
(1144, 1241),
(1144, 423),
(1144, 82),
(1144, 55),
(1144, 585),
(1145, 576),
(1145, 789),
(1145, 423),
(1145, 1263),
(1145, 209),
(1145, 82),
(1145, 1241),
(1145, 460),
(1145, 704),
(1145, 497),
(1146, 1309),
(1146, 576),
(1146, 46),
(1146, 55),
(1146, 1310),
(1146, 1241),
(1146, 480),
(1146, 1263),
(1146, 82),
(1146, 1264),
(1147, 1477),
(1147, 1475),
(1147, 27),
(1147, 1256),
(1147, 77),
(1147, 380),
(1147, 555),
(1147, 562),
(1147, 1423),
(1147, 433),
(1148, 1264),
(1148, 1275),
(1148, 748),
(1148, 1477),
(1148, 739),
(1148, 1321),
(1148, 1276),
(1148, 1230),
(1148, 179),
(1148, 1310),
(1149, 1024),
(1149, 151),
(1149, 640),
(1149, 909),
(1149, 708),
(1149, 448),
(1149, 631),
(1149, 937),
(1149, 620),
(1149, 761),
(1150, 1310),
(1150, 1290),
(1150, 1309),
(1150, 527),
(1150, 82),
(1150, 423),
(1150, 467),
(1150, 576),
(1150, 55),
(1150, 1263),
(1151, 790),
(1151, 1477),
(1151, 1264),
(1151, 447),
(1151, 287),
(1151, 581),
(1151, 788),
(1151, 430),
(1151, 1321),
(1151, 921),
(1152, 451),
(1152, 1076),
(1152, 336),
(1152, 101),
(1152, 1312),
(1152, 1244),
(1152, 1313),
(1152, 428),
(1152, 435),
(1152, 1315),
(1153, 442),
(1153, 1322),
(1153, 1207),
(1153, 1266),
(1153, 1220),
(1153, 1208),
(1153, 23),
(1153, 433),
(1153, 1318),
(1153, 1057),
(1154, 1269),
(1154, 577),
(1154, 499),
(1154, 624),
(1154, 64),
(1154, 441),
(1154, 381),
(1154, 1288),
(1154, 464),
(1154, 450),
(1155, 82),
(1155, 1310),
(1155, 1316),
(1155, 1313),
(1155, 1322),
(1155, 497),
(1155, 585),
(1155, 467),
(1155, 1290),
(1155, 789),
(1156, 369),
(1156, 372),
(1156, 374),
(1156, 378),
(1156, 458),
(1156, 1301),
(1156, 622),
(1156, 587),
(1156, 1216),
(1156, 770),
(1157, 946),
(1157, 927),
(1157, 1278),
(1157, 323),
(1157, 740),
(1157, 1274),
(1157, 932),
(1157, 1627),
(1157, 947),
(1157, 530),
(1158, 1197),
(1158, 538),
(1158, 741),
(1158, 1198),
(1158, 950),
(1158, 947),
(1158, 1200),
(1158, 1204),
(1158, 864),
(1158, 1192),
(1159, 630),
(1159, 640),
(1159, 708),
(1159, 151),
(1159, 937),
(1159, 340),
(1159, 89),
(1159, 1191),
(1159, 953),
(1159, 819),
(1160, 1198),
(1160, 1204),
(1160, 947),
(1160, 326),
(1160, 1201),
(1160, 1346),
(1160, 1191),
(1160, 1202),
(1160, 1195),
(1160, 1197),
(1161, 1307),
(1161, 1191),
(1161, 1230),
(1161, 1478),
(1161, 559),
(1161, 1665),
(1161, 1008),
(1161, 1024),
(1161, 1435),
(1161, 151),
(1162, 1200),
(1162, 1192),
(1162, 921),
(1162, 887),
(1162, 1115),
(1162, 319),
(1162, 1018),
(1162, 1333),
(1162, 409),
(1162, 1023),
(1163, 921),
(1163, 1123),
(1163, 538),
(1163, 649),
(1163, 747),
(1163, 1192),
(1163, 1077),
(1163, 1197),
(1163, 822),
(1163, 1018),
(1164, 1192),
(1164, 1200),
(1164, 633),
(1164, 1115),
(1164, 398),
(1164, 756),
(1164, 1197),
(1164, 632),
(1164, 654),
(1164, 1393),
(1165, 1240),
(1165, 1115),
(1165, 1645),
(1165, 1326),
(1165, 118),
(1165, 394),
(1165, 1304),
(1165, 872),
(1165, 831),
(1165, 853),
(1166, 1418),
(1166, 767),
(1166, 1295),
(1166, 522),
(1166, 1077),
(1166, 1205),
(1166, 1262),
(1166, 1353),
(1166, 625),
(1166, 1247),
(1167, 741),
(1167, 1192),
(1167, 1200),
(1167, 1115),
(1167, 538),
(1167, 633),
(1167, 756),
(1167, 749),
(1167, 1393),
(1167, 1027),
(1168, 128),
(1168, 1103),
(1168, 649),
(1168, 741),
(1168, 410),
(1168, 932),
(1168, 1393),
(1168, 1123),
(1168, 567),
(1168, 406),
(1169, 1200),
(1169, 1115),
(1169, 932),
(1169, 627),
(1169, 887),
(1169, 1192),
(1169, 741),
(1169, 538),
(1169, 406),
(1169, 410),
(1170, 1391),
(1170, 777),
(1170, 1212),
(1170, 109),
(1170, 1201),
(1170, 463),
(1170, 107),
(1170, 191),
(1170, 776),
(1170, 1350),
(1171, 1307),
(1171, 730),
(1171, 1398),
(1171, 1273),
(1171, 1267),
(1171, 1478),
(1171, 1665),
(1171, 1360),
(1171, 1277),
(1171, 1546),
(1172, 1077),
(1172, 126),
(1172, 672),
(1172, 1193),
(1172, 83),
(1172, 1208),
(1172, 87),
(1172, 526),
(1172, 1665),
(1172, 182),
(1173, 1301),
(1173, 1221),
(1173, 1295),
(1173, 1311),
(1173, 1298),
(1173, 1307),
(1173, 1225),
(1173, 1219),
(1173, 1227),
(1173, 969),
(1174, 1200),
(1174, 1115),
(1174, 1192),
(1174, 887),
(1174, 538),
(1174, 911),
(1174, 1197),
(1174, 409),
(1174, 1080),
(1174, 941),
(1175, 1197),
(1175, 1192),
(1175, 1200),
(1175, 932),
(1175, 965),
(1175, 1006),
(1175, 947),
(1175, 1204),
(1175, 1115),
(1175, 921),
(1176, 932),
(1176, 1197),
(1176, 73),
(1176, 567),
(1176, 1198),
(1176, 941),
(1176, 741),
(1176, 1080),
(1176, 887),
(1176, 399),
(1177, 1418),
(1177, 767),
(1177, 522),
(1177, 1077),
(1177, 1205),
(1177, 625),
(1177, 1262),
(1177, 1295),
(1177, 1353),
(1177, 1024),
(1178, 282),
(1178, 474),
(1178, 586),
(1178, 285),
(1178, 1061),
(1178, 883),
(1178, 1614),
(1178, 1006),
(1178, 893),
(1178, 948),
(1179, 586),
(1179, 346),
(1179, 1332),
(1179, 1228),
(1179, 554),
(1179, 927),
(1179, 1211),
(1179, 500),
(1179, 285),
(1179, 879),
(1180, 735),
(1180, 713),
(1180, 722),
(1180, 182),
(1180, 1342),
(1180, 731),
(1180, 1343),
(1180, 709),
(1180, 712),
(1180, 1350),
(1181, 586),
(1181, 16),
(1181, 78),
(1181, 1326),
(1181, 1281),
(1181, 909),
(1181, 151),
(1181, 454),
(1181, 899),
(1181, 1230),
(1182, 1297),
(1182, 1303),
(1182, 462),
(1182, 1300),
(1182, 1219),
(1182, 1327),
(1182, 981),
(1182, 286),
(1182, 280),
(1182, 1296),
(1183, 323),
(1183, 1581),
(1183, 1252),
(1183, 354),
(1183, 415),
(1183, 586),
(1183, 496),
(1183, 1278),
(1183, 1268),
(1183, 1235),
(1184, 1129),
(1184, 1325),
(1184, 1239),
(1184, 1218),
(1184, 1206),
(1184, 1014),
(1184, 1135),
(1184, 1306),
(1184, 1339),
(1184, 1238),
(1185, 586),
(1185, 1555),
(1185, 761),
(1185, 1556),
(1185, 1234),
(1185, 1443),
(1185, 565),
(1185, 18),
(1185, 285),
(1185, 346),
(1186, 161),
(1186, 502),
(1186, 578),
(1186, 1262),
(1186, 1249),
(1186, 443),
(1186, 694),
(1186, 702),
(1186, 1128),
(1186, 203),
(1187, 1334),
(1187, 1332),
(1187, 1327),
(1187, 981),
(1187, 1058),
(1187, 1090),
(1187, 563),
(1187, 1243),
(1187, 1304),
(1187, 1335),
(1188, 709),
(1188, 498),
(1188, 116),
(1188, 715),
(1188, 244),
(1188, 782),
(1188, 337),
(1188, 729),
(1188, 1343),
(1188, 705),
(1189, 1224),
(1189, 1217),
(1189, 1653),
(1189, 1227),
(1189, 1296),
(1189, 1298),
(1189, 1220),
(1189, 1297),
(1189, 1300),
(1189, 1219),
(1190, 586),
(1190, 285),
(1190, 500),
(1190, 451),
(1190, 449),
(1190, 215),
(1190, 1228),
(1190, 579),
(1190, 346),
(1190, 116),
(1191, 151),
(1191, 1024),
(1191, 937),
(1191, 620),
(1191, 454),
(1191, 1161),
(1191, 528),
(1191, 953),
(1191, 951),
(1191, 1005),
(1192, 1366),
(1192, 1174),
(1192, 627),
(1192, 1164),
(1192, 559),
(1192, 743),
(1192, 1158),
(1192, 1175),
(1192, 1162),
(1192, 633),
(1193, 559),
(1193, 455),
(1193, 374),
(1193, 379),
(1193, 1229),
(1193, 1366),
(1193, 906),
(1193, 1070),
(1193, 587),
(1193, 578),
(1194, 428),
(1194, 1228),
(1194, 253),
(1194, 587),
(1194, 790),
(1194, 487),
(1194, 336),
(1194, 1232),
(1194, 1070),
(1194, 372),
(1195, 253),
(1195, 126),
(1195, 1353),
(1195, 672),
(1195, 251),
(1195, 1340),
(1195, 790),
(1195, 1341),
(1195, 559),
(1195, 454),
(1196, 1339),
(1196, 1239),
(1196, 1206),
(1196, 230),
(1196, 1238),
(1196, 957),
(1196, 1184),
(1196, 1129),
(1196, 95),
(1196, 219),
(1197, 1158),
(1197, 743),
(1197, 1175),
(1197, 1176),
(1197, 1007),
(1197, 194),
(1197, 893),
(1197, 1174),
(1197, 932),
(1197, 741),
(1198, 1158),
(1198, 749),
(1198, 1176),
(1198, 1175),
(1198, 1174),
(1198, 1163),
(1198, 947),
(1198, 741),
(1198, 747),
(1198, 1023),
(1199, 373),
(1199, 374),
(1199, 1070),
(1199, 1229),
(1199, 587),
(1199, 1232),
(1199, 378),
(1199, 559),
(1199, 428),
(1199, 455),
(1200, 1174),
(1200, 627),
(1200, 1169),
(1200, 1158),
(1200, 1164),
(1200, 1162),
(1200, 633),
(1200, 1175),
(1200, 621),
(1200, 1115),
(1201, 1350),
(1201, 126),
(1201, 672),
(1201, 1347),
(1201, 559),
(1201, 182),
(1201, 253),
(1201, 1232),
(1201, 1183),
(1201, 1342),
(1202, 253),
(1202, 1353),
(1202, 455),
(1202, 437),
(1202, 126),
(1202, 251),
(1202, 672),
(1202, 487),
(1202, 790),
(1202, 454),
(1203, 334),
(1203, 333),
(1203, 1322),
(1203, 1232),
(1203, 1320),
(1203, 1315),
(1203, 1312),
(1203, 101),
(1203, 455),
(1203, 1283),
(1204, 559),
(1204, 1326),
(1204, 17),
(1204, 151),
(1204, 1341),
(1204, 790),
(1204, 640),
(1204, 1327),
(1204, 1158),
(1204, 1161),
(1205, 1230),
(1205, 1076),
(1205, 790),
(1205, 428),
(1205, 788),
(1205, 623),
(1205, 688),
(1205, 1353),
(1205, 559),
(1205, 1407),
(1206, 1239),
(1206, 1238),
(1206, 1339),
(1206, 1196),
(1206, 1184),
(1206, 869),
(1206, 1218),
(1206, 1299),
(1206, 1243),
(1206, 1325),
(1207, 1247),
(1207, 1153),
(1207, 1311),
(1207, 1254),
(1207, 1316),
(1207, 461),
(1207, 308),
(1207, 1298),
(1207, 790),
(1207, 454),
(1208, 1298),
(1208, 381),
(1208, 1332),
(1208, 1220),
(1208, 1486),
(1208, 1652),
(1208, 1153),
(1208, 487),
(1208, 1352),
(1208, 464),
(1209, 1243),
(1209, 1239),
(1209, 1332),
(1209, 1187),
(1209, 1225),
(1209, 1311),
(1209, 1303),
(1209, 1153),
(1209, 1247),
(1209, 1410),
(1210, 1652),
(1210, 1243),
(1210, 640),
(1210, 708),
(1210, 1222),
(1210, 850),
(1210, 1247),
(1210, 87),
(1210, 250),
(1210, 819),
(1211, 1239),
(1211, 1218),
(1211, 1179),
(1211, 1339),
(1211, 1243),
(1211, 1238),
(1211, 1246),
(1211, 1299),
(1211, 1184),
(1211, 1277),
(1212, 1652),
(1212, 1410),
(1212, 329),
(1212, 1585),
(1212, 1273),
(1212, 463),
(1212, 1298),
(1212, 464),
(1212, 1051),
(1212, 1275),
(1213, 1223),
(1213, 1302),
(1213, 1220),
(1213, 1273),
(1213, 1247),
(1213, 381),
(1213, 1243),
(1213, 463),
(1213, 1332),
(1213, 1224),
(1214, 371),
(1214, 370),
(1214, 1593),
(1214, 1352),
(1214, 1057),
(1214, 385),
(1214, 1631),
(1214, 381),
(1214, 1220),
(1214, 1298),
(1215, 1343),
(1215, 842),
(1215, 689),
(1215, 364),
(1215, 456),
(1215, 782),
(1215, 540),
(1215, 36),
(1215, 1349),
(1215, 1332),
(1216, 1334),
(1216, 1304),
(1216, 1243),
(1216, 1352),
(1216, 1057),
(1216, 955),
(1216, 505),
(1216, 1220),
(1216, 1187),
(1216, 329),
(1217, 314),
(1217, 1189),
(1217, 1653),
(1217, 459),
(1217, 379),
(1217, 997),
(1217, 1054),
(1217, 991),
(1217, 91),
(1217, 1377),
(1218, 1238),
(1218, 1299),
(1218, 1306),
(1218, 1239),
(1218, 1184),
(1218, 1211),
(1218, 1206),
(1218, 1339),
(1218, 1325),
(1218, 1014),
(1219, 823),
(1219, 1303),
(1219, 1302),
(1219, 1298),
(1219, 1316),
(1219, 1182),
(1219, 1311),
(1219, 1297),
(1219, 1306),
(1219, 589),
(1220, 1302),
(1220, 1301),
(1220, 1296),
(1220, 1352),
(1220, 1298),
(1220, 24),
(1220, 1304),
(1220, 1213),
(1220, 1306),
(1220, 1057),
(1221, 1254),
(1221, 1311),
(1221, 1295),
(1221, 1316),
(1221, 1301),
(1221, 1237),
(1221, 590),
(1221, 1307),
(1221, 1273),
(1221, 1298),
(1222, 828),
(1222, 927),
(1222, 640),
(1222, 539),
(1222, 151),
(1222, 953),
(1222, 428),
(1222, 929),
(1222, 602),
(1222, 537),
(1223, 1302),
(1223, 1213),
(1223, 1306),
(1223, 1301),
(1223, 321),
(1223, 1304),
(1223, 1296),
(1223, 1653),
(1223, 1187),
(1223, 1307),
(1224, 1300),
(1224, 1189),
(1224, 1311),
(1224, 1304),
(1224, 1303),
(1224, 707),
(1224, 448),
(1224, 1297),
(1224, 1302),
(1224, 1053),
(1225, 1296),
(1225, 1302),
(1225, 1304),
(1225, 1298),
(1225, 1311),
(1225, 1305),
(1225, 1299),
(1225, 1301),
(1225, 1243),
(1225, 1187),
(1226, 101),
(1226, 618),
(1226, 1152),
(1226, 845),
(1226, 1244),
(1226, 582),
(1226, 1242),
(1226, 737),
(1226, 451),
(1226, 324),
(1227, 1298),
(1227, 1311),
(1227, 686),
(1227, 712),
(1227, 1247),
(1227, 1301),
(1227, 1332),
(1227, 1353),
(1227, 1237),
(1227, 662),
(1228, 1305),
(1228, 1243),
(1228, 1194),
(1228, 372),
(1228, 1179),
(1228, 428),
(1228, 1187),
(1228, 1302),
(1228, 1304),
(1228, 1142),
(1229, 373),
(1229, 428),
(1229, 378),
(1229, 374),
(1229, 1199),
(1229, 555),
(1229, 587),
(1229, 336),
(1229, 1194),
(1229, 1193),
(1230, 1341),
(1230, 559),
(1230, 558),
(1230, 790),
(1230, 454),
(1230, 578),
(1230, 1161),
(1230, 179),
(1230, 151),
(1230, 1148),
(1231, 27),
(1231, 1435),
(1231, 1046),
(1231, 578),
(1231, 1478),
(1231, 1099),
(1231, 119),
(1231, 558),
(1231, 1256),
(1231, 1147),
(1232, 1351),
(1232, 1203),
(1232, 126),
(1232, 1194),
(1232, 578),
(1232, 428),
(1232, 1199),
(1232, 672),
(1232, 336),
(1232, 253),
(1233, 329),
(1233, 1058),
(1233, 1090),
(1233, 1321),
(1233, 464),
(1233, 598),
(1233, 1515),
(1233, 578),
(1233, 663),
(1233, 1269),
(1234, 1185),
(1234, 559),
(1234, 1478),
(1234, 578),
(1234, 586),
(1234, 1574),
(1234, 1179),
(1234, 1665),
(1234, 558),
(1234, 587),
(1235, 507),
(1235, 1581),
(1235, 496),
(1235, 1183),
(1235, 576),
(1235, 449),
(1235, 789),
(1235, 1179),
(1235, 497),
(1235, 1252),
(1236, 507),
(1236, 1339),
(1236, 668),
(1236, 1228),
(1236, 1130),
(1236, 1179),
(1236, 583),
(1236, 584),
(1236, 582),
(1236, 1321),
(1237, 1408),
(1237, 1221),
(1237, 1353),
(1237, 1227),
(1237, 253),
(1237, 1273),
(1237, 1311),
(1237, 712),
(1237, 1347),
(1237, 1348),
(1238, 1206),
(1238, 1218),
(1238, 1339),
(1238, 1299),
(1238, 1196),
(1238, 869),
(1238, 1184),
(1238, 1306),
(1238, 1211),
(1238, 230),
(1239, 1206),
(1239, 1339),
(1239, 1211),
(1239, 1196),
(1239, 869),
(1239, 1184),
(1239, 1218),
(1239, 1299),
(1239, 1325),
(1239, 230),
(1240, 1326),
(1240, 1323),
(1240, 891),
(1240, 640),
(1240, 1330),
(1240, 593),
(1240, 758),
(1240, 1165),
(1240, 1372),
(1240, 1080),
(1241, 576),
(1241, 497),
(1241, 789),
(1241, 1144),
(1241, 1339),
(1241, 82),
(1241, 1290),
(1241, 1310),
(1241, 55),
(1241, 585),
(1242, 578),
(1242, 579),
(1242, 582),
(1242, 1226),
(1242, 1221),
(1242, 828),
(1242, 507),
(1242, 1228),
(1242, 1311),
(1242, 1222),
(1243, 1228),
(1243, 1216),
(1243, 1277),
(1243, 1187),
(1243, 1058),
(1243, 372),
(1243, 329),
(1243, 1302),
(1243, 1090),
(1243, 508),
(1244, 327),
(1244, 1152),
(1244, 332),
(1244, 330),
(1244, 737),
(1244, 1226),
(1244, 324),
(1244, 451),
(1244, 345),
(1244, 101),
(1245, 786),
(1245, 432),
(1245, 1212),
(1245, 348),
(1245, 354),
(1245, 1339),
(1245, 127),
(1245, 1353),
(1245, 1209),
(1245, 731),
(1246, 1211),
(1246, 1188),
(1246, 1656),
(1246, 1339),
(1246, 1332),
(1246, 709),
(1246, 1225),
(1246, 507),
(1246, 1304),
(1246, 1218),
(1247, 1353),
(1247, 1311),
(1247, 1408),
(1247, 688),
(1247, 790),
(1247, 1207),
(1247, 1227),
(1247, 253),
(1247, 1213),
(1247, 1332),
(1248, 383),
(1248, 249),
(1248, 1300),
(1248, 1619),
(1248, 775),
(1248, 780),
(1248, 193),
(1248, 419),
(1248, 118),
(1248, 427),
(1249, 161),
(1249, 475),
(1249, 846),
(1249, 1070),
(1249, 1077),
(1249, 502),
(1249, 915),
(1249, 1076),
(1249, 1186),
(1249, 781),
(1250, 1070),
(1250, 175),
(1250, 1064),
(1250, 1076),
(1250, 839),
(1250, 242),
(1250, 1130),
(1250, 1071),
(1250, 1062),
(1250, 1129),
(1251, 1361),
(1251, 1535),
(1251, 1417),
(1251, 744),
(1251, 562),
(1251, 555),
(1251, 492),
(1251, 1438),
(1251, 1608),
(1251, 1603),
(1252, 1530),
(1252, 1581),
(1252, 1183),
(1252, 354),
(1252, 323),
(1252, 1185),
(1252, 1627),
(1252, 353),
(1252, 1130),
(1252, 1275),
(1253, 339),
(1253, 500),
(1253, 347),
(1253, 449),
(1253, 1075),
(1253, 501),
(1253, 1070),
(1253, 257),
(1253, 1228),
(1253, 446),
(1254, 1221),
(1254, 1536),
(1254, 1311),
(1254, 1295),
(1254, 1301),
(1254, 1316),
(1254, 1298),
(1254, 1557),
(1254, 1207),
(1254, 1237),
(1255, 241),
(1255, 402),
(1255, 695),
(1255, 1133),
(1255, 1067),
(1255, 1617),
(1255, 396),
(1255, 108),
(1255, 1084),
(1255, 227),
(1256, 562),
(1256, 175),
(1256, 555),
(1256, 27),
(1256, 174),
(1256, 77),
(1256, 1147),
(1256, 1129),
(1256, 1070),
(1256, 1295),
(1257, 1071),
(1257, 1135),
(1257, 364),
(1257, 456),
(1257, 1128),
(1257, 455),
(1257, 492),
(1257, 1070),
(1257, 839),
(1257, 1063),
(1258, 562),
(1258, 1417),
(1258, 555),
(1258, 1361),
(1258, 806),
(1258, 492),
(1258, 1591),
(1258, 1536),
(1258, 1416),
(1258, 1535),
(1259, 1637),
(1259, 1142),
(1259, 636),
(1259, 1480),
(1259, 1065),
(1259, 175),
(1259, 70),
(1259, 658),
(1259, 243),
(1259, 191),
(1260, 1130),
(1260, 704),
(1260, 490),
(1260, 110),
(1260, 1614),
(1260, 285),
(1260, 474),
(1260, 25),
(1260, 1190),
(1260, 493),
(1261, 1419),
(1261, 18),
(1261, 418),
(1261, 476),
(1261, 1317),
(1261, 432),
(1261, 71),
(1261, 1443),
(1261, 1137),
(1261, 1141),
(1262, 161),
(1262, 475),
(1262, 1130),
(1262, 846),
(1262, 1186),
(1262, 1070),
(1262, 702),
(1262, 487),
(1262, 691),
(1262, 502),
(1263, 1144),
(1263, 433),
(1263, 576),
(1263, 1130),
(1263, 175),
(1263, 1153),
(1263, 1145),
(1263, 704),
(1263, 497),
(1263, 1310),
(1264, 1148),
(1264, 1130),
(1264, 625),
(1264, 1230),
(1264, 1262),
(1264, 1195),
(1264, 1435),
(1264, 1341),
(1264, 559),
(1264, 790),
(1265, 326),
(1265, 1293),
(1265, 275),
(1265, 345),
(1265, 537),
(1265, 1130),
(1265, 1153),
(1265, 1311),
(1265, 719),
(1265, 1209),
(1266, 1153),
(1266, 442),
(1266, 427),
(1266, 433),
(1266, 308),
(1266, 1576),
(1266, 1318),
(1266, 1546),
(1266, 1337),
(1266, 1644),
(1267, 269),
(1267, 1171),
(1267, 1307),
(1267, 1410),
(1267, 725),
(1267, 1411),
(1267, 1234),
(1267, 1360),
(1267, 539),
(1267, 886),
(1268, 1144),
(1268, 576),
(1268, 1153),
(1268, 1183),
(1268, 1130),
(1268, 442),
(1268, 55),
(1268, 269),
(1268, 1293),
(1268, 1310),
(1269, 1154),
(1269, 441),
(1269, 54),
(1269, 499),
(1269, 577),
(1269, 1056),
(1269, 89),
(1269, 624),
(1269, 1288),
(1269, 64),
(1270, 1500),
(1270, 1501),
(1270, 1506),
(1270, 1622),
(1270, 403),
(1270, 1620),
(1270, 1119),
(1270, 890),
(1270, 876),
(1270, 1068),
(1271, 1309),
(1271, 435),
(1271, 1147),
(1271, 1183),
(1271, 1305),
(1271, 254),
(1271, 362),
(1271, 1293),
(1271, 881),
(1271, 1179),
(1272, 927),
(1272, 828),
(1272, 331),
(1272, 586),
(1272, 556),
(1272, 100),
(1272, 426),
(1272, 1130),
(1272, 579),
(1272, 499),
(1273, 270),
(1273, 590),
(1273, 1213),
(1273, 1332),
(1273, 1311),
(1273, 269),
(1273, 1221),
(1273, 1435),
(1273, 1341),
(1273, 1212),
(1274, 583),
(1274, 474),
(1274, 48),
(1274, 159),
(1274, 14),
(1274, 927),
(1274, 280),
(1274, 1388),
(1274, 1144),
(1274, 947),
(1275, 1293),
(1275, 1292),
(1275, 1148),
(1275, 1130),
(1275, 52),
(1275, 528),
(1275, 1411),
(1275, 1477),
(1275, 269),
(1275, 828),
(1276, 25),
(1276, 1148),
(1276, 1130),
(1276, 1138),
(1276, 1262),
(1276, 1144),
(1276, 1129),
(1276, 490),
(1276, 460),
(1276, 474),
(1277, 1345),
(1277, 1465),
(1277, 879),
(1277, 64),
(1277, 1243),
(1277, 886),
(1277, 926),
(1277, 1398),
(1277, 379),
(1277, 1397),
(1278, 1183),
(1278, 323),
(1278, 354),
(1278, 1429),
(1278, 1627),
(1278, 1581),
(1278, 1252),
(1278, 1157),
(1278, 415),
(1278, 1584),
(1279, 274),
(1279, 275),
(1279, 100),
(1279, 1190),
(1279, 215),
(1279, 828),
(1279, 60),
(1279, 276),
(1279, 332),
(1279, 435),
(1280, 471),
(1280, 475),
(1280, 414),
(1280, 378),
(1280, 1456),
(1280, 361),
(1280, 437),
(1280, 430),
(1280, 1256),
(1280, 1491),
(1281, 472),
(1281, 52),
(1281, 1181),
(1281, 610),
(1281, 1585),
(1281, 981),
(1281, 624),
(1281, 296),
(1281, 1326),
(1281, 868),
(1282, 1314),
(1282, 332),
(1282, 621),
(1282, 775),
(1282, 419),
(1282, 696),
(1282, 327),
(1282, 325),
(1282, 336),
(1282, 755),
(1283, 435),
(1283, 334),
(1283, 101),
(1283, 1322),
(1283, 428),
(1283, 333),
(1283, 1318),
(1283, 433),
(1283, 456),
(1283, 439),
(1284, 947),
(1284, 312),
(1284, 473),
(1284, 524),
(1284, 8),
(1284, 921),
(1284, 1507),
(1284, 821),
(1284, 887),
(1284, 1123),
(1285, 74),
(1285, 1314),
(1285, 325),
(1285, 332),
(1285, 338),
(1285, 327),
(1285, 1312),
(1285, 345),
(1285, 1310),
(1285, 27),
(1286, 697),
(1286, 957),
(1286, 803),
(1286, 867),
(1286, 1315),
(1286, 145),
(1286, 1313),
(1286, 469),
(1286, 472),
(1286, 1082),
(1287, 388),
(1287, 254),
(1287, 471),
(1287, 787),
(1287, 468),
(1287, 102),
(1287, 93),
(1287, 626),
(1287, 325),
(1287, 461),
(1288, 64),
(1288, 624),
(1288, 499),
(1288, 89),
(1288, 1154),
(1288, 54),
(1288, 1269),
(1288, 441),
(1288, 1465),
(1288, 577),
(1289, 694),
(1289, 702),
(1289, 471),
(1289, 161),
(1289, 1186),
(1289, 502),
(1289, 113),
(1289, 500),
(1289, 1262),
(1289, 846),
(1290, 1310),
(1290, 1144),
(1290, 460),
(1290, 789),
(1290, 209),
(1290, 423),
(1290, 1241),
(1290, 467),
(1290, 1150),
(1290, 1314),
(1291, 332),
(1291, 327),
(1291, 507),
(1291, 578),
(1291, 1186),
(1291, 435),
(1291, 1314),
(1291, 470),
(1291, 472),
(1291, 534),
(1292, 472),
(1292, 454),
(1292, 469),
(1292, 1275),
(1292, 340),
(1292, 610),
(1292, 485),
(1292, 462),
(1292, 828),
(1292, 296),
(1293, 1275),
(1293, 470),
(1293, 345),
(1293, 461),
(1293, 1577),
(1293, 1268),
(1293, 1265),
(1293, 1479),
(1293, 584),
(1293, 1144),
(1294, 325),
(1294, 336),
(1294, 1316),
(1294, 1314),
(1294, 332),
(1294, 74),
(1294, 1547),
(1294, 1322),
(1294, 1073),
(1294, 1412),
(1295, 1221),
(1295, 1311),
(1295, 1316),
(1295, 287),
(1295, 1254),
(1295, 1256),
(1295, 14),
(1295, 559),
(1295, 846),
(1295, 645),
(1296, 1220),
(1296, 1225),
(1296, 1228),
(1296, 1219),
(1296, 1223),
(1296, 1653),
(1296, 1182),
(1296, 284),
(1296, 283),
(1296, 1189),
(1297, 1182),
(1297, 981),
(1297, 1327),
(1297, 462),
(1297, 286),
(1297, 1311),
(1297, 1224),
(1297, 589),
(1297, 1219),
(1297, 472),
(1298, 1208),
(1298, 1311),
(1298, 1227),
(1298, 1220),
(1298, 1219),
(1298, 1332),
(1298, 1221),
(1298, 1254),
(1298, 1225),
(1298, 1214),
(1299, 1218),
(1299, 1238),
(1299, 1239),
(1299, 307),
(1299, 1220),
(1299, 1206),
(1299, 230),
(1299, 145),
(1299, 1339),
(1299, 957),
(1300, 1655),
(1300, 707),
(1300, 1224),
(1300, 286),
(1300, 820),
(1300, 575),
(1300, 923),
(1300, 249),
(1300, 383),
(1300, 1078),
(1301, 1220),
(1301, 1221),
(1301, 287),
(1301, 1254),
(1301, 1227),
(1301, 658),
(1301, 1311),
(1301, 1223),
(1301, 1352),
(1301, 475),
(1302, 1223),
(1302, 1220),
(1302, 1213),
(1302, 1225),
(1302, 1228),
(1302, 1243),
(1302, 1219),
(1302, 1224),
(1302, 1187),
(1302, 1653),
(1303, 1182),
(1303, 1219),
(1303, 1224),
(1303, 286),
(1303, 1327),
(1303, 1311),
(1303, 981),
(1303, 1187),
(1303, 955),
(1303, 1052),
(1304, 1334),
(1304, 1216),
(1304, 955),
(1304, 1187),
(1304, 1220),
(1304, 1225),
(1304, 472),
(1304, 1228),
(1304, 1332),
(1304, 1311),
(1305, 1228),
(1305, 906),
(1305, 373),
(1305, 171),
(1305, 1199),
(1305, 1193),
(1305, 379),
(1305, 378),
(1305, 1225),
(1305, 1229),
(1306, 1397),
(1306, 1218),
(1306, 1220),
(1306, 1223),
(1306, 1184),
(1306, 1228),
(1306, 1243),
(1306, 1219),
(1306, 1238),
(1306, 879),
(1307, 1161),
(1307, 1171),
(1307, 1221),
(1307, 1273),
(1307, 1220),
(1307, 1478),
(1307, 1213),
(1307, 1665),
(1307, 1223),
(1307, 1219),
(1308, 1286),
(1308, 1292),
(1308, 325),
(1308, 467),
(1308, 1144),
(1308, 469),
(1308, 466),
(1308, 472),
(1308, 1182),
(1308, 777),
(1309, 1146),
(1309, 1150),
(1309, 1271),
(1309, 1144),
(1309, 46),
(1309, 1148),
(1309, 527),
(1309, 881),
(1309, 1264),
(1309, 146),
(1310, 1144),
(1310, 1290),
(1310, 1150),
(1310, 576),
(1310, 1155),
(1310, 55),
(1310, 82),
(1310, 1241),
(1310, 585),
(1310, 423),
(1311, 1221),
(1311, 1295),
(1311, 1247),
(1311, 1298),
(1311, 1227),
(1311, 1254),
(1311, 1332),
(1311, 1224),
(1311, 1273),
(1311, 1297),
(1312, 336),
(1312, 1076),
(1312, 1152),
(1312, 428),
(1312, 1203),
(1312, 328),
(1312, 1232),
(1312, 1290),
(1312, 1153),
(1312, 1273),
(1313, 957),
(1313, 788),
(1313, 1152),
(1313, 230),
(1313, 1076),
(1313, 336),
(1313, 1155),
(1313, 688),
(1313, 328),
(1313, 1353),
(1314, 1282),
(1314, 336),
(1314, 328),
(1314, 332),
(1314, 1290),
(1314, 327),
(1314, 1351),
(1314, 1285),
(1314, 428),
(1314, 1076),
(1315, 1076),
(1315, 957),
(1315, 175),
(1315, 697),
(1315, 101),
(1315, 1203),
(1315, 1152),
(1315, 334),
(1315, 333),
(1315, 336),
(1316, 1221),
(1316, 1295),
(1316, 1155),
(1316, 1254),
(1316, 1219),
(1316, 1424),
(1316, 1301),
(1316, 336),
(1316, 1207),
(1316, 1153),
(1317, 18),
(1317, 418),
(1317, 1261),
(1317, 1571),
(1317, 1141),
(1317, 1419),
(1317, 465),
(1317, 1137),
(1317, 432),
(1317, 1336),
(1318, 101),
(1318, 428),
(1318, 1153),
(1318, 1283),
(1318, 336),
(1318, 1076),
(1318, 435),
(1318, 334),
(1318, 845),
(1318, 1273),
(1319, 101),
(1319, 1230),
(1319, 485),
(1319, 324),
(1319, 909),
(1319, 451),
(1319, 346),
(1319, 339),
(1319, 640),
(1319, 477),
(1320, 101),
(1320, 173),
(1320, 334),
(1320, 845),
(1320, 328),
(1320, 1203),
(1320, 336),
(1320, 453),
(1320, 1546),
(1320, 439),
(1321, 1154),
(1321, 1243),
(1321, 1304),
(1321, 1148),
(1321, 1142),
(1321, 381),
(1321, 547),
(1321, 1345),
(1321, 472),
(1321, 329),
(1322, 336),
(1322, 1153),
(1322, 101),
(1322, 1076),
(1322, 845),
(1322, 333),
(1322, 1203),
(1322, 175),
(1322, 334),
(1322, 1283),
(1323, 910),
(1323, 1240),
(1323, 1587),
(1323, 1187),
(1323, 1034),
(1323, 896),
(1323, 1042),
(1323, 1010),
(1323, 919),
(1323, 1080),
(1324, 1187),
(1324, 1587),
(1324, 1219),
(1324, 894),
(1324, 1184),
(1324, 914),
(1324, 1033),
(1324, 1082),
(1324, 818),
(1324, 1014),
(1325, 1187),
(1325, 1184),
(1325, 1014),
(1325, 307),
(1325, 697),
(1325, 1239),
(1325, 957),
(1325, 1218),
(1325, 1228),
(1325, 1299),
(1326, 640),
(1326, 1240),
(1326, 927),
(1326, 419),
(1326, 21),
(1326, 899),
(1326, 472),
(1326, 896),
(1326, 1187),
(1326, 1142),
(1327, 981),
(1327, 462),
(1327, 1187),
(1327, 1297),
(1327, 923),
(1327, 472),
(1327, 924),
(1327, 1303),
(1327, 1587),
(1327, 707),
(1328, 1187),
(1328, 913),
(1328, 1077),
(1328, 1587),
(1328, 578),
(1328, 786),
(1328, 559),
(1328, 1295),
(1328, 1195),
(1328, 1264),
(1329, 1084),
(1329, 403),
(1329, 862),
(1329, 1067),
(1329, 918),
(1329, 890),
(1329, 1505),
(1329, 1620),
(1329, 393),
(1329, 397),
(1330, 1587),
(1330, 910),
(1330, 1240),
(1330, 919),
(1330, 857),
(1330, 1187),
(1330, 978),
(1330, 1034),
(1330, 896),
(1330, 921),
(1331, 1587),
(1331, 1187),
(1331, 1184),
(1331, 1219),
(1331, 914),
(1331, 904),
(1331, 1470),
(1331, 1033),
(1331, 1082),
(1331, 894),
(1332, 1187),
(1332, 1179),
(1332, 1311),
(1332, 1208),
(1332, 1273),
(1332, 1247),
(1332, 253),
(1332, 1227),
(1332, 283),
(1332, 1304),
(1333, 880),
(1333, 990),
(1333, 910),
(1333, 1187),
(1333, 855),
(1333, 1001),
(1333, 932),
(1333, 1098),
(1333, 824),
(1333, 987),
(1334, 1187),
(1334, 1216),
(1334, 1304),
(1334, 955),
(1334, 1090),
(1334, 379),
(1334, 1243),
(1334, 1593),
(1334, 1352),
(1334, 1301),
(1335, 1187),
(1335, 145),
(1335, 1220),
(1335, 1179),
(1335, 13),
(1335, 321),
(1335, 1315),
(1335, 339),
(1335, 1075),
(1335, 1057),
(1336, 1405),
(1336, 1137),
(1336, 338),
(1336, 1187),
(1336, 1317),
(1336, 499),
(1336, 1179),
(1336, 324),
(1336, 1532),
(1336, 1419),
(1337, 1187),
(1337, 1298),
(1337, 1300),
(1337, 1266),
(1337, 383),
(1337, 1593),
(1337, 322),
(1337, 427),
(1337, 1546),
(1337, 1397),
(1338, 1187),
(1338, 1587),
(1338, 923),
(1338, 914),
(1338, 307),
(1338, 981),
(1338, 1243),
(1338, 886),
(1338, 1277),
(1338, 598),
(1339, 1196),
(1339, 1239),
(1339, 1206),
(1339, 1238),
(1339, 230),
(1339, 1241),
(1339, 219),
(1339, 496),
(1339, 1218),
(1339, 1184),
(1340, 126),
(1340, 672),
(1340, 253),
(1340, 1195),
(1340, 15),
(1340, 725),
(1340, 724),
(1340, 665),
(1340, 176),
(1340, 1180),
(1341, 559),
(1341, 1230),
(1341, 725),
(1341, 558),
(1341, 1195),
(1341, 15),
(1341, 579),
(1341, 1366),
(1341, 253),
(1341, 554),
(1342, 126),
(1342, 1180),
(1342, 182),
(1342, 656),
(1342, 1237),
(1342, 15),
(1342, 30),
(1342, 253),
(1342, 672),
(1342, 1195),
(1343, 732),
(1343, 730),
(1343, 1381),
(1343, 686),
(1343, 244),
(1343, 689),
(1343, 724),
(1343, 681),
(1343, 591),
(1343, 1215),
(1344, 377),
(1344, 714),
(1344, 1395),
(1344, 722),
(1344, 1301),
(1344, 627),
(1344, 1180),
(1344, 6),
(1344, 879),
(1344, 686),
(1345, 725),
(1345, 1277),
(1345, 722),
(1345, 64),
(1345, 1465),
(1345, 879),
(1345, 926),
(1345, 981),
(1345, 730),
(1345, 379),
(1346, 126),
(1346, 672),
(1346, 253),
(1346, 1237),
(1346, 665),
(1346, 776),
(1346, 785),
(1346, 777),
(1346, 503),
(1346, 725),
(1347, 672),
(1347, 1237),
(1347, 126),
(1347, 642),
(1347, 1195),
(1347, 1180),
(1347, 253),
(1347, 1328),
(1347, 1408),
(1347, 725),
(1348, 1237),
(1348, 672),
(1348, 6),
(1348, 253),
(1348, 1227),
(1348, 1247),
(1348, 1408),
(1348, 72),
(1348, 1395),
(1348, 1236),
(1349, 782),
(1349, 255),
(1349, 244),
(1349, 591),
(1349, 724),
(1349, 732),
(1349, 430),
(1349, 730),
(1349, 735),
(1349, 1381),
(1350, 672),
(1350, 126),
(1350, 253),
(1350, 591),
(1350, 719),
(1350, 679),
(1350, 1180),
(1350, 1188),
(1350, 1201),
(1350, 725),
(1351, 336),
(1351, 621),
(1351, 328),
(1351, 1232),
(1351, 627),
(1351, 253),
(1351, 672),
(1351, 1314),
(1351, 1301),
(1351, 1194),
(1352, 1057),
(1352, 658),
(1352, 1619),
(1352, 249),
(1352, 1220),
(1352, 1050),
(1352, 24),
(1352, 1216),
(1352, 505),
(1352, 203),
(1353, 253),
(1353, 788),
(1353, 1247),
(1353, 1195),
(1353, 790),
(1353, 786),
(1353, 1202),
(1353, 487),
(1353, 1237),
(1353, 1227),
(1354, 1398),
(1354, 1481),
(1354, 1472),
(1354, 1478),
(1354, 1432),
(1354, 1465),
(1354, 1375),
(1354, 1607),
(1354, 760),
(1354, 1397),
(1355, 722),
(1355, 1395),
(1355, 1362),
(1355, 730),
(1355, 1398),
(1355, 1366),
(1355, 1456),
(1355, 1478),
(1355, 1517),
(1355, 714),
(1356, 379),
(1356, 16),
(1356, 594),
(1356, 1474),
(1356, 791),
(1356, 601),
(1356, 1375),
(1356, 1397),
(1356, 1234),
(1356, 1048),
(1357, 1454),
(1357, 454),
(1357, 457),
(1357, 1541),
(1357, 1395),
(1357, 485),
(1357, 469),
(1357, 487),
(1357, 479),
(1357, 1543),
(1358, 1532),
(1358, 1402),
(1358, 1413),
(1358, 1398),
(1358, 1568),
(1358, 1405),
(1358, 1546),
(1358, 366),
(1358, 1397),
(1358, 485),
(1359, 435),
(1359, 433),
(1359, 1477),
(1359, 427),
(1359, 27),
(1359, 1546),
(1359, 1283),
(1359, 587),
(1359, 1547),
(1359, 1458),
(1360, 1408),
(1360, 1273),
(1360, 1171),
(1360, 1362),
(1360, 1478),
(1360, 1434),
(1360, 1395),
(1360, 1398),
(1360, 1307),
(1360, 1355),
(1361, 1251),
(1361, 1535),
(1361, 1417),
(1361, 1603),
(1361, 1609),
(1361, 1258),
(1361, 1476),
(1361, 1607),
(1361, 1374),
(1361, 1477),
(1362, 1408),
(1362, 1395),
(1362, 1366),
(1362, 1355),
(1362, 1381),
(1362, 1345),
(1362, 1478),
(1362, 722),
(1362, 1398),
(1362, 1364),
(1363, 1574),
(1363, 1442),
(1363, 1397),
(1363, 1394),
(1363, 1359),
(1363, 1557),
(1363, 511),
(1363, 1463),
(1363, 474),
(1363, 1532),
(1364, 1434),
(1364, 1398),
(1364, 1366),
(1364, 1362),
(1364, 1399),
(1364, 1395),
(1364, 1408),
(1364, 1522),
(1364, 1478),
(1364, 559),
(1365, 1360),
(1365, 1275),
(1365, 442),
(1365, 1504),
(1365, 1268),
(1365, 586),
(1365, 1478),
(1365, 1179),
(1365, 1552),
(1365, 382),
(1366, 559),
(1366, 1395),
(1366, 1362),
(1366, 1364),
(1366, 1478),
(1366, 1341),
(1366, 1408),
(1366, 1355),
(1366, 1193),
(1366, 1192),
(1367, 938),
(1367, 930),
(1367, 696),
(1367, 1484),
(1367, 935),
(1367, 132),
(1367, 887),
(1367, 949),
(1367, 1645),
(1367, 1368),
(1368, 194),
(1368, 696),
(1368, 189),
(1368, 204),
(1368, 196),
(1368, 1512),
(1368, 1098),
(1368, 118),
(1368, 202),
(1368, 474),
(1369, 1459),
(1369, 1462),
(1369, 1619),
(1369, 1050),
(1369, 298),
(1369, 204),
(1369, 193),
(1369, 1595),
(1369, 1512),
(1369, 990),
(1370, 1431),
(1370, 1661),
(1370, 1496),
(1370, 1572),
(1370, 1543),
(1370, 1463),
(1370, 1520),
(1370, 1458),
(1370, 1565),
(1370, 1582),
(1371, 1369),
(1371, 1140),
(1371, 1544),
(1371, 1459),
(1371, 1419),
(1371, 1512),
(1371, 457),
(1371, 1562),
(1371, 1455),
(1371, 880),
(1372, 835),
(1372, 1097),
(1372, 1106),
(1372, 837),
(1372, 1021),
(1372, 916),
(1372, 204),
(1372, 864),
(1372, 1240),
(1372, 170),
(1373, 573),
(1373, 1385),
(1373, 446),
(1373, 1398),
(1373, 1478),
(1373, 441),
(1373, 1573),
(1373, 443),
(1373, 1397),
(1373, 558),
(1374, 1472),
(1374, 555),
(1374, 562),
(1374, 1406),
(1374, 1591),
(1374, 1476),
(1374, 1417),
(1374, 1608),
(1374, 1607),
(1374, 1528),
(1375, 291),
(1375, 1462),
(1375, 1433),
(1375, 305),
(1375, 1193),
(1375, 1374),
(1375, 1354),
(1375, 1426),
(1375, 122),
(1375, 1528),
(1376, 1450),
(1376, 1369),
(1376, 1459),
(1376, 1616),
(1376, 1612),
(1376, 1615),
(1376, 1039),
(1376, 1367),
(1376, 1368),
(1376, 1629),
(1377, 1464),
(1377, 1054),
(1377, 1048),
(1377, 997),
(1377, 314),
(1377, 995),
(1377, 991),
(1377, 854),
(1377, 594),
(1377, 1589),
(1378, 1052),
(1378, 383),
(1378, 1465),
(1378, 1079),
(1378, 1085),
(1378, 818),
(1378, 1038),
(1378, 826),
(1378, 1033),
(1378, 1041),
(1379, 686),
(1379, 1618),
(1379, 1519),
(1379, 712),
(1379, 801),
(1379, 49),
(1379, 619),
(1379, 677),
(1379, 1601),
(1379, 416),
(1380, 1069),
(1380, 190),
(1380, 242),
(1380, 1060),
(1380, 1629),
(1380, 1660),
(1380, 1518),
(1380, 1104),
(1380, 1625),
(1380, 154),
(1381, 1343),
(1381, 1362),
(1381, 730),
(1381, 732),
(1381, 724),
(1381, 1399),
(1381, 713),
(1381, 686),
(1381, 1628),
(1381, 244),
(1382, 1572),
(1382, 1463),
(1382, 1565),
(1382, 1666),
(1382, 1670),
(1382, 1661),
(1382, 1534),
(1382, 1582),
(1382, 1656),
(1382, 1545),
(1383, 1088),
(1383, 818),
(1383, 957),
(1383, 604),
(1383, 826),
(1383, 1033),
(1383, 1079),
(1383, 1052),
(1383, 877),
(1383, 1041),
(1384, 110),
(1384, 248),
(1384, 1015),
(1384, 132),
(1384, 690),
(1384, 704),
(1384, 238),
(1384, 474),
(1384, 571),
(1384, 1018),
(1385, 1452),
(1385, 446),
(1385, 1623),
(1385, 573),
(1385, 1397),
(1385, 445),
(1385, 1555),
(1385, 1509),
(1385, 1398),
(1385, 1373),
(1386, 236),
(1386, 708),
(1386, 151),
(1386, 678),
(1386, 1446),
(1386, 953),
(1386, 1005),
(1386, 1222),
(1386, 673),
(1386, 951),
(1387, 246),
(1387, 705),
(1387, 715),
(1387, 713),
(1387, 707),
(1387, 116),
(1387, 1391),
(1387, 1446),
(1387, 706),
(1387, 731),
(1388, 1492),
(1388, 238),
(1388, 8),
(1388, 48),
(1388, 110),
(1388, 104),
(1388, 75),
(1388, 221),
(1388, 62),
(1388, 1507),
(1389, 231),
(1389, 1390),
(1389, 115),
(1389, 1427),
(1389, 12),
(1389, 195),
(1389, 224),
(1389, 7),
(1389, 1),
(1389, 226),
(1390, 1389),
(1390, 201),
(1390, 1427),
(1390, 115),
(1390, 1546),
(1390, 109),
(1390, 716),
(1390, 195),
(1390, 1484),
(1390, 1398),
(1391, 109),
(1391, 1658),
(1391, 1387),
(1391, 201),
(1391, 716),
(1391, 1519),
(1391, 116),
(1391, 707),
(1391, 1389),
(1391, 705),
(1392, 1658),
(1392, 201),
(1392, 1659),
(1392, 188),
(1392, 238),
(1392, 713),
(1392, 718),
(1392, 109),
(1392, 197),
(1392, 706),
(1393, 394),
(1393, 393),
(1393, 403),
(1393, 409),
(1393, 410),
(1393, 401),
(1393, 406),
(1393, 407),
(1393, 876),
(1393, 1027),
(1394, 1398),
(1394, 1532),
(1394, 730),
(1394, 564),
(1394, 1546),
(1394, 1541),
(1394, 1362),
(1394, 377),
(1394, 1451),
(1394, 879),
(1395, 1362),
(1395, 1366),
(1395, 1355),
(1395, 1643),
(1395, 1408),
(1395, 1357),
(1395, 377),
(1395, 1344),
(1395, 1557),
(1395, 1456),
(1396, 510),
(1396, 1566),
(1396, 1398),
(1396, 1522),
(1396, 1526),
(1396, 1364),
(1396, 1451),
(1396, 558),
(1396, 515),
(1396, 1557),
(1397, 1398),
(1397, 1623),
(1397, 1452),
(1397, 1385),
(1397, 1306),
(1397, 1532),
(1397, 1478),
(1397, 1555),
(1397, 1465),
(1397, 1277),
(1398, 1397),
(1398, 1394),
(1398, 1364),
(1398, 1481),
(1398, 1465),
(1398, 730),
(1398, 1354),
(1398, 1532),
(1398, 1546),
(1398, 1385),
(1399, 1526),
(1399, 1451),
(1399, 1408),
(1399, 220),
(1399, 724),
(1399, 1364),
(1399, 1381),
(1399, 1362),
(1399, 1515),
(1399, 1423),
(1400, 1504),
(1400, 1466),
(1400, 1422),
(1400, 1620),
(1400, 1469),
(1400, 1477),
(1400, 1413),
(1400, 1405),
(1400, 1552),
(1400, 1627),
(1401, 1525),
(1401, 1529),
(1401, 1370),
(1401, 1539),
(1401, 1463),
(1401, 1425),
(1401, 1565),
(1401, 1651),
(1401, 1577),
(1401, 1534),
(1402, 1358),
(1402, 367),
(1402, 1552),
(1402, 1359),
(1402, 566),
(1402, 1586),
(1402, 1442),
(1402, 1585),
(1402, 1445),
(1402, 1413),
(1403, 1447),
(1403, 1422),
(1403, 1610),
(1403, 583),
(1403, 668),
(1403, 1400),
(1403, 1573),
(1403, 1002),
(1403, 584),
(1403, 802),
(1404, 1419),
(1404, 433),
(1404, 1439),
(1404, 1151),
(1404, 1469),
(1404, 1422),
(1404, 1596),
(1404, 1447),
(1404, 1606),
(1404, 1477),
(1405, 1596),
(1405, 1573),
(1405, 1532),
(1405, 1447),
(1405, 1498),
(1405, 1585),
(1405, 1358),
(1405, 1469),
(1405, 1504),
(1405, 1422),
(1406, 1528),
(1406, 1417),
(1406, 1602),
(1406, 562),
(1406, 1476),
(1406, 122),
(1406, 1374),
(1406, 555),
(1406, 1447),
(1406, 83),
(1407, 1362),
(1407, 1417),
(1407, 1415),
(1407, 1437),
(1407, 1423),
(1407, 1416),
(1407, 1366),
(1407, 1395),
(1407, 555),
(1407, 766),
(1408, 1362),
(1408, 1247),
(1408, 1440),
(1408, 1237),
(1408, 1395),
(1408, 1399),
(1408, 1366),
(1408, 725),
(1408, 1345),
(1408, 1221),
(1409, 1521),
(1409, 1504),
(1409, 1399),
(1409, 1417),
(1409, 1398),
(1409, 1362),
(1409, 1566),
(1409, 1555),
(1409, 1418),
(1409, 1397),
(1410, 1398),
(1410, 1212),
(1410, 1585),
(1410, 1465),
(1410, 1208),
(1410, 1652),
(1410, 1362),
(1410, 1378),
(1410, 1590),
(1410, 1623),
(1411, 1275),
(1411, 353),
(1411, 366),
(1411, 1532),
(1411, 763),
(1411, 1273),
(1411, 269),
(1411, 1477),
(1411, 427),
(1411, 1405),
(1412, 1620),
(1412, 1552),
(1412, 1669),
(1412, 1405),
(1412, 1547),
(1412, 1504),
(1412, 1359),
(1412, 1500),
(1412, 1400),
(1412, 561),
(1413, 1477),
(1413, 342),
(1413, 1358),
(1413, 1568),
(1413, 1585),
(1413, 345),
(1413, 1230),
(1413, 1604),
(1413, 1400),
(1413, 1532),
(1414, 419),
(1414, 1532),
(1414, 366),
(1414, 342),
(1414, 412),
(1414, 1358),
(1414, 1345),
(1414, 1585),
(1414, 1568),
(1414, 1212),
(1415, 1407),
(1415, 1475),
(1415, 1437),
(1415, 998),
(1415, 1536),
(1415, 1002),
(1415, 1468),
(1415, 1547),
(1415, 1270),
(1415, 1147),
(1416, 1423),
(1416, 1407),
(1416, 1258),
(1416, 1362),
(1416, 562),
(1416, 1608),
(1416, 1602),
(1416, 1406),
(1416, 1591),
(1416, 555),
(1417, 1476),
(1417, 562),
(1417, 1406),
(1417, 555),
(1417, 1609),
(1417, 1361),
(1417, 1602),
(1417, 1535),
(1417, 1528),
(1417, 122),
(1418, 1177),
(1418, 1166),
(1418, 522),
(1418, 1469),
(1418, 1400),
(1418, 763),
(1418, 1407),
(1418, 1620),
(1418, 1161),
(1418, 1024),
(1419, 1261),
(1419, 1443),
(1419, 1595),
(1419, 476),
(1419, 1562),
(1419, 18),
(1419, 1405),
(1419, 1544),
(1419, 1317),
(1419, 1185),
(1420, 491),
(1420, 1443),
(1420, 490),
(1420, 1442),
(1420, 566),
(1420, 553),
(1420, 560),
(1420, 1559),
(1420, 494),
(1420, 489),
(1421, 1432),
(1421, 1532),
(1421, 1536),
(1421, 1472),
(1421, 1398),
(1421, 1537),
(1421, 1358),
(1421, 1465),
(1421, 1538),
(1421, 1478),
(1422, 1610),
(1422, 1400),
(1422, 1405),
(1422, 1403),
(1422, 1447),
(1422, 1504),
(1422, 1442),
(1422, 1528),
(1422, 1537),
(1422, 1538),
(1423, 1536),
(1423, 1256),
(1423, 1408),
(1423, 1407),
(1423, 1147),
(1423, 1254);
INSERT INTO `matched_tasks` (`task_id`, `match_task_id`) VALUES
(1423, 1417),
(1423, 1416),
(1423, 77),
(1423, 1399),
(1424, 1316),
(1424, 1219),
(1424, 1568),
(1424, 1477),
(1424, 1311),
(1424, 1182),
(1424, 1303),
(1424, 1555),
(1424, 1297),
(1424, 1604),
(1425, 1577),
(1425, 1539),
(1425, 1534),
(1425, 1651),
(1425, 1550),
(1425, 1661),
(1425, 1463),
(1425, 1565),
(1425, 1670),
(1425, 1506),
(1426, 1075),
(1426, 339),
(1426, 1389),
(1426, 1374),
(1426, 1375),
(1426, 195),
(1426, 259),
(1426, 347),
(1426, 1370),
(1426, 257),
(1427, 1389),
(1427, 1390),
(1427, 1453),
(1427, 1397),
(1427, 115),
(1427, 3),
(1427, 1478),
(1427, 259),
(1427, 224),
(1427, 106),
(1428, 985),
(1428, 1374),
(1428, 1589),
(1428, 1476),
(1428, 1603),
(1428, 291),
(1428, 1358),
(1428, 1402),
(1428, 984),
(1428, 1417),
(1429, 1627),
(1429, 1252),
(1429, 1183),
(1429, 259),
(1429, 262),
(1429, 1278),
(1429, 1564),
(1429, 354),
(1429, 1275),
(1429, 51),
(1430, 520),
(1430, 1481),
(1430, 1472),
(1430, 1635),
(1430, 1402),
(1430, 1358),
(1430, 511),
(1430, 1373),
(1430, 1478),
(1430, 1385),
(1431, 1661),
(1431, 1496),
(1431, 1463),
(1431, 1370),
(1431, 1565),
(1431, 1458),
(1431, 1520),
(1431, 1534),
(1431, 1670),
(1431, 1622),
(1432, 543),
(1432, 1555),
(1432, 1465),
(1432, 1532),
(1432, 1607),
(1432, 1472),
(1432, 1421),
(1432, 1568),
(1432, 1398),
(1432, 1185),
(1433, 271),
(1433, 1375),
(1433, 1528),
(1433, 1558),
(1433, 1472),
(1433, 291),
(1433, 1551),
(1433, 263),
(1433, 379),
(1433, 1555),
(1434, 1364),
(1434, 1493),
(1434, 1398),
(1434, 1408),
(1434, 1345),
(1434, 1360),
(1434, 1362),
(1434, 1555),
(1434, 1482),
(1434, 725),
(1435, 343),
(1435, 725),
(1435, 722),
(1435, 543),
(1435, 1345),
(1435, 1341),
(1435, 559),
(1435, 1273),
(1435, 714),
(1435, 554),
(1436, 291),
(1436, 635),
(1436, 652),
(1436, 1375),
(1436, 840),
(1436, 656),
(1436, 711),
(1436, 1459),
(1436, 1618),
(1436, 158),
(1437, 27),
(1437, 1407),
(1437, 1518),
(1437, 1415),
(1437, 1417),
(1437, 1492),
(1437, 77),
(1437, 74),
(1437, 1256),
(1437, 1359),
(1438, 1518),
(1438, 1531),
(1438, 1431),
(1438, 117),
(1438, 726),
(1438, 1535),
(1438, 1417),
(1438, 1370),
(1438, 1359),
(1438, 1447),
(1439, 433),
(1439, 1576),
(1439, 146),
(1439, 1477),
(1439, 254),
(1439, 1431),
(1439, 209),
(1439, 427),
(1439, 1263),
(1439, 135),
(1440, 1408),
(1440, 182),
(1440, 1253),
(1440, 665),
(1440, 1254),
(1440, 1342),
(1440, 726),
(1440, 1431),
(1440, 1395),
(1440, 1340),
(1441, 494),
(1441, 1538),
(1441, 492),
(1441, 1455),
(1441, 1457),
(1441, 1531),
(1441, 1555),
(1441, 490),
(1441, 1438),
(1441, 1536),
(1442, 490),
(1442, 494),
(1442, 491),
(1442, 1582),
(1442, 1538),
(1442, 1420),
(1442, 492),
(1442, 493),
(1442, 1138),
(1442, 489),
(1443, 490),
(1443, 494),
(1443, 1185),
(1443, 1419),
(1443, 1420),
(1443, 1405),
(1443, 1562),
(1443, 493),
(1443, 1358),
(1443, 492),
(1444, 1582),
(1444, 1565),
(1444, 1534),
(1444, 1463),
(1444, 1670),
(1444, 1661),
(1444, 1666),
(1444, 1496),
(1444, 1467),
(1444, 1458),
(1445, 1524),
(1445, 1547),
(1445, 1568),
(1445, 1528),
(1445, 760),
(1445, 1358),
(1445, 1400),
(1445, 1402),
(1445, 1406),
(1445, 1405),
(1446, 1490),
(1446, 707),
(1446, 1650),
(1446, 1633),
(1446, 1387),
(1446, 518),
(1446, 775),
(1446, 286),
(1446, 1644),
(1446, 930),
(1447, 1405),
(1447, 1406),
(1447, 1403),
(1447, 1528),
(1447, 1610),
(1447, 1438),
(1447, 1422),
(1447, 1524),
(1447, 1419),
(1447, 27),
(1448, 1052),
(1448, 830),
(1448, 819),
(1448, 924),
(1448, 383),
(1448, 1378),
(1448, 981),
(1448, 589),
(1448, 850),
(1448, 379),
(1449, 1288),
(1449, 1410),
(1449, 624),
(1449, 1378),
(1449, 823),
(1449, 1514),
(1449, 1414),
(1449, 589),
(1449, 1038),
(1449, 1052),
(1450, 1629),
(1450, 1615),
(1450, 1380),
(1450, 1632),
(1450, 1654),
(1450, 1060),
(1450, 1618),
(1450, 1376),
(1450, 1459),
(1450, 1591),
(1451, 1399),
(1451, 1394),
(1451, 1541),
(1451, 1557),
(1451, 1364),
(1451, 1521),
(1451, 1366),
(1451, 1526),
(1451, 1398),
(1451, 1477),
(1452, 1385),
(1452, 1397),
(1452, 1623),
(1452, 446),
(1452, 448),
(1452, 1478),
(1452, 1635),
(1452, 1398),
(1452, 1509),
(1452, 322),
(1453, 1397),
(1453, 436),
(1453, 1427),
(1453, 1541),
(1453, 1573),
(1453, 1623),
(1453, 1574),
(1453, 1489),
(1453, 475),
(1453, 1478),
(1454, 1357),
(1454, 426),
(1454, 483),
(1454, 1543),
(1454, 1504),
(1454, 485),
(1454, 1540),
(1454, 1385),
(1454, 1140),
(1454, 487),
(1455, 436),
(1455, 1575),
(1455, 1357),
(1455, 1557),
(1455, 1359),
(1455, 1397),
(1455, 1538),
(1455, 1441),
(1455, 483),
(1455, 1419),
(1456, 1395),
(1456, 1355),
(1456, 1654),
(1456, 1515),
(1456, 1557),
(1456, 1362),
(1456, 1539),
(1456, 1280),
(1456, 1649),
(1456, 1563),
(1457, 1397),
(1457, 436),
(1457, 1385),
(1457, 1441),
(1457, 1398),
(1457, 1555),
(1457, 1394),
(1457, 1389),
(1457, 1355),
(1457, 1142),
(1458, 1578),
(1458, 1463),
(1458, 1661),
(1458, 1534),
(1458, 1565),
(1458, 1666),
(1458, 1670),
(1458, 1539),
(1458, 1622),
(1458, 1501),
(1459, 1369),
(1459, 1619),
(1459, 298),
(1459, 299),
(1459, 1632),
(1459, 1629),
(1459, 189),
(1459, 195),
(1459, 1050),
(1459, 294),
(1460, 190),
(1460, 1060),
(1460, 189),
(1460, 1491),
(1460, 646),
(1460, 193),
(1460, 1631),
(1460, 205),
(1460, 1006),
(1460, 477),
(1461, 187),
(1461, 639),
(1461, 710),
(1461, 717),
(1461, 778),
(1461, 1648),
(1461, 658),
(1461, 200),
(1461, 192),
(1461, 681),
(1462, 298),
(1462, 1619),
(1462, 1369),
(1462, 1375),
(1462, 299),
(1462, 1057),
(1462, 1632),
(1462, 195),
(1462, 187),
(1462, 369),
(1463, 1534),
(1463, 1661),
(1463, 1458),
(1463, 1565),
(1463, 1670),
(1463, 1578),
(1463, 1520),
(1463, 1666),
(1463, 1594),
(1463, 1501),
(1464, 1377),
(1464, 1054),
(1464, 1048),
(1464, 997),
(1464, 854),
(1464, 798),
(1464, 1589),
(1464, 314),
(1464, 871),
(1464, 991),
(1465, 1052),
(1465, 886),
(1465, 1277),
(1465, 1345),
(1465, 64),
(1465, 879),
(1465, 1378),
(1465, 1398),
(1465, 926),
(1465, 829),
(1466, 863),
(1466, 848),
(1466, 870),
(1466, 856),
(1466, 877),
(1466, 1400),
(1466, 884),
(1466, 1120),
(1466, 1112),
(1466, 826),
(1467, 1594),
(1467, 1463),
(1467, 1565),
(1467, 1661),
(1467, 1534),
(1467, 1651),
(1467, 1554),
(1467, 1550),
(1467, 1670),
(1467, 1656),
(1468, 992),
(1468, 998),
(1468, 1467),
(1468, 1594),
(1468, 1572),
(1468, 1539),
(1468, 1651),
(1468, 1609),
(1468, 1587),
(1468, 1591),
(1469, 1606),
(1469, 1504),
(1469, 1405),
(1469, 1400),
(1469, 1596),
(1469, 1627),
(1469, 1418),
(1469, 1404),
(1469, 1466),
(1469, 1422),
(1470, 1467),
(1470, 1594),
(1470, 1055),
(1470, 1587),
(1470, 894),
(1470, 1464),
(1470, 799),
(1470, 988),
(1470, 697),
(1470, 904),
(1471, 1591),
(1471, 1467),
(1471, 1594),
(1471, 992),
(1471, 998),
(1471, 795),
(1471, 1592),
(1471, 1464),
(1471, 1585),
(1471, 1646),
(1472, 1481),
(1472, 1635),
(1472, 1482),
(1472, 264),
(1472, 1354),
(1472, 1374),
(1472, 1432),
(1472, 543),
(1472, 1478),
(1472, 1528),
(1473, 791),
(1473, 562),
(1473, 985),
(1473, 1048),
(1473, 594),
(1473, 555),
(1473, 291),
(1473, 1417),
(1473, 794),
(1473, 1054),
(1474, 1356),
(1474, 1374),
(1474, 1589),
(1474, 1417),
(1474, 1603),
(1474, 208),
(1474, 791),
(1474, 16),
(1474, 1476),
(1474, 1433),
(1475, 1147),
(1475, 1415),
(1475, 1144),
(1475, 1150),
(1475, 1264),
(1475, 1295),
(1475, 359),
(1475, 254),
(1475, 1276),
(1475, 998),
(1476, 1417),
(1476, 562),
(1476, 555),
(1476, 1406),
(1476, 122),
(1476, 1374),
(1476, 77),
(1476, 1609),
(1476, 1528),
(1476, 1602),
(1477, 1147),
(1477, 1359),
(1477, 1413),
(1477, 1130),
(1477, 1530),
(1477, 1148),
(1477, 1585),
(1477, 1275),
(1477, 1439),
(1477, 1568),
(1478, 1397),
(1478, 1366),
(1478, 1362),
(1478, 1385),
(1478, 1472),
(1478, 1355),
(1478, 1395),
(1478, 1481),
(1478, 1574),
(1478, 1398),
(1479, 1554),
(1479, 1463),
(1479, 1534),
(1479, 1565),
(1479, 1578),
(1479, 1666),
(1479, 1670),
(1479, 1661),
(1479, 1560),
(1479, 1594),
(1480, 1635),
(1480, 243),
(1480, 636),
(1480, 1637),
(1480, 1065),
(1480, 644),
(1480, 240),
(1480, 1634),
(1480, 1385),
(1480, 1660),
(1481, 1635),
(1481, 1472),
(1481, 1398),
(1481, 1354),
(1481, 520),
(1481, 1634),
(1481, 1623),
(1481, 1465),
(1481, 645),
(1481, 1478),
(1482, 1472),
(1482, 1634),
(1482, 1637),
(1482, 1635),
(1482, 264),
(1482, 520),
(1482, 1434),
(1482, 1364),
(1482, 635),
(1482, 637),
(1483, 1638),
(1483, 1670),
(1483, 1534),
(1483, 1656),
(1483, 1560),
(1483, 1463),
(1483, 1651),
(1483, 1565),
(1483, 1661),
(1483, 1496),
(1484, 192),
(1484, 118),
(1484, 1378),
(1484, 1390),
(1484, 696),
(1484, 1659),
(1484, 1421),
(1484, 1368),
(1484, 1640),
(1484, 1367),
(1485, 192),
(1485, 187),
(1485, 1461),
(1485, 1658),
(1485, 1542),
(1485, 639),
(1485, 1649),
(1485, 1659),
(1485, 1631),
(1485, 1640),
(1486, 1208),
(1486, 604),
(1486, 1378),
(1486, 192),
(1486, 981),
(1486, 118),
(1486, 1410),
(1486, 1052),
(1486, 1659),
(1486, 464),
(1487, 1566),
(1487, 192),
(1487, 1394),
(1487, 1658),
(1487, 1489),
(1487, 1659),
(1487, 1397),
(1487, 1208),
(1487, 1480),
(1487, 879),
(1488, 186),
(1488, 191),
(1488, 235),
(1488, 1637),
(1488, 1665),
(1488, 154),
(1488, 1066),
(1488, 1624),
(1488, 109),
(1488, 196),
(1489, 1397),
(1489, 1518),
(1489, 1637),
(1489, 1624),
(1489, 1649),
(1489, 1648),
(1489, 194),
(1489, 1521),
(1489, 1453),
(1489, 1631),
(1490, 1650),
(1490, 930),
(1490, 1446),
(1490, 938),
(1490, 775),
(1490, 1651),
(1490, 935),
(1490, 1647),
(1490, 1645),
(1490, 774),
(1491, 1629),
(1491, 1631),
(1491, 1460),
(1491, 189),
(1491, 658),
(1491, 246),
(1491, 1343),
(1491, 430),
(1491, 437),
(1491, 1352),
(1492, 1388),
(1492, 8),
(1492, 238),
(1492, 14),
(1492, 62),
(1492, 221),
(1492, 17),
(1492, 183),
(1492, 474),
(1492, 1507),
(1493, 1434),
(1493, 220),
(1493, 1364),
(1493, 16),
(1493, 638),
(1493, 558),
(1493, 726),
(1493, 1482),
(1493, 559),
(1493, 1142),
(1494, 30),
(1494, 11),
(1494, 201),
(1494, 244),
(1494, 228),
(1494, 23),
(1494, 21),
(1494, 718),
(1494, 14),
(1494, 1343),
(1495, 2),
(1495, 634),
(1495, 23),
(1495, 16),
(1495, 730),
(1495, 229),
(1495, 30),
(1495, 11),
(1495, 17),
(1495, 21),
(1496, 1661),
(1496, 1431),
(1496, 1534),
(1496, 1670),
(1496, 1463),
(1496, 1565),
(1496, 1560),
(1496, 1483),
(1496, 1594),
(1496, 1582),
(1497, 403),
(1497, 393),
(1497, 1393),
(1497, 406),
(1497, 410),
(1497, 397),
(1497, 394),
(1497, 1502),
(1497, 1103),
(1497, 941),
(1498, 1621),
(1498, 1544),
(1498, 1505),
(1498, 1623),
(1498, 1590),
(1498, 1405),
(1498, 1532),
(1498, 1585),
(1498, 1506),
(1498, 1622),
(1499, 392),
(1499, 1546),
(1499, 1618),
(1499, 379),
(1499, 273),
(1499, 1509),
(1499, 1641),
(1499, 311),
(1499, 1629),
(1499, 13),
(1500, 1270),
(1500, 1620),
(1500, 1504),
(1500, 837),
(1500, 393),
(1500, 1506),
(1500, 1622),
(1500, 1119),
(1500, 403),
(1500, 876),
(1501, 1506),
(1501, 1622),
(1501, 1565),
(1501, 1463),
(1501, 1661),
(1501, 1670),
(1501, 1534),
(1501, 1545),
(1501, 1638),
(1501, 1458),
(1502, 393),
(1502, 410),
(1502, 1497),
(1502, 982),
(1502, 1393),
(1502, 403),
(1502, 1092),
(1502, 1027),
(1502, 1521),
(1502, 1500),
(1503, 1628),
(1503, 1395),
(1503, 766),
(1503, 444),
(1503, 1643),
(1503, 1362),
(1503, 1563),
(1503, 410),
(1503, 1640),
(1503, 6),
(1504, 1400),
(1504, 1627),
(1504, 1620),
(1504, 1500),
(1504, 1469),
(1504, 1454),
(1504, 1405),
(1504, 1606),
(1504, 1362),
(1504, 1498),
(1505, 1621),
(1505, 403),
(1505, 837),
(1505, 1103),
(1505, 521),
(1505, 393),
(1505, 394),
(1505, 1501),
(1505, 1622),
(1505, 1498),
(1506, 1622),
(1506, 1565),
(1506, 1463),
(1506, 1661),
(1506, 1670),
(1506, 1534),
(1506, 1545),
(1506, 1638),
(1506, 1458),
(1506, 1651),
(1507, 1023),
(1507, 132),
(1507, 125),
(1507, 947),
(1507, 1662),
(1507, 128),
(1507, 1492),
(1507, 1016),
(1507, 238),
(1507, 1388),
(1508, 123),
(1508, 133),
(1508, 693),
(1508, 677),
(1508, 533),
(1508, 534),
(1508, 684),
(1508, 124),
(1508, 526),
(1508, 680),
(1509, 1623),
(1509, 1385),
(1509, 190),
(1509, 1020),
(1509, 692),
(1509, 1061),
(1509, 131),
(1509, 1499),
(1509, 1546),
(1509, 1452),
(1510, 120),
(1510, 133),
(1510, 131),
(1510, 1569),
(1510, 1498),
(1510, 1405),
(1510, 1385),
(1510, 90),
(1510, 1665),
(1510, 1358),
(1511, 1666),
(1511, 1463),
(1511, 1661),
(1511, 1565),
(1511, 1670),
(1511, 1554),
(1511, 1594),
(1511, 1651),
(1511, 1431),
(1511, 1534),
(1512, 696),
(1512, 1368),
(1512, 1369),
(1512, 290),
(1512, 474),
(1512, 990),
(1512, 204),
(1512, 692),
(1512, 481),
(1512, 775),
(1513, 1562),
(1513, 1624),
(1513, 453),
(1513, 626),
(1513, 1285),
(1513, 1294),
(1513, 1451),
(1513, 1168),
(1513, 978),
(1513, 1165),
(1514, 624),
(1514, 1481),
(1514, 1623),
(1514, 520),
(1514, 722),
(1514, 673),
(1514, 1410),
(1514, 631),
(1514, 1288),
(1514, 1590),
(1515, 1456),
(1515, 1395),
(1515, 1557),
(1515, 674),
(1515, 1563),
(1515, 1399),
(1515, 1654),
(1515, 1221),
(1515, 1311),
(1515, 1585),
(1516, 239),
(1516, 183),
(1516, 180),
(1516, 108),
(1516, 247),
(1516, 259),
(1516, 1492),
(1516, 92),
(1516, 182),
(1516, 1431),
(1517, 258),
(1517, 1362),
(1517, 1355),
(1517, 722),
(1517, 239),
(1517, 591),
(1517, 1559),
(1517, 144),
(1517, 724),
(1517, 1478),
(1518, 175),
(1518, 174),
(1518, 1438),
(1518, 1380),
(1518, 1250),
(1518, 1070),
(1518, 1489),
(1518, 1397),
(1518, 1521),
(1518, 180),
(1519, 211),
(1519, 1362),
(1519, 705),
(1519, 1395),
(1519, 1408),
(1519, 1579),
(1519, 520),
(1519, 1379),
(1519, 606),
(1519, 239),
(1520, 1463),
(1520, 1670),
(1520, 1661),
(1520, 1534),
(1520, 1666),
(1520, 1565),
(1520, 1651),
(1520, 1501),
(1520, 1622),
(1520, 1506),
(1521, 1566),
(1521, 1518),
(1521, 1637),
(1521, 1397),
(1521, 1530),
(1521, 1489),
(1521, 1636),
(1521, 1438),
(1521, 1555),
(1521, 1478),
(1522, 1364),
(1522, 1399),
(1522, 1398),
(1522, 1321),
(1522, 1566),
(1522, 1396),
(1522, 1451),
(1522, 1526),
(1522, 1394),
(1522, 515),
(1523, 1545),
(1523, 1592),
(1523, 1445),
(1523, 1146),
(1523, 1400),
(1523, 1471),
(1523, 1530),
(1523, 792),
(1523, 1572),
(1523, 1566),
(1524, 1445),
(1524, 1547),
(1524, 1447),
(1524, 1405),
(1524, 1406),
(1524, 1596),
(1524, 1548),
(1524, 1530),
(1524, 1317),
(1524, 1610),
(1525, 1401),
(1525, 1529),
(1525, 1539),
(1525, 1425),
(1525, 1370),
(1525, 1545),
(1525, 1463),
(1525, 1651),
(1525, 1565),
(1525, 1661),
(1526, 1399),
(1526, 1398),
(1526, 1364),
(1526, 1451),
(1526, 1396),
(1526, 1243),
(1526, 1142),
(1526, 1515),
(1526, 1405),
(1526, 1522),
(1527, 1447),
(1527, 1419),
(1527, 1521),
(1527, 1400),
(1527, 1371),
(1527, 1443),
(1527, 1405),
(1527, 1261),
(1527, 1445),
(1527, 1522),
(1528, 1406),
(1528, 1417),
(1528, 1472),
(1528, 1433),
(1528, 1374),
(1528, 1555),
(1528, 1551),
(1528, 1476),
(1528, 1556),
(1528, 1447),
(1529, 1401),
(1529, 1525),
(1529, 1374),
(1529, 1504),
(1529, 1539),
(1529, 1378),
(1529, 1370),
(1529, 1426),
(1529, 1402),
(1529, 1545),
(1530, 1252),
(1530, 1477),
(1530, 1581),
(1530, 1564),
(1530, 1521),
(1530, 1627),
(1530, 492),
(1530, 1361),
(1530, 1439),
(1530, 323),
(1531, 1438),
(1531, 1441),
(1531, 1440),
(1531, 224),
(1531, 117),
(1531, 1580),
(1531, 1555),
(1531, 573),
(1531, 1510),
(1531, 1454),
(1532, 1358),
(1532, 1394),
(1532, 1398),
(1532, 1397),
(1532, 366),
(1532, 1432),
(1532, 1405),
(1532, 1546),
(1532, 1585),
(1532, 1498),
(1533, 492),
(1533, 1464),
(1533, 304),
(1533, 314),
(1533, 495),
(1533, 1377),
(1533, 1444),
(1533, 1054),
(1533, 1048),
(1533, 997),
(1534, 1582),
(1534, 1463),
(1534, 1661),
(1534, 1565),
(1534, 1670),
(1534, 1479),
(1534, 1520),
(1534, 1594),
(1534, 1656),
(1534, 1578),
(1535, 1361),
(1535, 1417),
(1535, 1251),
(1535, 1476),
(1535, 1438),
(1535, 1607),
(1535, 1609),
(1535, 1258),
(1535, 1528),
(1535, 1608),
(1536, 1254),
(1536, 1423),
(1536, 1256),
(1536, 1421),
(1536, 315),
(1536, 1450),
(1536, 1258),
(1536, 1417),
(1536, 1610),
(1536, 1441),
(1537, 315),
(1537, 1421),
(1537, 1528),
(1537, 1422),
(1537, 1445),
(1537, 1406),
(1537, 1258),
(1537, 1374),
(1537, 1254),
(1537, 1361),
(1538, 494),
(1538, 1398),
(1538, 1442),
(1538, 1441),
(1538, 1362),
(1538, 1444),
(1538, 1532),
(1538, 1421),
(1538, 1455),
(1538, 1394),
(1539, 1425),
(1539, 1458),
(1539, 1578),
(1539, 1463),
(1539, 1534),
(1539, 1622),
(1539, 1506),
(1539, 1501),
(1539, 1661),
(1539, 1651),
(1540, 1562),
(1540, 456),
(1540, 361),
(1540, 478),
(1540, 457),
(1540, 486),
(1540, 1539),
(1540, 469),
(1540, 1454),
(1540, 1625),
(1541, 479),
(1541, 1357),
(1541, 1562),
(1541, 1394),
(1541, 453),
(1541, 1140),
(1541, 1397),
(1541, 1453),
(1541, 1451),
(1541, 487),
(1542, 1593),
(1542, 1485),
(1542, 1633),
(1542, 1621),
(1542, 1625),
(1542, 1570),
(1542, 1539),
(1542, 1616),
(1542, 1654),
(1542, 145),
(1543, 1539),
(1543, 1562),
(1543, 1458),
(1543, 1572),
(1543, 456),
(1543, 1578),
(1543, 1370),
(1543, 1549),
(1543, 1463),
(1543, 1534),
(1544, 1605),
(1544, 1498),
(1544, 1562),
(1544, 469),
(1544, 1585),
(1544, 487),
(1544, 457),
(1544, 486),
(1544, 1570),
(1544, 1357),
(1545, 1565),
(1545, 1463),
(1545, 1661),
(1545, 1506),
(1545, 1501),
(1545, 1622),
(1545, 1534),
(1545, 1458),
(1545, 1666),
(1545, 1670),
(1546, 379),
(1546, 427),
(1546, 674),
(1546, 1398),
(1546, 64),
(1546, 587),
(1546, 1499),
(1546, 1623),
(1546, 696),
(1546, 730),
(1547, 1596),
(1547, 1359),
(1547, 1405),
(1547, 1358),
(1547, 1445),
(1547, 1524),
(1547, 1568),
(1547, 1532),
(1547, 1477),
(1547, 1413),
(1548, 1532),
(1548, 1524),
(1548, 1445),
(1548, 1419),
(1548, 1405),
(1548, 1596),
(1548, 1563),
(1548, 1568),
(1548, 433),
(1548, 1359),
(1549, 1543),
(1549, 1458),
(1549, 1463),
(1549, 1578),
(1549, 242),
(1549, 1069),
(1549, 1539),
(1549, 273),
(1549, 1505),
(1549, 1369),
(1550, 1670),
(1550, 1463),
(1550, 1666),
(1550, 1565),
(1550, 1467),
(1550, 1534),
(1550, 1661),
(1550, 1638),
(1550, 1622),
(1550, 1501),
(1551, 1568),
(1551, 362),
(1551, 345),
(1551, 1528),
(1551, 342),
(1551, 1433),
(1551, 1185),
(1551, 348),
(1551, 1358),
(1551, 562),
(1552, 1412),
(1552, 1669),
(1552, 1402),
(1552, 1400),
(1552, 52),
(1552, 1442),
(1552, 1359),
(1552, 1620),
(1552, 1477),
(1552, 1413),
(1553, 1477),
(1553, 1568),
(1553, 1576),
(1553, 345),
(1553, 323),
(1553, 763),
(1553, 1530),
(1553, 209),
(1553, 1359),
(1553, 1439),
(1554, 1479),
(1554, 1463),
(1554, 1670),
(1554, 1565),
(1554, 1666),
(1554, 1661),
(1554, 1534),
(1554, 1467),
(1554, 1638),
(1554, 1511),
(1555, 1185),
(1555, 1385),
(1555, 1432),
(1555, 1397),
(1555, 446),
(1555, 1528),
(1555, 445),
(1555, 1569),
(1555, 1130),
(1555, 1477),
(1556, 1185),
(1556, 1478),
(1556, 1528),
(1556, 1410),
(1556, 1161),
(1556, 1230),
(1556, 1405),
(1556, 1234),
(1556, 1519),
(1556, 1569),
(1557, 1395),
(1557, 1254),
(1557, 1357),
(1557, 1394),
(1557, 1455),
(1557, 1408),
(1557, 1456),
(1557, 1359),
(1557, 1515),
(1557, 1273),
(1558, 263),
(1558, 271),
(1558, 266),
(1558, 273),
(1558, 536),
(1558, 1433),
(1558, 1499),
(1558, 379),
(1558, 1641),
(1558, 392),
(1559, 553),
(1559, 560),
(1559, 1389),
(1559, 1517),
(1559, 1362),
(1559, 1408),
(1559, 1420),
(1559, 1579),
(1559, 1519),
(1559, 558),
(1560, 1463),
(1560, 1661),
(1560, 1534),
(1560, 1565),
(1560, 1670),
(1560, 1483),
(1560, 1666),
(1560, 1496),
(1560, 1479),
(1560, 1578),
(1561, 1568),
(1561, 1371),
(1561, 474),
(1561, 1413),
(1561, 1369),
(1561, 1544),
(1561, 1533),
(1561, 1079),
(1561, 818),
(1561, 1358),
(1562, 465),
(1562, 479),
(1562, 453),
(1562, 1543),
(1562, 1540),
(1562, 478),
(1562, 1544),
(1562, 480),
(1562, 1541),
(1562, 1141),
(1563, 1593),
(1563, 1649),
(1563, 1539),
(1563, 1633),
(1563, 1585),
(1563, 390),
(1563, 1395),
(1563, 1359),
(1563, 1532),
(1563, 1546),
(1564, 262),
(1564, 353),
(1564, 1397),
(1564, 1627),
(1564, 1532),
(1564, 354),
(1564, 1544),
(1564, 1530),
(1564, 1398),
(1564, 1252),
(1565, 1463),
(1565, 1670),
(1565, 1661),
(1565, 1534),
(1565, 1501),
(1565, 1622),
(1565, 1506),
(1565, 1467),
(1565, 1666),
(1565, 1594),
(1566, 1521),
(1566, 1487),
(1566, 1397),
(1566, 1489),
(1566, 1396),
(1566, 1394),
(1566, 1522),
(1566, 1637),
(1566, 1636),
(1566, 458),
(1567, 1359),
(1567, 1498),
(1567, 1532),
(1567, 1477),
(1567, 1358),
(1567, 416),
(1567, 1432),
(1567, 1421),
(1567, 419),
(1567, 341),
(1568, 342),
(1568, 1551),
(1568, 345),
(1568, 1413),
(1568, 1358),
(1568, 1477),
(1568, 362),
(1568, 1432),
(1568, 1604),
(1568, 1359),
(1569, 1555),
(1569, 1185),
(1569, 1510),
(1569, 1405),
(1569, 116),
(1569, 1556),
(1569, 1596),
(1569, 1420),
(1569, 1568),
(1569, 1528),
(1570, 1544),
(1570, 1542),
(1570, 1605),
(1570, 1485),
(1570, 1585),
(1570, 339),
(1570, 1467),
(1570, 1286),
(1570, 1565),
(1570, 1498),
(1571, 1317),
(1571, 1405),
(1571, 418),
(1571, 1596),
(1571, 1447),
(1571, 1445),
(1571, 1402),
(1571, 476),
(1571, 363),
(1571, 1528),
(1572, 1565),
(1572, 1463),
(1572, 1670),
(1572, 1661),
(1572, 1467),
(1572, 1666),
(1572, 1444),
(1572, 1534),
(1572, 1506),
(1572, 1622),
(1573, 1405),
(1573, 1532),
(1573, 1373),
(1573, 1465),
(1573, 1664),
(1573, 1410),
(1573, 1453),
(1573, 1478),
(1573, 64),
(1573, 1362),
(1574, 564),
(1574, 1397),
(1574, 1478),
(1574, 1395),
(1574, 1234),
(1574, 429),
(1574, 587),
(1574, 1363),
(1574, 1394),
(1574, 1453),
(1575, 438),
(1575, 1455),
(1575, 436),
(1575, 1454),
(1575, 483),
(1575, 1544),
(1575, 1458),
(1575, 496),
(1575, 1539),
(1575, 1542),
(1576, 1458),
(1576, 427),
(1576, 1439),
(1576, 1539),
(1576, 433),
(1576, 1543),
(1576, 1477),
(1576, 1263),
(1576, 1359),
(1576, 1627),
(1577, 1425),
(1577, 1565),
(1577, 1463),
(1577, 1534),
(1577, 1545),
(1577, 1458),
(1577, 1661),
(1577, 1479),
(1577, 1554),
(1577, 1467),
(1578, 1458),
(1578, 1463),
(1578, 1534),
(1578, 1565),
(1578, 1666),
(1578, 1661),
(1578, 1670),
(1578, 1479),
(1578, 1501),
(1578, 1622),
(1579, 1519),
(1579, 1355),
(1579, 1410),
(1579, 882),
(1579, 1559),
(1579, 1395),
(1579, 1408),
(1579, 677),
(1579, 1180),
(1579, 1517),
(1580, 436),
(1580, 1339),
(1580, 116),
(1580, 496),
(1580, 117),
(1580, 95),
(1580, 483),
(1580, 1196),
(1580, 477),
(1580, 1235),
(1581, 323),
(1581, 1252),
(1581, 1183),
(1581, 354),
(1581, 1235),
(1581, 1530),
(1581, 585),
(1581, 353),
(1581, 490),
(1581, 496),
(1582, 1444),
(1582, 1534),
(1582, 1463),
(1582, 1565),
(1582, 1661),
(1582, 1578),
(1582, 1496),
(1582, 1458),
(1582, 1594),
(1582, 1670),
(1583, 637),
(1583, 636),
(1583, 635),
(1583, 1142),
(1583, 1635),
(1583, 1472),
(1583, 264),
(1583, 1481),
(1583, 229),
(1583, 645),
(1584, 415),
(1584, 1183),
(1584, 345),
(1584, 323),
(1584, 1239),
(1584, 1278),
(1584, 1568),
(1584, 1418),
(1584, 1547),
(1584, 640),
(1585, 419),
(1585, 1477),
(1585, 1212),
(1585, 1410),
(1585, 1532),
(1585, 1544),
(1585, 1405),
(1585, 1408),
(1585, 1413),
(1585, 1498),
(1586, 1442),
(1586, 1402),
(1586, 640),
(1586, 1477),
(1586, 766),
(1586, 1614),
(1586, 1604),
(1586, 1359),
(1586, 1568),
(1586, 1669),
(1587, 1463),
(1587, 1651),
(1587, 1656),
(1587, 1565),
(1587, 1661),
(1587, 1467),
(1587, 1594),
(1587, 1670),
(1587, 1534),
(1587, 1638),
(1588, 1105),
(1588, 978),
(1588, 1094),
(1588, 977),
(1588, 1529),
(1588, 1471),
(1588, 1654),
(1588, 983),
(1588, 1103),
(1588, 1641),
(1589, 794),
(1589, 798),
(1589, 791),
(1589, 1464),
(1589, 1054),
(1589, 1048),
(1589, 1377),
(1589, 854),
(1589, 994),
(1589, 991),
(1590, 1623),
(1590, 886),
(1590, 1103),
(1590, 1498),
(1590, 1465),
(1590, 1410),
(1590, 989),
(1590, 1397),
(1590, 1481),
(1590, 1398),
(1591, 860),
(1591, 998),
(1591, 994),
(1591, 806),
(1591, 1003),
(1591, 854),
(1591, 1131),
(1591, 992),
(1591, 794),
(1591, 1471),
(1592, 1523),
(1592, 1471),
(1592, 999),
(1592, 1401),
(1592, 854),
(1592, 1543),
(1592, 1539),
(1592, 992),
(1592, 998),
(1592, 1572),
(1593, 1050),
(1593, 990),
(1593, 371),
(1593, 370),
(1593, 1633),
(1593, 1631),
(1593, 1214),
(1593, 375),
(1593, 1465),
(1593, 1563),
(1594, 1467),
(1594, 1463),
(1594, 1534),
(1594, 1565),
(1594, 1656),
(1594, 1661),
(1594, 1651),
(1594, 1670),
(1594, 1501),
(1594, 1622),
(1595, 1623),
(1595, 1419),
(1595, 1369),
(1595, 1546),
(1595, 1532),
(1595, 1050),
(1595, 1397),
(1595, 290),
(1595, 1631),
(1595, 1385),
(1596, 1405),
(1596, 1547),
(1596, 1532),
(1596, 1419),
(1596, 1571),
(1596, 1469),
(1596, 1569),
(1596, 1443),
(1596, 1585),
(1596, 1573),
(1597, 1532),
(1597, 505),
(1597, 1057),
(1597, 1369),
(1597, 1544),
(1597, 1358),
(1597, 1352),
(1597, 1632),
(1597, 477),
(1597, 1616),
(1598, 1366),
(1598, 561),
(1598, 559),
(1598, 1478),
(1598, 566),
(1598, 1364),
(1598, 1193),
(1598, 1230),
(1598, 1357),
(1598, 1234),
(1599, 1535),
(1599, 1476),
(1599, 1450),
(1599, 1536),
(1599, 1417),
(1599, 1258),
(1599, 562),
(1599, 806),
(1599, 1375),
(1599, 1131),
(1600, 1419),
(1600, 738),
(1600, 476),
(1600, 1317),
(1600, 18),
(1600, 1447),
(1600, 1134),
(1600, 1405),
(1600, 447),
(1600, 1596),
(1601, 1379),
(1601, 1654),
(1601, 1579),
(1601, 503),
(1601, 1519),
(1601, 1408),
(1601, 507),
(1601, 582),
(1601, 766),
(1601, 584),
(1602, 562),
(1602, 1417),
(1602, 555),
(1602, 1406),
(1602, 122),
(1602, 1608),
(1602, 1476),
(1602, 1374),
(1602, 1055),
(1602, 83),
(1603, 760),
(1603, 1361),
(1603, 744),
(1603, 594),
(1603, 601),
(1603, 1608),
(1603, 1251),
(1603, 1528),
(1603, 1374),
(1603, 758),
(1604, 610),
(1604, 1477),
(1604, 1620),
(1604, 1568),
(1604, 1413),
(1604, 1585),
(1604, 1275),
(1604, 541),
(1604, 1442),
(1604, 16),
(1605, 1544),
(1605, 1621),
(1605, 1498),
(1605, 1585),
(1605, 1570),
(1605, 1633),
(1605, 1505),
(1605, 1532),
(1605, 1334),
(1605, 1564),
(1606, 1469),
(1606, 1405),
(1606, 1504),
(1606, 1627),
(1606, 1400),
(1606, 1596),
(1606, 1422),
(1606, 1404),
(1606, 1579),
(1606, 1573),
(1607, 1432),
(1607, 265),
(1607, 1374),
(1607, 1472),
(1607, 543),
(1607, 1591),
(1607, 1535),
(1607, 1361),
(1607, 998),
(1607, 1465),
(1608, 1602),
(1608, 1374),
(1608, 122),
(1608, 1528),
(1608, 1417),
(1608, 755),
(1608, 1603),
(1608, 753),
(1608, 562),
(1608, 555),
(1609, 1417),
(1609, 998),
(1609, 992),
(1609, 1476),
(1609, 1361),
(1609, 1591),
(1609, 1535),
(1609, 1468),
(1609, 1374),
(1609, 854),
(1610, 1422),
(1610, 1405),
(1610, 1447),
(1610, 1528),
(1610, 1403),
(1610, 1536),
(1610, 1450),
(1610, 1374),
(1610, 1596),
(1610, 1406),
(1611, 1438),
(1611, 77),
(1611, 1450),
(1611, 1431),
(1611, 1591),
(1611, 1064),
(1611, 1616),
(1611, 1518),
(1611, 1439),
(1611, 1477),
(1612, 1629),
(1612, 1539),
(1612, 1593),
(1612, 1543),
(1612, 414),
(1612, 1654),
(1612, 1369),
(1612, 1563),
(1612, 1549),
(1612, 1458),
(1613, 724),
(1613, 1450),
(1613, 283),
(1613, 347),
(1613, 790),
(1613, 369),
(1613, 711),
(1613, 339),
(1613, 1178),
(1613, 1142),
(1614, 1458),
(1614, 1578),
(1614, 1260),
(1614, 1178),
(1614, 1061),
(1614, 1477),
(1614, 1450),
(1614, 500),
(1614, 1185),
(1614, 584),
(1615, 1450),
(1615, 1654),
(1615, 1061),
(1615, 1375),
(1615, 1376),
(1615, 1632),
(1615, 1460),
(1615, 1651),
(1615, 1459),
(1615, 1608),
(1616, 1654),
(1616, 1593),
(1616, 1543),
(1616, 1380),
(1616, 1369),
(1616, 1542),
(1616, 1629),
(1616, 1450),
(1616, 1544),
(1616, 474),
(1617, 1255),
(1617, 695),
(1617, 402),
(1617, 399),
(1617, 407),
(1617, 272),
(1617, 1133),
(1617, 108),
(1617, 403),
(1617, 404),
(1618, 392),
(1618, 1499),
(1618, 651),
(1618, 1465),
(1618, 17),
(1618, 266),
(1618, 1110),
(1618, 1379),
(1618, 1060),
(1618, 1629),
(1619, 298),
(1619, 1459),
(1619, 299),
(1619, 1057),
(1619, 1050),
(1619, 193),
(1619, 1462),
(1619, 1352),
(1619, 1369),
(1619, 195),
(1620, 1500),
(1620, 1504),
(1620, 1270),
(1620, 1627),
(1620, 1412),
(1620, 1329),
(1620, 1400),
(1620, 1604),
(1620, 1498),
(1620, 392),
(1621, 1505),
(1621, 1498),
(1621, 1506),
(1621, 1501),
(1621, 403),
(1621, 837),
(1621, 876),
(1621, 394),
(1621, 521),
(1621, 1103),
(1622, 1506),
(1622, 1565),
(1622, 1463),
(1622, 1661),
(1622, 1670),
(1622, 1534),
(1622, 1545),
(1622, 1638),
(1622, 1458),
(1622, 1651),
(1623, 1385),
(1623, 1397),
(1623, 1590),
(1623, 1509),
(1623, 1452),
(1623, 1546),
(1623, 1480),
(1623, 1398),
(1623, 1498),
(1623, 1595),
(1624, 1488),
(1624, 1489),
(1624, 1083),
(1624, 1091),
(1624, 1636),
(1624, 1637),
(1624, 1026),
(1624, 1518),
(1624, 463),
(1624, 1665),
(1625, 699),
(1625, 1380),
(1625, 1540),
(1625, 1542),
(1625, 247),
(1625, 1621),
(1625, 1593),
(1625, 990),
(1625, 1014),
(1625, 1518),
(1626, 1646),
(1626, 1657),
(1626, 520),
(1626, 719),
(1626, 247),
(1626, 748),
(1626, 1325),
(1626, 1659),
(1626, 1270),
(1626, 345),
(1627, 1504),
(1627, 354),
(1627, 1429),
(1627, 353),
(1627, 1620),
(1627, 1252),
(1627, 323),
(1627, 1405),
(1627, 1576),
(1627, 1477),
(1628, 1503),
(1628, 444),
(1628, 1362),
(1628, 766),
(1628, 1395),
(1628, 781),
(1628, 915),
(1628, 1381),
(1628, 1643),
(1628, 6),
(1629, 1491),
(1629, 189),
(1629, 1060),
(1629, 246),
(1629, 1380),
(1629, 1450),
(1629, 1593),
(1629, 1612),
(1629, 195),
(1629, 743),
(1630, 246),
(1630, 1387),
(1630, 1446),
(1630, 1381),
(1630, 1658),
(1630, 974),
(1630, 711),
(1630, 1391),
(1630, 1386),
(1630, 1644),
(1631, 639),
(1631, 1050),
(1631, 202),
(1631, 658),
(1631, 1593),
(1631, 1491),
(1631, 715),
(1631, 246),
(1631, 1352),
(1631, 1649),
(1632, 195),
(1632, 246),
(1632, 1459),
(1632, 1462),
(1632, 715),
(1632, 1619),
(1632, 1450),
(1632, 1460),
(1632, 1369),
(1632, 133),
(1633, 1593),
(1633, 1446),
(1633, 1563),
(1633, 249),
(1633, 1387),
(1633, 955),
(1633, 1304),
(1633, 1649),
(1633, 1542),
(1633, 1644),
(1634, 1480),
(1634, 1482),
(1634, 1481),
(1634, 509),
(1634, 515),
(1634, 513),
(1634, 635),
(1634, 1483),
(1634, 520),
(1634, 637),
(1635, 1480),
(1635, 1481),
(1635, 646),
(1635, 1472),
(1635, 1385),
(1635, 636),
(1635, 243),
(1635, 645),
(1635, 1660),
(1635, 573),
(1636, 1481),
(1636, 1624),
(1636, 1521),
(1636, 70),
(1636, 1555),
(1636, 1391),
(1636, 1518),
(1636, 515),
(1636, 1480),
(1636, 519),
(1637, 1480),
(1637, 1488),
(1637, 1259),
(1637, 243),
(1637, 1489),
(1637, 1482),
(1637, 1481),
(1637, 70),
(1637, 1521),
(1637, 1142),
(1638, 1483),
(1638, 1670),
(1638, 1463),
(1638, 1565),
(1638, 1661),
(1638, 1651),
(1638, 1506),
(1638, 1622),
(1638, 1501),
(1638, 1534),
(1639, 399),
(1639, 521),
(1639, 241),
(1639, 402),
(1639, 1119),
(1639, 396),
(1639, 1255),
(1639, 408),
(1639, 227),
(1639, 1084),
(1640, 118),
(1640, 399),
(1640, 1498),
(1640, 402),
(1640, 1484),
(1640, 1503),
(1640, 990),
(1640, 1119),
(1640, 1619),
(1640, 1485),
(1641, 1622),
(1641, 1501),
(1641, 1506),
(1641, 372),
(1641, 1398),
(1641, 879),
(1641, 1499),
(1641, 118),
(1641, 213),
(1641, 1644),
(1642, 398),
(1642, 227),
(1642, 53),
(1642, 1255),
(1642, 396),
(1642, 108),
(1642, 1133),
(1642, 1084),
(1642, 241),
(1642, 60),
(1643, 1395),
(1643, 6),
(1643, 64),
(1643, 1503),
(1643, 10),
(1643, 53),
(1643, 54),
(1643, 1644),
(1643, 258),
(1643, 725),
(1644, 1446),
(1644, 249),
(1644, 1633),
(1644, 1641),
(1644, 1643),
(1644, 108),
(1644, 674),
(1644, 398),
(1644, 286),
(1644, 227),
(1645, 930),
(1645, 938),
(1645, 1647),
(1645, 168),
(1645, 774),
(1645, 1490),
(1645, 947),
(1645, 935),
(1645, 887),
(1645, 775),
(1646, 1519),
(1646, 1651),
(1646, 1471),
(1646, 1594),
(1646, 1539),
(1646, 12),
(1646, 1496),
(1646, 1626),
(1646, 107),
(1646, 1467),
(1647, 941),
(1647, 939),
(1647, 1645),
(1647, 938),
(1647, 930),
(1647, 777),
(1647, 935),
(1647, 784),
(1647, 168),
(1647, 774),
(1648, 717),
(1648, 710),
(1648, 1461),
(1648, 187),
(1648, 777),
(1648, 658),
(1648, 200),
(1648, 639),
(1648, 778),
(1648, 1220),
(1649, 717),
(1649, 681),
(1649, 710),
(1649, 1631),
(1649, 776),
(1649, 1658),
(1649, 686),
(1649, 203),
(1649, 1654),
(1649, 1563),
(1650, 1490),
(1650, 938),
(1650, 1446),
(1650, 930),
(1650, 775),
(1650, 1645),
(1650, 728),
(1650, 923),
(1650, 286),
(1650, 1655),
(1651, 1463),
(1651, 1670),
(1651, 1661),
(1651, 1565),
(1651, 1587),
(1651, 1467),
(1651, 1638),
(1651, 1534),
(1651, 1594),
(1651, 1520),
(1652, 1212),
(1652, 1465),
(1652, 381),
(1652, 1208),
(1652, 1216),
(1652, 1410),
(1652, 464),
(1652, 1214),
(1652, 829),
(1652, 598),
(1653, 1220),
(1653, 1302),
(1653, 1189),
(1653, 1223),
(1653, 1296),
(1653, 1217),
(1653, 1224),
(1653, 1227),
(1653, 1225),
(1653, 1587),
(1654, 1616),
(1654, 1539),
(1654, 1458),
(1654, 1456),
(1654, 1649),
(1654, 1395),
(1654, 1450),
(1654, 1631),
(1654, 1543),
(1654, 1658),
(1655, 1300),
(1655, 286),
(1655, 820),
(1655, 249),
(1655, 707),
(1655, 1297),
(1655, 236),
(1655, 575),
(1655, 1446),
(1655, 1224),
(1656, 1463),
(1656, 1534),
(1656, 1594),
(1656, 1670),
(1656, 1587),
(1656, 1565),
(1656, 1483),
(1656, 1666),
(1656, 1467),
(1656, 1661),
(1657, 609),
(1657, 1022),
(1657, 188),
(1657, 133),
(1657, 107),
(1657, 614),
(1657, 1626),
(1657, 83),
(1657, 607),
(1657, 122),
(1658, 1391),
(1658, 1392),
(1658, 243),
(1658, 1649),
(1658, 201),
(1658, 197),
(1658, 958),
(1658, 1631),
(1658, 829),
(1658, 1485),
(1659, 243),
(1659, 197),
(1659, 192),
(1659, 1480),
(1659, 188),
(1659, 198),
(1659, 1392),
(1659, 1486),
(1659, 498),
(1659, 1484),
(1660, 24),
(1660, 1380),
(1660, 1480),
(1660, 1635),
(1660, 23),
(1660, 238),
(1660, 1370),
(1660, 644),
(1660, 1492),
(1660, 195),
(1661, 1463),
(1661, 1431),
(1661, 1670),
(1661, 1534),
(1661, 1565),
(1661, 1520),
(1661, 1496),
(1661, 1458),
(1661, 1651),
(1661, 1666),
(1662, 80),
(1662, 1507),
(1662, 86),
(1662, 77),
(1662, 82),
(1662, 701),
(1662, 81),
(1662, 159),
(1662, 90),
(1662, 1492),
(1663, 701),
(1663, 703),
(1663, 575),
(1663, 691),
(1663, 124),
(1663, 704),
(1663, 1488),
(1663, 746),
(1663, 82),
(1663, 86),
(1664, 1573),
(1664, 1405),
(1664, 1454),
(1664, 1478),
(1664, 1373),
(1664, 1596),
(1664, 89),
(1664, 1364),
(1664, 766),
(1664, 1385),
(1665, 86),
(1665, 89),
(1665, 79),
(1665, 1488),
(1665, 80),
(1665, 446),
(1665, 526),
(1665, 441),
(1665, 90),
(1665, 261),
(1666, 1670),
(1666, 1463),
(1666, 1565),
(1666, 1511),
(1666, 1661),
(1666, 1520),
(1666, 1534),
(1666, 1458),
(1666, 1554),
(1666, 1578),
(1667, 65),
(1667, 74),
(1667, 62),
(1667, 75),
(1667, 1492),
(1667, 67),
(1667, 69),
(1667, 4),
(1667, 1388),
(1667, 159),
(1668, 66),
(1668, 70),
(1668, 67),
(1668, 648),
(1668, 11),
(1668, 65),
(1668, 514),
(1668, 21),
(1668, 158),
(1668, 72),
(1669, 1412),
(1669, 1552),
(1669, 1604),
(1669, 67),
(1669, 70),
(1669, 1504),
(1669, 74),
(1669, 1620),
(1669, 62),
(1669, 63),
(1670, 1463),
(1670, 1666),
(1670, 1661),
(1670, 1638),
(1670, 1520),
(1670, 1565),
(1670, 1534),
(1670, 1483),
(1670, 1651),
(1670, 1550);

-- --------------------------------------------------------

--
-- Štruktúra tabuľky pre tabuľku `merit_badges`
--

CREATE TABLE `merit_badges` (
  `id` int(11) NOT NULL,
  `name` varchar(100) NOT NULL,
  `image` varchar(110) NOT NULL,
  `color` varchar(20) DEFAULT NULL,
  `category_id` int(11) NOT NULL,
  `additional_information_id` int(11) DEFAULT NULL
) ENGINE=InnoDB DEFAULT CHARSET=utf8mb4 COLLATE=utf8mb4_general_ci;

--
-- Sťahujem dáta pre tabuľku `merit_badges`
--

INSERT INTO `merit_badges` (`id`, `name`, `image`, `color`, `category_id`, `additional_information_id`) VALUES
(1, 'Botanik', 'botanik', '#64b8e8', 1, NULL),
(2, 'Bylinkár', 'bylinkar', '#fd61ff', 1, NULL),
(3, 'Geológ', 'geolog', '#ff6920', 1, NULL),
(4, 'Herpetológ', 'herpetolog', '#ffed00', 1, NULL),
(5, 'Hubár', 'hubar', '#ffbf79', 1, NULL),
(6, 'Hvezdár', 'hvezdar', '#206efe', 1, NULL),
(7, 'Chovateľ', 'chovatel', '#d5ac79', 1, NULL),
(8, 'Lesník', 'lesnik', '#99ed5e', 1, NULL),
(9, 'Meteorológ', 'meteorolog', '#bbe1f8', 1, NULL),
(10, 'Ochranca prírody', 'ochranca_prirody', '#c88cff', 1, NULL),
(11, 'Ornitológ', 'ornitolog', '#bae1f8', 1, NULL),
(12, 'Rybár', 'rybar', '#d6e3c3', 1, NULL),
(13, 'Speleológ', 'speleolog', '#abbbc5', 1, NULL),
(14, 'Stopár', 'stopar', '#fdffed', 1, NULL),
(15, 'Táborník', 'tabornik', '#1ad864', 1, NULL),
(16, 'Včelár', 'vcelar', '#ff9421', 1, NULL),
(17, 'Záhradkár', 'zahradkar', '#009ee2', 1, NULL),
(18, 'Zálesák', 'zalesak', '#ffffff', 1, NULL),
(19, 'Zoológ', 'zoolog', '#ecc7ac', 1, NULL),
(20, 'Babysitter', 'babysitter', '#fa7e7f', 2, NULL),
(21, 'Koledník', 'kolednik', '#fdca15', 2, NULL),
(22, 'Hygienik', 'hygienik', '#57f14d', 2, NULL),
(23, 'Miništrant', 'ministrant', '#e6f973', 2, NULL),
(24, 'Novinár', 'novinar', '#f9f4d8', 2, NULL),
(25, 'Občan', 'obcan', '#d19f38', 2, NULL),
(26, 'Občan Európskej únie', 'obcan_europskej_unie', '#4e6aff', 2, NULL),
(27, 'Oddielový hospodár', 'oddielovy_hospodar', '#f7d745', 2, NULL),
(28, 'Oddielový tajomník', 'oddielovy_tajomnik', '#cddee6', 2, NULL),
(29, 'Organizátor hier', 'organizator_hier', '#ffffff', 2, NULL),
(30, 'Prvá pomoc', 'prva_pomoc', '#ff1c20', 2, NULL),
(31, 'Právnik', 'pravnik', '#fff8c8', 2, NULL),
(32, 'Skautská história', 'skautska_historia', '#d54eff', 2, NULL),
(33, 'Sprievodca', 'sprievodca', '#10a0ff', 2, NULL),
(34, 'Svetové priateľstvo', 'svetove_priatelstvo', '#8abe6d', 2, NULL),
(35, 'Tlmočník a prekladateľ', 'tlmocnik_a_prekladatel', '#80c3ff', 2, NULL),
(36, 'Zahraničný skauting', 'zahranicny_skauting', '#d584ff', 2, NULL),
(37, 'Znalec náboženstiev', 'znalec_nabozenstiev', '#fdd443', 2, NULL),
(38, 'Archeológ', 'archeolog', '#fcf7c8', 3, NULL),
(39, 'Cukrár', 'cukrar', '#ff7fc5', 3, NULL),
(40, 'Fyzik', 'fyzik', '#bfbfbd', 3, NULL),
(41, 'Gamer', 'gamer', '#ff9238', 3, NULL),
(42, 'Genealóg', 'genealog', '#86bb24', 3, NULL),
(43, 'Geocacher', 'geocacher', '#ff7476', 3, NULL),
(44, 'Historik', 'historik', '#e2d5c1', 3, NULL),
(45, 'Hráč spoločenských hier', 'hrac_spolocenskych_hier', '#44ad9e', 3, NULL),
(46, 'Chemik', 'chemik', '#86cef3', 3, NULL),
(47, 'Informatik', 'informatik', '#fbaf8c', 3, NULL),
(48, 'Kuchár', 'kuchar', '#fefefe', 3, NULL),
(49, 'Kutil', 'kutil', '#88b1bf', 3, NULL),
(50, 'Matematik', 'matematik', '#a6ff84', 3, NULL),
(51, 'Modelár', 'modelar', '#f5dea7', 3, NULL),
(52, 'Orientácia', 'orientacia', '#ff7566', 3, NULL),
(53, 'Práca s drevom', 'praca_s_drevom', '#ffb53d', 3, NULL),
(54, 'Ručné práce', 'rucne_prace', '#bbe2f9', 3, NULL),
(55, 'Smartfónista', 'smartfonista', '#e5bbf9', 3, NULL),
(56, 'Sociálne siete', 'socialne_siete', '#59f14f', 3, NULL),
(57, 'Viazanie', 'viazanie', '#efeab4', 3, NULL),
(58, 'Zberateľ', 'zberatel', '#e8e8e8', 3, NULL),
(59, 'Atlét', 'atlet', '#cae3ea', 4, NULL),
(60, 'Basketbalista', 'basketbalista', '#ff9a21', 4, NULL),
(61, 'Bedmintonista', 'bedmintonista', '#eba6a7', 4, NULL),
(62, 'Cyklista', 'cyklista', '#22e85a', 4, NULL),
(63, 'Florbalista', 'florbalista', '#599ddf', 4, NULL),
(64, 'Futbalista', 'futbalista', '#d6e3c4', 4, NULL),
(65, 'Hokejista', 'hokejista', '#8c98ff', 4, NULL),
(66, 'Jazdec', 'jazdec', '#e2edd8', 4, NULL),
(67, 'Korčuliar', 'korculiar', '#acccde', 4, NULL),
(68, 'Lezec', 'lezec', '#d8dedf', 4, NULL),
(69, 'Lukostrelec', 'lukostrelec', '#e9e85b', 4, NULL),
(70, 'Lyžiar', 'lyziar', '#74c7f9', 4, NULL),
(71, 'Plavec', 'plavec', '#f5f5f3', 4, NULL),
(72, 'Silové športy', 'silove_sporty', '#b6f4b3', 4, NULL),
(73, 'Skialpinista', 'skialpinista', '#c8e7fa', 4, NULL),
(74, 'Stolnotenista', 'stolnotenista', '#e7b72b', 4, NULL),
(75, 'Športovec', 'sportovec', '#ea8f4d', 4, NULL),
(76, 'Turista', 'turista', '#fffdd0', 4, NULL),
(77, 'Ultimate frisbee', 'ultimate_frisbee', '#fefefe', 4, NULL),
(78, 'Vodná turistika', 'vodna_turistika', '#c8a21a', 4, NULL),
(79, 'Volejbalista', 'volejbalista', '#88c6a0', 4, NULL),
(80, 'Cestovateľ', 'cestovatel', '#ff7072', 5, NULL),
(81, 'Čitateľ', 'citatel', '#d1eaf2', 5, NULL),
(82, 'Filmár', 'filmar', '#e99000', 5, NULL),
(83, 'Folklorista', 'folklorista', '#fdfffd', 5, NULL),
(84, 'Fotograf', 'fotograf', '#e3e3e3', 5, NULL),
(85, 'Herec', 'herec', '#8c88ff', 5, NULL),
(86, 'Hudobník', 'hudobnik', '$52b8d7', 5, NULL),
(87, 'Kronikár', 'kronikar', '#eec2b6', 5, NULL),
(88, 'Kultúra', 'kultura', '#4f9ff6', 5, NULL),
(89, 'Pútnik', 'putnik', '#17171a', 5, NULL),
(90, 'Rozprávkar', 'rozpravkar', '#fdcc00', 5, NULL),
(91, 'Slovenčinár', 'slovencinar', '#77b96e', 5, NULL),
(92, 'Spevák', 'spevak', '#ffed00', 5, NULL),
(93, 'Spisovateľ', 'spisovatel', '#ff6920', 5, NULL),
(94, 'Tanečník spoločenských tancov', 'tanecnik_spolocenskych_tancov', '#fd61ff', 5, NULL),
(95, 'Výtvarník', 'vytvarnik', '#64b8e8', 5, NULL);

-- --------------------------------------------------------

--
-- Štruktúra tabuľky pre tabuľku `merit_badge_tasks`
--

CREATE TABLE `merit_badge_tasks` (
  `task_id` int(11) NOT NULL,
  `merit_badge_id` int(11) NOT NULL,
  `level_id` int(11) NOT NULL
) ENGINE=InnoDB DEFAULT CHARSET=utf8mb4 COLLATE=utf8mb4_general_ci;

--
-- Sťahujem dáta pre tabuľku `merit_badge_tasks`
--

INSERT INTO `merit_badge_tasks` (`task_id`, `merit_badge_id`, `level_id`) VALUES
(1, 1, 1),
(2, 1, 1),
(3, 1, 1),
(4, 1, 1),
(5, 1, 1),
(6, 1, 1),
(7, 1, 1),
(8, 1, 2),
(9, 1, 2),
(10, 1, 2),
(11, 1, 2),
(12, 1, 2),
(13, 1, 2),
(14, 2, 1),
(15, 2, 1),
(16, 2, 1),
(17, 2, 1),
(18, 2, 1),
(19, 2, 1),
(20, 2, 1),
(21, 2, 1),
(22, 2, 1),
(23, 2, 2),
(24, 2, 2),
(25, 2, 2),
(26, 2, 2),
(27, 2, 2),
(28, 2, 2),
(29, 2, 2),
(30, 2, 2),
(31, 2, 2),
(32, 2, 2),
(33, 3, 1),
(34, 3, 1),
(35, 3, 1),
(36, 3, 1),
(37, 3, 1),
(38, 3, 1),
(39, 3, 1),
(40, 3, 1),
(41, 3, 1),
(42, 3, 2),
(43, 3, 2),
(44, 3, 2),
(45, 3, 2),
(46, 3, 2),
(47, 3, 2),
(48, 3, 2),
(49, 4, 1),
(50, 4, 1),
(51, 4, 1),
(52, 4, 1),
(53, 4, 1),
(54, 4, 1),
(55, 4, 2),
(56, 4, 2),
(57, 4, 2),
(58, 4, 2),
(59, 4, 2),
(60, 4, 2),
(61, 5, 1),
(62, 5, 1),
(63, 5, 1),
(64, 5, 1),
(65, 5, 1),
(66, 5, 1),
(67, 5, 1),
(68, 5, 1),
(69, 5, 2),
(70, 5, 2),
(71, 5, 2),
(72, 5, 2),
(73, 5, 2),
(74, 5, 2),
(75, 5, 2),
(76, 5, 2),
(77, 6, 1),
(78, 6, 1),
(79, 6, 1),
(80, 6, 1),
(81, 6, 1),
(82, 6, 1),
(83, 6, 2),
(84, 6, 2),
(85, 6, 2),
(86, 6, 2),
(87, 6, 2),
(88, 6, 2),
(89, 6, 2),
(90, 6, 2),
(91, 7, 1),
(92, 7, 1),
(93, 7, 1),
(94, 7, 1),
(95, 7, 1),
(96, 7, 1),
(97, 7, 2),
(98, 7, 2),
(99, 7, 2),
(100, 7, 2),
(101, 7, 2),
(102, 7, 2),
(103, 8, 1),
(104, 8, 1),
(105, 8, 1),
(106, 8, 1),
(107, 8, 1),
(108, 8, 1),
(109, 8, 1),
(110, 8, 1),
(111, 8, 2),
(112, 8, 2),
(113, 8, 2),
(114, 8, 2),
(115, 8, 2),
(116, 8, 2),
(117, 8, 2),
(118, 8, 2),
(119, 9, 1),
(120, 9, 1),
(121, 9, 1),
(122, 9, 1),
(123, 9, 1),
(124, 9, 1),
(125, 9, 1),
(126, 9, 2),
(127, 9, 2),
(128, 9, 2),
(129, 9, 2),
(130, 9, 2),
(131, 9, 2),
(132, 9, 2),
(133, 9, 2),
(134, 10, 1),
(135, 11, 1),
(136, 11, 1),
(137, 11, 1),
(138, 11, 1),
(139, 11, 1),
(140, 11, 1),
(141, 11, 2),
(142, 11, 2),
(143, 11, 2),
(144, 11, 2),
(145, 11, 2),
(146, 11, 2),
(147, 12, 1),
(148, 12, 1),
(149, 12, 1),
(150, 12, 1),
(151, 12, 1),
(152, 12, 1),
(153, 12, 1),
(154, 12, 2),
(155, 12, 2),
(156, 12, 2),
(157, 12, 2),
(158, 12, 2),
(159, 12, 2),
(160, 12, 2),
(161, 13, 1),
(162, 13, 1),
(163, 13, 1),
(164, 13, 1),
(165, 13, 1),
(166, 13, 2),
(167, 13, 2),
(168, 13, 2),
(169, 13, 2),
(170, 13, 2),
(171, 13, 2),
(172, 13, 2),
(173, 13, 2),
(174, 14, 1),
(175, 14, 1),
(176, 14, 1),
(177, 14, 1),
(178, 14, 1),
(179, 14, 1),
(180, 14, 2),
(181, 14, 2),
(182, 14, 2),
(183, 14, 2),
(184, 14, 2),
(185, 14, 2),
(186, 15, 1),
(187, 15, 1),
(188, 15, 1),
(189, 15, 1),
(190, 15, 1),
(191, 15, 1),
(192, 15, 1),
(193, 15, 1),
(194, 15, 1),
(195, 15, 1),
(196, 15, 2),
(197, 15, 2),
(198, 15, 2),
(199, 15, 2),
(200, 15, 2),
(201, 15, 2),
(202, 15, 2),
(203, 15, 2),
(204, 15, 2),
(205, 15, 2),
(206, 16, 1),
(207, 16, 1),
(208, 16, 1),
(209, 16, 1),
(210, 16, 1),
(211, 16, 1),
(212, 16, 1),
(213, 16, 2),
(214, 16, 2),
(215, 16, 2),
(216, 16, 2),
(217, 16, 2),
(218, 16, 2),
(219, 16, 2),
(220, 16, 2),
(221, 17, 1),
(222, 17, 1),
(223, 17, 1),
(224, 17, 1),
(225, 17, 1),
(226, 17, 1),
(227, 17, 1),
(228, 17, 2),
(229, 17, 2),
(230, 17, 2),
(231, 17, 2),
(232, 17, 2),
(233, 17, 2),
(234, 17, 2),
(235, 18, 1),
(236, 18, 1),
(237, 18, 1),
(238, 18, 1),
(239, 18, 1),
(240, 18, 1),
(241, 18, 1),
(242, 18, 2),
(243, 18, 2),
(244, 18, 2),
(245, 18, 2),
(246, 18, 2),
(247, 18, 2),
(248, 18, 2),
(249, 18, 2),
(250, 19, 1),
(251, 19, 1),
(252, 19, 1),
(253, 19, 1),
(254, 19, 1),
(255, 19, 1),
(256, 19, 2),
(257, 19, 2),
(258, 19, 2),
(259, 19, 2),
(260, 19, 2),
(261, 19, 2),
(262, 19, 2),
(263, 20, 1),
(264, 20, 1),
(265, 20, 1),
(266, 20, 1),
(267, 20, 1),
(268, 20, 1),
(269, 20, 1),
(270, 20, 1),
(271, 20, 1),
(272, 20, 1),
(273, 20, 2),
(274, 20, 2),
(275, 20, 2),
(276, 20, 2),
(277, 20, 2),
(278, 20, 2),
(279, 20, 2),
(280, 21, 1),
(281, 21, 1),
(282, 21, 1),
(283, 21, 1),
(284, 21, 1),
(285, 21, 1),
(286, 21, 1),
(287, 21, 1),
(288, 21, 2),
(289, 21, 2),
(290, 22, 1),
(291, 22, 1),
(292, 22, 1),
(293, 22, 1),
(294, 22, 1),
(295, 22, 1),
(296, 22, 1),
(297, 22, 1),
(298, 22, 2),
(299, 22, 2),
(300, 22, 2),
(301, 22, 2),
(302, 22, 2),
(303, 22, 2),
(304, 23, 1),
(305, 23, 1),
(306, 23, 1),
(307, 23, 1),
(308, 23, 1),
(309, 23, 1),
(310, 23, 1),
(311, 23, 1),
(312, 23, 1),
(313, 23, 1),
(314, 23, 2),
(315, 23, 2),
(316, 23, 2),
(317, 23, 2),
(318, 23, 2),
(319, 23, 2),
(320, 23, 2),
(321, 23, 2),
(322, 23, 2),
(323, 24, 1),
(324, 24, 1),
(325, 24, 1),
(326, 24, 1),
(327, 24, 1),
(328, 24, 1),
(329, 24, 1),
(330, 24, 2),
(331, 24, 2),
(332, 24, 2),
(333, 24, 2),
(334, 24, 2),
(335, 24, 2),
(336, 24, 2),
(337, 24, 2),
(338, 24, 2),
(339, 25, 1),
(340, 25, 1),
(341, 25, 1),
(342, 25, 1),
(343, 25, 1),
(344, 25, 1),
(345, 25, 1),
(346, 25, 1),
(347, 25, 2),
(348, 25, 2),
(349, 25, 2),
(350, 25, 2),
(351, 25, 2),
(352, 25, 2),
(353, 25, 2),
(354, 25, 2),
(355, 26, 1),
(356, 26, 1),
(357, 26, 1),
(358, 26, 1),
(359, 26, 1),
(360, 26, 1),
(361, 26, 1),
(362, 26, 2),
(363, 26, 2),
(364, 26, 2),
(365, 26, 2),
(366, 26, 2),
(367, 26, 2),
(368, 26, 2),
(369, 27, 2),
(370, 27, 2),
(371, 27, 2),
(372, 27, 2),
(373, 28, 2),
(374, 28, 2),
(375, 28, 2),
(376, 28, 2),
(377, 28, 2),
(378, 28, 2),
(379, 29, 1),
(380, 29, 1),
(381, 29, 1),
(382, 29, 1),
(383, 29, 1),
(384, 29, 1),
(385, 29, 2),
(386, 29, 2),
(387, 29, 2),
(388, 29, 2),
(389, 29, 2),
(390, 29, 2),
(391, 29, 2),
(392, 30, 1),
(393, 30, 1),
(394, 30, 1),
(395, 30, 1),
(396, 30, 1),
(397, 30, 1),
(398, 30, 1),
(399, 30, 1),
(400, 30, 1),
(401, 30, 1),
(402, 30, 2),
(403, 30, 2),
(404, 30, 2),
(405, 30, 2),
(406, 30, 2),
(407, 30, 2),
(408, 30, 2),
(409, 30, 2),
(410, 30, 2),
(411, 30, 2),
(412, 31, 1),
(413, 31, 1),
(414, 31, 1),
(415, 31, 1),
(416, 31, 1),
(417, 31, 1),
(418, 31, 1),
(419, 31, 2),
(420, 31, 2),
(421, 31, 2),
(422, 31, 2),
(423, 31, 2),
(424, 31, 2),
(425, 31, 2),
(426, 32, 1),
(427, 32, 1),
(428, 32, 1),
(429, 32, 1),
(430, 32, 1),
(431, 32, 1),
(432, 32, 1),
(433, 32, 2),
(434, 32, 2),
(435, 32, 2),
(436, 32, 2),
(437, 32, 2),
(438, 32, 2),
(439, 32, 2),
(440, 32, 2),
(441, 33, 1),
(442, 33, 1),
(443, 33, 1),
(444, 33, 1),
(445, 33, 1),
(446, 33, 1),
(447, 33, 2),
(448, 33, 2),
(449, 33, 2),
(450, 33, 2),
(451, 33, 2),
(452, 33, 2),
(453, 34, 1),
(454, 34, 1),
(455, 34, 1),
(456, 34, 1),
(457, 34, 1),
(458, 34, 1),
(459, 35, 1),
(460, 35, 1),
(461, 35, 1),
(462, 35, 1),
(463, 35, 1),
(464, 35, 1),
(465, 35, 1),
(466, 35, 2),
(467, 35, 2),
(468, 35, 2),
(469, 35, 2),
(470, 35, 2),
(471, 35, 2),
(472, 35, 2),
(473, 35, 2),
(474, 36, 1),
(475, 36, 1),
(476, 36, 1),
(477, 36, 1),
(478, 36, 1),
(479, 36, 1),
(480, 36, 1),
(481, 36, 2),
(482, 36, 2),
(483, 36, 2),
(484, 36, 2),
(485, 36, 2),
(486, 36, 2),
(487, 36, 2),
(488, 37, 1),
(489, 37, 1),
(490, 37, 1),
(491, 37, 1),
(492, 37, 1),
(493, 37, 2),
(494, 37, 2),
(495, 37, 2),
(496, 38, 1),
(497, 38, 1),
(498, 38, 1),
(499, 38, 1),
(500, 38, 1),
(501, 38, 1),
(502, 38, 2),
(503, 38, 2),
(504, 38, 2),
(505, 38, 2),
(506, 38, 2),
(507, 38, 2),
(508, 38, 2),
(509, 39, 1),
(510, 39, 1),
(511, 39, 1),
(512, 39, 1),
(513, 39, 1),
(514, 39, 1),
(515, 39, 2),
(516, 39, 2),
(517, 39, 2),
(518, 39, 2),
(519, 39, 2),
(520, 39, 2),
(521, 39, 2),
(522, 40, 1),
(523, 40, 1),
(524, 40, 1),
(525, 40, 1),
(526, 40, 1),
(527, 40, 1),
(528, 40, 1),
(529, 40, 2),
(530, 40, 2),
(531, 40, 2),
(532, 40, 2),
(533, 40, 2),
(534, 40, 2),
(535, 40, 2),
(536, 40, 2),
(537, 41, 1),
(538, 41, 1),
(539, 41, 1),
(540, 41, 1),
(541, 41, 1),
(542, 41, 1),
(543, 41, 1),
(544, 41, 2),
(545, 41, 2),
(546, 41, 2),
(547, 41, 2),
(548, 41, 2),
(549, 41, 2),
(550, 41, 2),
(551, 41, 2),
(552, 41, 2),
(553, 42, 1),
(554, 42, 1),
(555, 42, 1),
(556, 42, 1),
(557, 42, 1),
(558, 42, 1),
(559, 42, 1),
(560, 42, 2),
(561, 42, 2),
(562, 42, 2),
(563, 42, 2),
(564, 42, 2),
(565, 42, 2),
(566, 42, 2),
(567, 43, 2),
(568, 43, 2),
(569, 43, 2),
(570, 43, 2),
(571, 43, 2),
(572, 43, 2),
(573, 43, 2),
(574, 43, 2),
(575, 43, 2),
(576, 44, 1),
(577, 44, 1),
(578, 44, 1),
(579, 44, 1),
(580, 44, 1),
(581, 44, 2),
(582, 44, 2),
(583, 44, 2),
(584, 44, 2),
(585, 44, 2),
(586, 44, 2),
(587, 44, 2),
(588, 45, 1),
(589, 45, 1),
(590, 45, 1),
(591, 45, 1),
(592, 45, 1),
(593, 45, 1),
(594, 45, 1),
(595, 45, 1),
(596, 45, 2),
(597, 45, 2),
(598, 45, 2),
(599, 45, 2),
(600, 45, 2),
(601, 45, 2),
(602, 45, 2),
(603, 45, 2),
(604, 45, 2),
(605, 46, 1),
(606, 46, 1),
(607, 46, 1),
(608, 46, 1),
(609, 46, 1),
(610, 46, 1),
(611, 46, 1),
(612, 46, 2),
(613, 46, 2),
(614, 46, 2),
(615, 46, 2),
(616, 46, 2),
(617, 46, 2),
(618, 46, 2),
(619, 46, 2),
(620, 47, 1),
(621, 47, 1),
(622, 47, 1),
(623, 47, 1),
(624, 47, 1),
(625, 47, 1),
(626, 47, 1),
(627, 47, 2),
(628, 47, 2),
(629, 47, 2),
(630, 47, 2),
(631, 47, 2),
(632, 47, 2),
(633, 47, 2),
(634, 48, 1),
(635, 48, 1),
(636, 48, 1),
(637, 48, 1),
(638, 48, 1),
(639, 48, 1),
(640, 48, 1),
(641, 48, 2),
(642, 48, 2),
(643, 48, 2),
(644, 48, 2),
(645, 48, 2),
(646, 48, 2),
(647, 48, 2),
(648, 48, 2),
(649, 49, 1),
(650, 49, 1),
(651, 49, 1),
(652, 49, 1),
(653, 49, 1),
(654, 49, 1),
(655, 49, 2),
(656, 49, 2),
(657, 49, 2),
(658, 49, 2),
(659, 49, 2),
(660, 49, 2),
(661, 49, 2),
(662, 49, 2),
(663, 50, 1),
(664, 50, 1),
(665, 50, 1),
(666, 50, 1),
(667, 50, 1),
(668, 50, 1),
(669, 50, 1),
(670, 50, 2),
(671, 50, 2),
(672, 50, 2),
(673, 50, 2),
(674, 50, 2),
(675, 50, 2),
(676, 50, 2),
(677, 51, 1),
(678, 51, 1),
(679, 51, 1),
(680, 51, 1),
(681, 51, 1),
(682, 51, 1),
(683, 51, 2),
(684, 51, 2),
(685, 51, 2),
(686, 51, 2),
(687, 51, 2),
(688, 51, 2),
(689, 51, 2),
(690, 52, 1),
(691, 52, 1),
(692, 52, 1),
(693, 52, 1),
(694, 52, 1),
(695, 52, 1),
(696, 52, 1),
(697, 52, 2),
(698, 52, 2),
(699, 52, 2),
(700, 52, 2),
(701, 52, 2),
(702, 52, 2),
(703, 52, 2),
(704, 52, 2),
(705, 53, 1),
(706, 53, 1),
(707, 53, 1),
(708, 53, 1),
(709, 53, 1),
(710, 53, 1),
(711, 53, 1),
(712, 53, 2),
(713, 53, 2),
(714, 53, 2),
(715, 53, 2),
(716, 53, 2),
(717, 53, 2),
(718, 53, 2),
(719, 53, 2),
(720, 53, 2),
(721, 54, 1),
(722, 54, 1),
(723, 54, 1),
(724, 54, 1),
(725, 54, 1),
(726, 54, 1),
(727, 54, 1),
(728, 54, 1),
(729, 54, 2),
(730, 54, 2),
(731, 54, 2),
(732, 54, 2),
(733, 54, 2),
(734, 54, 2),
(735, 54, 2),
(736, 54, 2),
(737, 55, 1),
(738, 55, 1),
(739, 55, 1),
(740, 55, 1),
(741, 55, 1),
(742, 55, 1),
(743, 55, 1),
(744, 55, 1),
(745, 55, 1),
(746, 55, 1),
(747, 55, 2),
(748, 55, 2),
(749, 55, 2),
(750, 55, 2),
(751, 55, 2),
(752, 55, 2),
(753, 55, 2),
(754, 55, 2),
(755, 55, 2),
(756, 55, 2),
(757, 55, 2),
(758, 56, 1),
(759, 56, 1),
(760, 56, 1),
(761, 56, 1),
(762, 56, 1),
(763, 56, 1),
(764, 56, 1),
(765, 56, 2),
(766, 56, 2),
(767, 56, 2),
(768, 56, 2),
(769, 56, 2),
(770, 56, 2),
(771, 56, 2),
(772, 57, 1),
(773, 57, 1),
(774, 57, 1),
(775, 57, 1),
(776, 57, 1),
(777, 57, 1),
(778, 57, 1),
(779, 57, 2),
(780, 57, 2),
(781, 57, 2),
(782, 57, 2),
(783, 57, 2),
(784, 57, 2),
(785, 57, 2),
(786, 58, 1),
(787, 58, 1),
(788, 58, 1),
(789, 58, 1),
(790, 58, 1),
(791, 59, 1),
(792, 59, 1),
(793, 59, 1),
(794, 59, 1),
(795, 59, 1),
(796, 59, 1),
(797, 59, 2),
(798, 59, 2),
(799, 59, 2),
(800, 59, 2),
(801, 59, 2),
(802, 59, 2),
(803, 59, 2),
(804, 60, 1),
(805, 60, 1),
(806, 60, 1),
(807, 60, 1),
(808, 60, 1),
(809, 60, 1),
(810, 60, 1),
(811, 60, 2),
(812, 60, 2),
(813, 60, 2),
(814, 60, 2),
(815, 60, 2),
(816, 60, 2),
(817, 60, 2),
(818, 61, 1),
(819, 61, 1),
(820, 61, 1),
(821, 61, 1),
(822, 61, 1),
(823, 61, 1),
(824, 61, 1),
(825, 61, 1),
(826, 61, 2),
(827, 61, 2),
(828, 61, 2),
(829, 61, 2),
(830, 61, 2),
(831, 61, 2),
(832, 61, 2),
(833, 62, 1),
(834, 62, 1),
(835, 62, 1),
(836, 62, 1),
(837, 62, 1),
(838, 62, 1),
(839, 62, 2),
(840, 62, 2),
(841, 62, 2),
(842, 62, 2),
(843, 62, 2),
(844, 62, 2),
(845, 62, 2),
(846, 62, 2),
(847, 62, 2),
(848, 63, 1),
(849, 63, 1),
(850, 63, 1),
(851, 63, 1),
(852, 63, 1),
(853, 63, 1),
(854, 63, 1),
(855, 63, 1),
(856, 63, 2),
(857, 63, 2),
(858, 63, 2),
(859, 63, 2),
(860, 63, 2),
(861, 63, 2),
(862, 63, 2),
(863, 64, 1),
(864, 64, 1),
(865, 64, 1),
(866, 64, 1),
(867, 64, 1),
(868, 64, 1),
(869, 64, 1),
(870, 64, 2),
(871, 64, 2),
(872, 64, 2),
(873, 64, 2),
(874, 64, 2),
(875, 64, 2),
(876, 64, 2),
(877, 65, 1),
(878, 65, 1),
(879, 65, 1),
(880, 65, 1),
(881, 65, 1),
(882, 65, 1),
(883, 65, 1),
(884, 65, 2),
(885, 65, 2),
(886, 65, 2),
(887, 65, 2),
(888, 65, 2),
(889, 65, 2),
(890, 65, 2),
(891, 66, 1),
(892, 66, 1),
(893, 66, 1),
(894, 66, 1),
(895, 66, 1),
(896, 66, 1),
(897, 66, 1),
(898, 66, 1),
(899, 66, 1),
(900, 66, 2),
(901, 66, 2),
(902, 66, 2),
(903, 66, 2),
(904, 66, 2),
(905, 66, 2),
(906, 66, 2),
(907, 66, 2),
(908, 66, 2),
(909, 66, 2),
(910, 67, 1),
(911, 67, 1),
(912, 67, 1),
(913, 67, 1),
(914, 67, 1),
(915, 67, 1),
(916, 67, 1),
(917, 67, 1),
(918, 67, 1),
(919, 67, 2),
(920, 67, 2),
(921, 67, 2),
(922, 67, 2),
(923, 67, 2),
(924, 67, 2),
(925, 67, 2),
(926, 67, 2),
(927, 67, 2),
(928, 67, 2),
(929, 68, 1),
(930, 68, 1),
(931, 68, 1),
(932, 68, 1),
(933, 68, 1),
(934, 68, 1),
(935, 68, 1),
(936, 68, 1),
(937, 68, 2),
(938, 68, 2),
(939, 68, 2),
(940, 68, 2),
(941, 68, 2),
(942, 68, 2),
(943, 68, 2),
(944, 68, 2),
(945, 68, 2),
(946, 69, 1),
(947, 69, 1),
(948, 69, 1),
(949, 69, 1),
(950, 69, 1),
(951, 69, 1),
(952, 69, 1),
(953, 69, 2),
(954, 69, 2),
(955, 69, 2),
(956, 69, 2),
(957, 69, 2),
(958, 69, 2),
(959, 69, 2),
(960, 70, 1),
(961, 70, 1),
(962, 70, 1),
(963, 70, 1),
(964, 70, 1),
(965, 70, 1),
(966, 70, 1),
(967, 70, 1),
(968, 70, 2),
(969, 70, 2),
(970, 70, 2),
(971, 70, 2),
(972, 70, 2),
(973, 70, 2),
(974, 70, 2),
(975, 70, 2),
(976, 70, 2),
(977, 71, 1),
(978, 71, 1),
(979, 71, 1),
(980, 71, 1),
(981, 71, 1),
(982, 71, 1),
(983, 71, 2),
(984, 71, 2),
(985, 71, 2),
(986, 71, 2),
(987, 71, 2),
(988, 71, 2),
(989, 71, 2),
(990, 72, 1),
(991, 72, 1),
(992, 72, 1),
(993, 72, 1),
(994, 72, 1),
(995, 72, 1),
(996, 72, 1),
(997, 72, 2),
(998, 72, 2),
(999, 72, 2),
(1000, 72, 2),
(1001, 72, 2),
(1002, 72, 2),
(1003, 72, 2),
(1004, 72, 2),
(1005, 73, 1),
(1006, 73, 1),
(1007, 73, 1),
(1008, 73, 1),
(1009, 73, 1),
(1010, 73, 1),
(1011, 73, 1),
(1012, 73, 1),
(1013, 73, 1),
(1014, 73, 1),
(1015, 73, 2),
(1016, 73, 2),
(1017, 73, 2),
(1018, 73, 2),
(1019, 73, 2),
(1020, 73, 2),
(1021, 73, 2),
(1022, 73, 2),
(1023, 73, 2),
(1024, 73, 2),
(1025, 73, 2),
(1026, 73, 2),
(1027, 73, 2),
(1028, 73, 2),
(1029, 73, 2),
(1030, 73, 2),
(1031, 73, 2),
(1032, 73, 2),
(1033, 74, 1),
(1034, 74, 1),
(1035, 74, 1),
(1036, 74, 1),
(1037, 74, 1),
(1038, 74, 1),
(1039, 74, 1),
(1040, 74, 1),
(1041, 74, 2),
(1042, 74, 2),
(1043, 74, 2),
(1044, 74, 2),
(1045, 74, 2),
(1046, 74, 2),
(1047, 74, 2),
(1048, 75, 1),
(1049, 75, 1),
(1050, 75, 1),
(1051, 75, 1),
(1052, 75, 1),
(1053, 75, 1),
(1054, 75, 2),
(1055, 75, 2),
(1056, 75, 2),
(1057, 75, 2),
(1058, 75, 2),
(1059, 76, 1),
(1060, 76, 1),
(1061, 76, 1),
(1062, 76, 1),
(1063, 76, 1),
(1064, 76, 1),
(1065, 76, 1),
(1066, 76, 1),
(1067, 76, 1),
(1068, 76, 1),
(1069, 76, 2),
(1070, 76, 2),
(1071, 76, 2),
(1072, 76, 2),
(1073, 76, 2),
(1074, 76, 2),
(1075, 76, 2),
(1076, 76, 2),
(1077, 76, 2),
(1078, 76, 2),
(1079, 77, 1),
(1080, 77, 1),
(1081, 77, 1),
(1082, 77, 1),
(1083, 77, 1),
(1084, 77, 1),
(1085, 77, 2),
(1086, 77, 2),
(1087, 77, 2),
(1088, 77, 2),
(1089, 77, 2),
(1090, 77, 2),
(1091, 77, 2),
(1092, 78, 1),
(1093, 78, 1),
(1094, 78, 1),
(1095, 78, 1),
(1096, 78, 1),
(1097, 78, 1),
(1098, 78, 1),
(1099, 78, 1),
(1100, 78, 1),
(1101, 78, 1),
(1102, 78, 1),
(1103, 78, 2),
(1104, 78, 2),
(1105, 78, 2),
(1106, 78, 2),
(1107, 78, 2),
(1108, 78, 2),
(1109, 78, 2),
(1110, 78, 2),
(1111, 78, 2),
(1112, 79, 1),
(1113, 79, 1),
(1114, 79, 1),
(1115, 79, 1),
(1116, 79, 1),
(1117, 79, 1),
(1118, 79, 1),
(1119, 79, 1),
(1120, 79, 2),
(1121, 79, 2),
(1122, 79, 2),
(1123, 79, 2),
(1124, 79, 2),
(1125, 79, 2),
(1126, 79, 2),
(1127, 80, 1),
(1128, 80, 1),
(1129, 80, 1),
(1130, 80, 1),
(1131, 80, 1),
(1132, 80, 1),
(1133, 80, 1),
(1134, 80, 1),
(1135, 80, 2),
(1136, 80, 2),
(1137, 80, 2),
(1138, 80, 2),
(1139, 80, 2),
(1140, 80, 2),
(1141, 80, 2),
(1142, 80, 2),
(1143, 80, 2),
(1144, 81, 1),
(1145, 81, 1),
(1146, 81, 1),
(1147, 81, 1),
(1148, 81, 1),
(1149, 81, 1),
(1150, 81, 2),
(1151, 81, 2),
(1152, 81, 2),
(1153, 81, 2),
(1154, 81, 2),
(1155, 81, 2),
(1156, 81, 2),
(1157, 82, 1),
(1158, 82, 1),
(1159, 82, 1),
(1160, 82, 1),
(1161, 82, 1),
(1162, 82, 1),
(1163, 82, 1),
(1164, 82, 1),
(1165, 82, 1),
(1166, 82, 1),
(1167, 82, 2),
(1168, 82, 2),
(1169, 82, 2),
(1170, 82, 2),
(1171, 82, 2),
(1172, 82, 2),
(1173, 82, 2),
(1174, 82, 2),
(1175, 82, 2),
(1176, 82, 2),
(1177, 82, 2),
(1178, 83, 1),
(1179, 83, 1),
(1180, 83, 1),
(1181, 83, 1),
(1182, 83, 1),
(1183, 83, 1),
(1184, 83, 2),
(1185, 83, 2),
(1186, 83, 2),
(1187, 83, 2),
(1188, 83, 2),
(1189, 83, 2),
(1190, 83, 2),
(1191, 84, 1),
(1192, 84, 1),
(1193, 84, 1),
(1194, 84, 1),
(1195, 84, 1),
(1196, 84, 1),
(1197, 84, 2),
(1198, 84, 2),
(1199, 84, 2),
(1200, 84, 2),
(1201, 84, 2),
(1202, 84, 2),
(1203, 84, 2),
(1204, 84, 2),
(1205, 84, 2),
(1206, 85, 1),
(1207, 85, 1),
(1208, 85, 1),
(1209, 85, 1),
(1210, 85, 1),
(1211, 85, 2),
(1212, 85, 2),
(1213, 85, 2),
(1214, 85, 2),
(1215, 85, 2),
(1216, 85, 2),
(1217, 86, 1),
(1218, 86, 1),
(1219, 86, 1),
(1220, 86, 1),
(1221, 86, 1),
(1222, 86, 1),
(1223, 86, 2),
(1224, 86, 2),
(1225, 86, 2),
(1226, 86, 2),
(1227, 86, 2),
(1228, 86, 2),
(1229, 87, 1),
(1230, 87, 1),
(1231, 87, 1),
(1232, 87, 1),
(1233, 87, 1),
(1234, 87, 1),
(1235, 88, 1),
(1236, 88, 1),
(1237, 88, 1),
(1238, 88, 1),
(1239, 88, 1),
(1240, 88, 1),
(1241, 88, 2),
(1242, 88, 2),
(1243, 88, 2),
(1244, 88, 2),
(1245, 88, 2),
(1246, 88, 2),
(1247, 88, 2),
(1248, 88, 2),
(1249, 89, 1),
(1250, 89, 1),
(1251, 89, 1),
(1252, 89, 1),
(1253, 89, 1),
(1254, 89, 1),
(1255, 89, 1),
(1256, 89, 2),
(1257, 89, 2),
(1258, 89, 2),
(1259, 89, 2),
(1260, 89, 2),
(1261, 89, 2),
(1262, 89, 2),
(1263, 89, 2),
(1264, 90, 1),
(1265, 90, 1),
(1266, 90, 1),
(1267, 90, 1),
(1268, 90, 1),
(1269, 90, 1),
(1270, 90, 1),
(1271, 90, 1),
(1272, 90, 2),
(1273, 90, 2),
(1274, 90, 2),
(1275, 90, 2),
(1276, 90, 2),
(1277, 90, 2),
(1278, 90, 2),
(1279, 90, 2),
(1280, 91, 1),
(1281, 91, 1),
(1282, 91, 1),
(1283, 91, 1),
(1284, 91, 1),
(1285, 91, 1),
(1286, 91, 1),
(1287, 91, 2),
(1288, 91, 2),
(1289, 91, 2),
(1290, 91, 2),
(1291, 91, 2),
(1292, 91, 2),
(1293, 91, 2),
(1294, 91, 2),
(1295, 92, 1),
(1296, 92, 1),
(1297, 92, 1),
(1298, 92, 1),
(1299, 92, 1),
(1300, 92, 1),
(1301, 92, 2),
(1302, 92, 2),
(1303, 92, 2),
(1304, 92, 2),
(1305, 92, 2),
(1306, 92, 2),
(1307, 92, 2),
(1308, 93, 1),
(1309, 93, 1),
(1310, 93, 1),
(1311, 93, 1),
(1312, 93, 1),
(1313, 93, 1),
(1314, 93, 2),
(1315, 93, 2),
(1316, 93, 2),
(1317, 93, 2),
(1318, 93, 2),
(1319, 93, 2),
(1320, 93, 2),
(1321, 93, 2),
(1322, 93, 2),
(1323, 94, 1),
(1324, 94, 1),
(1325, 94, 1),
(1326, 94, 1),
(1327, 94, 1),
(1328, 94, 1),
(1329, 94, 1),
(1330, 94, 2),
(1331, 94, 2),
(1332, 94, 2),
(1333, 94, 2),
(1334, 94, 2),
(1335, 94, 2),
(1336, 94, 2),
(1337, 94, 2),
(1338, 94, 2),
(1339, 95, 1),
(1340, 95, 1),
(1341, 95, 1),
(1342, 95, 1),
(1343, 95, 1),
(1344, 95, 1),
(1345, 95, 1),
(1346, 95, 2),
(1347, 95, 2),
(1348, 95, 2),
(1349, 95, 2),
(1350, 95, 2),
(1351, 95, 2),
(1352, 95, 2),
(1353, 95, 2);

-- --------------------------------------------------------

--
-- Štruktúra tabuľky pre tabuľku `migrations`
--

CREATE TABLE `migrations` (
  `id` int(10) UNSIGNED NOT NULL,
  `migration` varchar(255) NOT NULL,
  `batch` int(11) NOT NULL
) ENGINE=InnoDB DEFAULT CHARSET=utf8mb4 COLLATE=utf8mb4_unicode_ci;

-- --------------------------------------------------------

--
-- Štruktúra tabuľky pre tabuľku `positions`
--

CREATE TABLE `positions` (
  `id` int(11) NOT NULL,
  `name` varchar(100) NOT NULL
) ENGINE=InnoDB DEFAULT CHARSET=utf8mb4 COLLATE=utf8mb4_general_ci;

--
-- Sťahujem dáta pre tabuľku `positions`
--

INSERT INTO `positions` (`id`, `name`) VALUES
(1, 'skaut'),
(2, 'rodic'),
(3, 'veduci_druziny'),
(4, 'veduci_oddielu'),
(5, 'admin');

-- --------------------------------------------------------

--
-- Štruktúra tabuľky pre tabuľku `prerequisites`
--

CREATE TABLE `prerequisites` (
  `task_id` int(11) NOT NULL,
  `prerequisite` varchar(1000) NOT NULL
) ENGINE=InnoDB DEFAULT CHARSET=utf8mb4 COLLATE=utf8mb4_general_ci;

-- --------------------------------------------------------

--
-- Štruktúra tabuľky pre tabuľku `required_points`
--

CREATE TABLE `required_points` (
  `area_id` int(11) NOT NULL,
  `scout_path_id` int(11) NOT NULL,
  `required_points` int(11) DEFAULT NULL,
  `type_of_points` varchar(30) NOT NULL,
  `name` varchar(100) NOT NULL,
  `icon` varchar(100) NOT NULL
) ENGINE=InnoDB DEFAULT CHARSET=utf8mb4 COLLATE=utf8mb4_general_ci;

--
-- Sťahujem dáta pre tabuľku `required_points`
--

INSERT INTO `required_points` (`area_id`, `scout_path_id`, `required_points`, `type_of_points`, `name`, `icon`) VALUES
(1, 2, 600, 'body', 'Sever cesta ľadu', 'ice-cube'),
(2, 2, 640, 'body', 'Východ cesta lúkou', 'flower'),
(3, 2, 440, 'body', 'Juh cesta púšťou', 'sand'),
(4, 2, 700, 'body', 'Západ cesta pralesom', 'leaves'),
(1, 1, NULL, 'Uloha', 'Dobrodružné detstvo', 'task'),
(2, 1, NULL, 'Uloha', 'Hindský chlapec', 'task'),
(3, 1, NULL, 'Uloha', 'Prvé pomenovanie skaut', 'task'),
(4, 1, NULL, 'Uloha', 'Boj o mafeking', 'task'),
(1, 3, NULL, 'metre', 'Búrka', 'up-arrow'),
(2, 3, NULL, 'metre', 'Dedina', 'up-arrow'),
(3, 3, NULL, 'metre', 'Previs', 'up-arrow'),
(4, 3, NULL, 'metre', 'Záchrana', 'up-arrow');

-- --------------------------------------------------------

--
-- Štruktúra tabuľky pre tabuľku `scout_path`
--

CREATE TABLE `scout_path` (
  `id` int(11) NOT NULL,
  `name` varchar(200) NOT NULL,
  `image` varchar(200) NOT NULL,
  `color` varchar(20) DEFAULT NULL,
  `required_points` int(11) DEFAULT NULL
) ENGINE=InnoDB DEFAULT CHARSET=utf8mb4 COLLATE=utf8mb4_general_ci;

--
-- Sťahujem dáta pre tabuľku `scout_path`
--

INSERT INTO `scout_path` (`id`, `name`, `image`, `color`, `required_points`) VALUES
(1, 'Prvý skaut', 'prvy_skaut', '#ffee53', 40),
(2, 'Neznáme cesty', 'nezname_cesty', '#ba4e3b', NULL),
(3, 'Posledný vrchol', 'posledny_vrchol', '#8ab35f', 2300);

-- --------------------------------------------------------

--
-- Štruktúra tabuľky pre tabuľku `scout_path_tasks`
--

CREATE TABLE `scout_path_tasks` (
  `task_id` int(11) NOT NULL,
  `chapter_id` int(11) NOT NULL,
  `points` int(11) DEFAULT NULL,
  `mandatory` tinyint(1) NOT NULL
) ENGINE=InnoDB DEFAULT CHARSET=utf8mb4 COLLATE=utf8mb4_general_ci;

--
-- Sťahujem dáta pre tabuľku `scout_path_tasks`
--

INSERT INTO `scout_path_tasks` (`task_id`, `chapter_id`, `points`, `mandatory`) VALUES
(1354, 1, 1, 1),
(1355, 1, 1, 1),
(1356, 2, 1, 1),
(1357, 3, 1, 1),
(1358, 4, 1, 1),
(1359, 4, 1, 1),
(1360, 5, 1, 1),
(1361, 6, 1, 1),
(1362, 7, 1, 1),
(1363, 8, 1, 1),
(1364, 8, 1, 1),
(1365, 9, 1, 1),
(1366, 10, 1, 1),
(1367, 11, 1, 1),
(1368, 12, 1, 1),
(1369, 12, 1, 1),
(1370, 13, 1, 1),
(1371, 14, 1, 1),
(1372, 15, 1, 1),
(1373, 15, 1, 1),
(1374, 16, 1, 1),
(1375, 17, 1, 1),
(1376, 17, 1, 1),
(1377, 18, 1, 1),
(1378, 18, 1, 1),
(1379, 19, 1, 1),
(1380, 20, 1, 1),
(1381, 21, 1, 1),
(1382, 22, 1, 1),
(1383, 23, 1, 1),
(1384, 24, 1, 1),
(1385, 24, 1, 1),
(1386, 25, 1, 1),
(1387, 25, 1, 1),
(1388, 26, 1, 1),
(1389, 26, 1, 1),
(1390, 27, 1, 1),
(1391, 27, 1, 1),
(1392, 27, 1, 1),
(1393, 28, 1, 1),
(1394, 29, 30, 1),
(1395, 29, 60, 0),
(1396, 29, 40, 0),
(1397, 29, 80, 0),
(1398, 30, 100, 1),
(1399, 30, 40, 0),
(1400, 30, 30, 0),
(1401, 30, NULL, 0),
(1402, 31, 50, 1),
(1403, 31, 20, 0),
(1404, 31, 70, 0),
(1405, 31, 60, 0),
(1406, 32, 70, 1),
(1407, 32, 60, 0),
(1408, 32, 90, 0),
(1409, 32, 50, 0),
(1410, 32, 10, 0),
(1411, 33, 40, 1),
(1412, 33, 40, 0),
(1413, 33, 50, 0),
(1414, 33, 30, 0),
(1415, 34, 30, 1),
(1416, 34, 100, 0),
(1417, 34, 70, 0),
(1418, 34, 10, 0),
(1419, 35, 70, 1),
(1420, 35, 40, 0),
(1421, 35, 80, 0),
(1422, 35, 90, 0),
(1423, 35, 30, 0),
(1424, 35, 20, 0),
(1425, 35, NULL, 0),
(1426, 36, 80, 1),
(1427, 36, 90, 0),
(1428, 36, 50, 0),
(1429, 36, 20, 0),
(1430, 36, 60, 0),
(1431, 36, NULL, 0),
(1432, 37, 60, 0),
(1433, 37, 80, 0),
(1434, 37, 40, 0),
(1435, 37, 70, 0),
(1436, 37, 10, 0),
(1437, 38, 40, 1),
(1438, 38, 50, 0),
(1439, 38, 70, 0),
(1440, 38, 50, 0),
(1441, 39, 80, 1),
(1442, 39, 30, 0),
(1443, 39, 80, 0),
(1444, 39, NULL, 0),
(1445, 40, 70, 1),
(1446, 40, 50, 0),
(1447, 40, 40, 0),
(1448, 40, 60, 0),
(1449, 40, 10, 0),
(1450, 41, 70, 1),
(1451, 41, 30, 0),
(1452, 41, 20, 0),
(1453, 42, 80, 1),
(1454, 42, 30, 0),
(1455, 42, 90, 0),
(1456, 42, 40, 0),
(1457, 42, 100, 0),
(1458, 42, NULL, 0),
(1459, 43, 50, 1),
(1460, 43, 30, 0),
(1461, 43, 40, 0),
(1462, 43, 70, 0),
(1463, 43, NULL, 0),
(1464, 44, 100, 1),
(1465, 44, 70, 0),
(1466, 44, 30, 0),
(1467, 44, NULL, 0),
(1468, 45, 70, 1),
(1469, 45, 20, 0),
(1470, 45, 60, 0),
(1471, 45, 30, 0),
(1472, 46, 80, 1),
(1473, 46, 50, 0),
(1474, 46, 70, 0),
(1475, 47, 20, 0),
(1476, 47, 60, 0),
(1477, 47, 90, 0),
(1478, 47, 70, 0),
(1479, 47, NULL, 0),
(1480, 48, 90, 1),
(1481, 48, 60, 0),
(1482, 48, 50, 0),
(1483, 48, NULL, 0),
(1484, 49, 30, 1),
(1485, 49, 50, 0),
(1486, 49, 90, 0),
(1487, 49, 80, 0),
(1488, 50, 70, 1),
(1489, 50, 50, 0),
(1490, 50, 20, 0),
(1491, 50, 50, 0),
(1492, 51, 50, 1),
(1493, 51, 20, 0),
(1494, 51, 60, 0),
(1495, 51, 80, 0),
(1496, 51, NULL, 0),
(1497, 52, 60, 1),
(1498, 52, 70, 0),
(1499, 52, 90, 0),
(1500, 52, 40, 0),
(1501, 52, NULL, 0),
(1502, 53, 100, 1),
(1503, 53, 70, 0),
(1504, 53, 30, 0),
(1505, 53, NULL, 0),
(1506, 53, NULL, 0),
(1507, 54, 30, 0),
(1508, 54, 70, 0),
(1509, 54, 80, 0),
(1510, 54, 100, 0),
(1511, 54, NULL, 0),
(1512, 55, 50, 1),
(1513, 55, 70, 0),
(1514, 55, 20, 0),
(1515, 55, 80, 0),
(1516, 56, 50, 0),
(1517, 56, 70, 0),
(1518, 56, 90, 0),
(1519, 56, 30, 0),
(1520, 56, NULL, 0),
(1521, 58, 20, 1),
(1522, 58, 90, 0),
(1523, 58, 60, 0),
(1524, 58, 40, 0),
(1525, 58, NULL, 0),
(1526, 59, 50, 1),
(1527, 59, 100, 0),
(1528, 59, 60, 0),
(1529, 59, NULL, 0),
(1530, 60, 70, 1),
(1531, 60, 40, 1),
(1532, 60, 50, 0),
(1533, 60, 70, 0),
(1534, 60, NULL, 0),
(1535, 61, 80, 1),
(1536, 61, 30, 0),
(1537, 61, 50, 0),
(1538, 61, 60, 0),
(1539, 61, NULL, 0),
(1540, 62, 100, 0),
(1541, 62, 80, 0),
(1542, 62, 70, 0),
(1543, 62, 50, 0),
(1544, 62, 50, 0),
(1545, 62, NULL, 0),
(1546, 63, NULL, 0),
(1547, 63, 50, 0),
(1548, 63, 40, 0),
(1549, 63, NULL, 0),
(1550, 63, NULL, 0),
(1551, 64, 70, 0),
(1552, 64, 40, 0),
(1553, 64, 80, 0),
(1554, 64, NULL, 0),
(1555, 65, 50, 1),
(1556, 65, 60, 0),
(1557, 65, 40, 0),
(1558, 65, 80, 0),
(1559, 65, 70, 0),
(1560, 65, NULL, 0),
(1561, 66, 70, 1),
(1562, 66, 60, 0),
(1563, 66, 30, 0),
(1564, 66, 50, 0),
(1565, 67, NULL, 1),
(1566, 67, 40, 1),
(1567, 67, 90, 0),
(1568, 67, 50, 0),
(1569, 68, 60, 1),
(1570, 68, 50, 0),
(1571, 68, 30, 0),
(1572, 68, 70, 0),
(1573, 68, 40, 0),
(1574, 69, 80, 0),
(1575, 69, 100, 0),
(1576, 69, 90, 0),
(1577, 69, 60, 0),
(1578, 69, NULL, 0),
(1579, 70, 50, 0),
(1580, 70, 70, 0),
(1581, 70, 90, 0),
(1582, 70, NULL, 0),
(1583, 71, 80, 0),
(1584, 71, 30, 0),
(1585, 71, 60, 0),
(1586, 71, 20, 0),
(1587, 71, NULL, 0),
(1588, 72, 60, 1),
(1589, 72, 70, 0),
(1590, 72, 90, 0),
(1591, 72, 80, 0),
(1592, 72, 100, 0),
(1593, 72, 20, 0),
(1594, 72, NULL, 0),
(1595, 73, 70, 1),
(1596, 73, 50, 0),
(1597, 73, 100, 0),
(1598, 74, 70, 1),
(1599, 74, 80, 1),
(1600, 74, 60, 0),
(1601, 74, 40, 0),
(1602, 74, 100, 0),
(1603, 75, 80, 1),
(1604, 75, 50, 0),
(1605, 75, 60, 0),
(1606, 75, 30, 0),
(1607, 76, 50, 0),
(1608, 76, 70, 0),
(1609, 76, 90, 0),
(1610, 76, 30, 0),
(1611, 76, 60, 0),
(1612, 77, 70, 0),
(1613, 77, 60, 0),
(1614, 77, 40, 0),
(1615, 77, 100, 0),
(1616, 77, 30, 0),
(1617, 78, 80, 1),
(1618, 78, 90, 0),
(1619, 78, 80, 0),
(1620, 78, 30, 0),
(1621, 78, NULL, 0),
(1622, 78, NULL, 0),
(1623, 79, 70, 1),
(1624, 79, 40, 0),
(1625, 79, 90, 0),
(1626, 79, 20, 0),
(1627, 79, 50, 0),
(1628, 79, 60, 0),
(1629, 80, 50, 1),
(1630, 80, 90, 0),
(1631, 80, 70, 0),
(1632, 80, 30, 0),
(1633, 80, 50, 0),
(1634, 81, 60, 1),
(1635, 81, 90, 0),
(1636, 81, 50, 0),
(1637, 81, 40, 0),
(1638, 81, NULL, 0),
(1639, 82, 50, 0),
(1640, 82, 60, 0),
(1641, 82, 80, 0),
(1642, 82, 30, 0),
(1643, 82, 50, 0),
(1644, 83, 90, 0),
(1645, 83, 80, 0),
(1646, 83, 40, 0),
(1647, 84, 50, 0),
(1648, 84, 100, 0),
(1649, 84, 60, 0),
(1650, 84, 30, 0),
(1651, 84, NULL, 0),
(1652, 85, 50, 0),
(1653, 85, 30, 0),
(1654, 85, 80, 0),
(1655, 85, 60, 0),
(1656, 85, NULL, 0),
(1657, 86, 50, 0),
(1658, 86, 90, 0),
(1659, 86, 40, 0),
(1660, 86, 20, 0),
(1661, 86, NULL, 0),
(1662, 87, 80, 0),
(1663, 87, 50, 0),
(1664, 87, 30, 0),
(1665, 87, 100, 0),
(1666, 87, NULL, 0),
(1667, 88, 70, 0),
(1668, 88, 50, 0),
(1669, 88, 40, 0),
(1670, 88, NULL, 0);

-- --------------------------------------------------------

--
-- Štruktúra tabuľky pre tabuľku `tasks`
--

CREATE TABLE `tasks` (
  `id` int(11) NOT NULL,
  `name` varchar(200) DEFAULT NULL,
  `order` int(11) NOT NULL,
  `task` varchar(2000) NOT NULL,
  `position_id` int(11) NOT NULL
) ENGINE=InnoDB DEFAULT CHARSET=utf8mb4 COLLATE=utf8mb4_general_ci;

--
-- Sťahujem dáta pre tabuľku `tasks`
--

INSERT INTO `tasks` (`id`, `name`, `order`, `task`, `position_id`) VALUES
(1, NULL, 1, 'Sledoval som život rastliny, pozoroval som ju počas dlhšieho obdobia. Skúmal a zakresľoval som žilnatinu lístkov, zapisoval som fázy klíčenia, vývoja listov, kvitnutia či tvorby plodov.', 3),
(2, NULL, 2, 'Pod dohľadom skúseného dospelého som pripravil 4 odvary z bylín, ktoré sa užívajú pri nachladnutí, chrípke, resp. kašli a spravil ich ochutnávku pre družinu.', 3),
(3, NULL, 3, 'Družinu som sprevádzal po botanickej záhrade (arboréte, skleníku…) a ukázal som im najrôznejšie druhy našich pôvodných a nepôvodných rastlinných druhov. Ak v blízkosti nie je podobné miesto, vytvoril som pred prehliadkou vlastnú „botanickú záhradu“ v okolí, kde som jednotlivé byliny a dreviny vopred označil.', 3),
(4, NULL, 4, 'Viem pracovať s rôznymi druhmi atlasov a kľúčov na určovanie rastlín.', 3),
(5, NULL, 5, 'Zostavil som malý herbár z nižších (machy) a vyšších rastlín (byliny a dreviny).', 3),
(6, NULL, 6, 'Do klubovne som vytvoril plagát, ktorý ukazuje typické rastliny z rôznych biotopov (lesy, lúky, kosodrevina, pasienky…) v našom okolí.', 3),
(7, NULL, 7, 'Doma pestujem rôzne druhy rastlín, aspoň jeden druh som úspešne rozmnožil. Ak je to možné, starám sa o rastliny aj v klubovni.', 3),
(8, NULL, 1, 'Rozlišujem hlavné byliny a dreviny vo svojom okolí. Poznám latinské názvy najčastejších druhov.', 3),
(9, NULL, 2, 'Do môjho herbáru som zaradil druhy lúčnych, lesných, vlhkomilných, na suchých miestach rastúcich spoločenstiev.', 3),
(10, NULL, 3, 'Zoznámil som sa s čeľaďou Orchideaceae, poznám ich areál rozšírenia, prečo sú chránené a čo ohrozuje ich výskyt. Na túto tému som vytvoril plagát.', 3),
(11, NULL, 4, 'Zbieram a suším si rôzne druhy liečivých rastlín, z ktorých pripravujem čaje, tinktúry a masti.', 3),
(12, NULL, 5, 'Zasadil som rôzne druhy semien alebo sadeníc stromov a pozoroval som ich rast aspoň niekoľko mesiacov.', 3),
(13, NULL, 6, 'Stal som sa oddielovým botanikom. Na akciách som učil skautov spoznávať rôzne druhy rastlín.', 3),
(14, NULL, 1, 'Vytvoril som si vlastný herbár aspoň s 20 bylinkami, poznám ich symboliku, kde rastú a na čo sa využívajú.', 3),
(15, NULL, 2, 'Nakreslil som detailne 10 byliniek.', 3),
(16, NULL, 3, 'Počas dvoch mesiacov som na každej družinovke svojej družine prezentoval nejakú zaujímavosť z oblasti bylinkárčenia.', 3),
(17, NULL, 4, 'Svoju družinu som na výprave naučil spoznať bežne vyskytujúce sa byliny a rozoznať podobné byliny.', 3),
(18, NULL, 5, 'Porozprával som sa s človekom, ktorý sa bylinkám venuje dlhšie ako ja, vymenili sme si svoje skúsenosti, rady a názory.', 3),
(19, NULL, 6, 'Pre svoj oddiel som zorganizoval dve hry s cieľom spoznávať byliny.', 3),
(20, NULL, 7, 'Viem, kedy sa bylinky zbierajú (ročné obdobie, časť dňa) a kde sa bylinky nezbierajú (nevhodné a vhodné lokality).', 3),
(21, NULL, 8, 'Viem, ako sa správne sušia bylinky, a predviedol som to aj družine.', 3),
(22, NULL, 9, 'Dokážem bylinky používať aj pri varení a správne som ich použil pri varení aspoň 2 jedál pre družinu/oddiel.', 3),
(23, NULL, 1, 'Aspoň 3-krát za tábor som uvaril čaj z rôznych byliniek pre celé táborisko.', 3),
(24, NULL, 2, 'Na tábore som uskutočnil výpravu spojenú so zberom byliniek.', 3),
(25, NULL, 3, 'Prečítal som knihu a zistil informácie o bylinkách rastúcich v zahraničí a v rôznych častiach sveta.', 3),
(26, NULL, 4, 'Vyhľadal som (na internete, v knihe,..) byliny vhodné na tieto ochorenia:<ul> <li>choroby žlčníka</li> <li>choroby pečene</li> <li>poruchy trávenia</li> <li>choroby močových ústrojov</li> <li>choroby dýchacích ciest</li> <li>prechladnutie/chrípka</li></ul>', 3),
(27, NULL, 5, 'Svoje zistenia som si zaznamenal do svojho zápisníka.', 3),
(28, NULL, 6, 'Na aspoň tri liečivé byliny som spravil prezentáciu. Nezabudol som na obrázky a zaujímavosti. Prezentáciu som prezentoval pred oddielom.', 3),
(29, NULL, 7, 'Dopestoval som doma aspoň 3 bylinky.', 3),
(30, NULL, 8, 'Vyrobil som z bylín voňavé vrecúško alebo masť.', 3),
(31, NULL, 9, 'Viem určiť aspoň 2 príklady, kedy sa z rastliny zbiera a využíva list, kvet, plod, koreň.', 3),
(32, NULL, 10, 'Viem povedať, ktoré bylinky používané v kuchyni majú antibakteriálne alebo antioxidačné účinky (bazalka, oregano, atď. ).', 3),
(33, NULL, 1, 'Z výletu som priniesol aspoň 10 rôznych druhov kameňov. Zistil som, či sa jedná o horniny alebo minerály a začal som si zakladať moju zbierku hornín a minerálov. V nej som zaznamenával aj presnú lokalitu a dátum odberu.', 3),
(34, NULL, 2, 'Svojim kamarátom som vysvetlil Mohsovu stupnicu tvrdosti a určil som tvrdosť minerálov zo svojej zbierky.', 3),
(35, NULL, 3, 'Zistil som, kto je to paleontológ a čomu sa venuje.', 3),
(36, NULL, 4, 'Splnil som jeden bod z nasledovných:<ul><li>Vytvoril som pexeso najznámejších vyhynutých živočíchov a rastlín (jedna kartička obrázok a druhá názov, prípadne aj obdobie jeho výskytu).</li> <li>V prírode som našiel aspoň jednu skamenelinu.</li></ul>', 3),
(37, NULL, 5, 'Nakreslil (obkreslil) som pravdepodobnú mapku prakontinentov Pangey, Laurázie a Gondwany a pokúsil sa v nich rozpoznať súčasné kontinenty.', 3),
(38, NULL, 6, 'Poznám 5 drahokamov a 5 polodrahokamov a viem, akej sú farby.', 3),
(39, NULL, 7, 'Navštívil som aspoň jednu prístupnú jaskyňu, pokúsil som sa identifikovať základné krasové útvary a zistil som, akým spôsobom vznikli.', 3),
(40, NULL, 8, 'Z roztoku som vypestoval kryštáliky soli a cukru a navzájom som ich porovnal.', 3),
(41, NULL, 9, 'Poznám aspoň 5 slovenských minerálnych prameňov a viem, kde sa nachádzajú.', 3),
(42, NULL, 1, 'Pre družinu či oddiel som urobil krátku prednášku o zemetraseniach; o tom, ako, kde a prečo vznikajú. Predstavil som im stupnicu merania intenzity zemetrasenia, zoznámil som ich s miestami výskytu vo svete a u nás a kde je najväčšia pravdepodobnosť výskytu zemetrasení. Svoje rozprávanie som prípadne doplnil o zaujímavé obrázky z médií.', 3),
(43, NULL, 2, 'Zúčastnil som sa jedného zlatokopeckého podujatia a pokúsil som sa vyryžovať svoju prvú zlatinku.', 3),
(44, NULL, 3, 'Urobil som si výlet do jedného sopečného pohoria Slovenska a nafotil som charakteristické časti. Viem, aký je rozdiel medzi magmou a lávou, a poznám aspoň 10 činných sopiek a viem, ktoré sú sopečné pohoria Slovenska.', 3),
(45, NULL, 4, 'Poznám základné triedy minerálov, do svojej zbierky som sa snažil získať aspoň jedného predstaviteľa z piatich tried minerálov. Ak to bolo možné, navštívil som mineralogické múzeum alebo burzu minerálov a hornín.', 3),
(46, NULL, 5, 'Zoznámil som sa so zaujímavými geologickými knihami.', 3),
(47, NULL, 6, 'Preskúmal som texty o vzniku hornín a moju zbierku som obohatil o typických predstaviteľov jednotlivých skupín (najmenej 3 druhov zo sedimentárnych, vyvretých a metamorfovaných hornín.', 3),
(48, NULL, 7, 'Poznám aspoň 10 druhov nerastných surovín, ktoré sa ťažia na Slovensku, miesto ich ťažby a využitie.', 3),
(49, NULL, 1, 'Poznám základnú anatómiu tela plazov a obojživelníkov.', 3),
(50, NULL, 2, 'Viem, aké druhy plazov a obojživelníkov žijú na Slovensku, dokážem ich identifikovať a pomenovať. Viem, aké biotopy obývajú, čím sa živia a kedy sa rozmnožujú.', 3),
(51, NULL, 3, 'Poznám príčiny ohrozenia plazov a obojživelníkov a viem, aké kroky by sa dali proti nim podniknúť. Povedal som o tom pred družinou.', 3),
(52, NULL, 4, 'Zameral som sa na nepravdivé povery o plazoch a obojživelníkoch a prezentoval som ich spolu s vysvetlením pred družinou.', 3),
(53, NULL, 5, 'Ovládam zásady prvej pomoci po uhryznutí vretenicou severnou.', 3),
(54, NULL, 6, 'Pre družinu som pripravil zábavno-náučný kvíz z oblasti herpetológie.', 3),
(55, NULL, 1, 'Prečítal som aspoň 4 knihy o plazoch či obojživelníkoch.', 3),
(56, NULL, 2, 'Spísal som 20 lokalít, kde som naše plazy a obojživelníky videl a doplnil ich fotografiami. Tieto informácie som poskytol organizácií zaoberajúcej sa ochranou našich plazov a obojživelníkov (napr. Združenie priateľov herpetofauny, www.plazynuas.com).', 3),
(57, NULL, 3, 'Materiály o ochrane plazov a obojživelníkov som rozvešal na svojej škole a vo svojom okolí.', 3),
(58, NULL, 4, 'Postavil som aspoň 2 úkryty alebo zimovisko pre naše plazy.', 3),
(59, NULL, 5, 'Navštívil som chovateľa plazov či obojživelníkov, ktorý ma s nimi naučil bezpečne manipulovať.', 3),
(60, NULL, 6, 'Naštudoval som si najčastejšie ochorenia plazov a obojživelníkov a naučil som sa, ako pri nich postupovať.', 3),
(61, NULL, 1, 'Počas jednej sezóny som šiel aspoň 10-krát na hubačku.', 3),
(62, NULL, 2, 'Poznám aspoň 15 jedlých a 10 nejedlých/jedovatých u nás bežne rastúcich húb, viem tiež odlíšiť „dvojníkov“.', 3),
(63, NULL, 3, 'Družine som vysvetlil rozdiel medzi nejedlými a jedovatými hubami.', 3),
(64, NULL, 4, 'Pre družinu som vytvoril aktivitu na spoznávanie rôznych druhov húb (napr. pexeso).', 3),
(65, NULL, 5, 'Vlastním atlas húb a využívam ho pri zbere húb na ich správne určenie.', 3),
(66, NULL, 6, 'Vlastnoručne nazbierané huby som správne vysušil a zakonzervoval na dlhšie skladovanie.', 3),
(67, NULL, 7, 'Viem podať prvú pomoc pri otrave hubami a poznám a dodržiavam zásady úpravy a konzumácie húb.', 3),
(68, NULL, 8, 'Absolvoval som hubačku v rôznych biotopoch (ihličnaté/listnaté lesy, lúky atď).', 3),
(69, NULL, 1, 'Vytvoril som hubový herbár s aspoň 10 položkami. Návod ako na to si nájdem na internete.', 3),
(70, NULL, 2, 'Navaril som jedlo pre aspoň 2 osoby z vlastnoručne nazbieraných húb (pred úpravou som dal skontrolovať skúsenému hubárovi).', 3),
(71, NULL, 3, 'Vzal som na hubačku nádejného hubára začiatočníka a vysvetlil som mu zásady správneho hľadania a zberu.', 3),
(72, NULL, 4, 'Vytvoril som plagát s podrobným morfologickým opisom huby, najlepšie vlastnoručne nakreslím.', 3),
(73, NULL, 5, 'Viem, čo je mykoríza, prečo je prospešná.', 3),
(74, NULL, 6, 'Našiel som aspoň 5 zvláštnych húb, odfotil som ich a pokúsil som sa ich určiť.', 3),
(75, NULL, 7, 'Podľa okolitých stromov a prostredia viem určiť, ktoré druhy húb by som mohol nájsť.', 3),
(76, NULL, 8, 'Viem vysvetliť vzťah húb a lišajníkov, ich životný cyklus.', 3),
(77, NULL, 1, 'Vediem si astronomický denník, kde si zaznamenávam moje pozorovania aj s náčrtmi.', 3),
(78, NULL, 2, 'Družine či oddielu som vysvetlil princíp zatmenia Slnka a Mesiaca a takisto princíp striedania ročných období.', 3),
(79, NULL, 3, 'Vyrobil som jednoduchú maketu slnečnej sústavy a snažil som sa zachovať proporčné veľkosti. Predviedol som ju družine aj s rozprávaním o vzdialenostiach a zložení jednotlivých hviezd.', 3),
(80, NULL, 4, 'Urobil som 20 kartičiek súhvezdí (poloha hviezd, významné hviezdy, známe legendy), ak ma niekto požiadal, pomohol som mu ich nájsť na oblohe.', 3),
(81, NULL, 5, 'Pozoroval som mesiac ďalekohľadom. Podľa mapy som na ňom našiel vyznačené objekty.', 3),
(82, NULL, 6, 'Prečítal som aspoň jednu knihu o astronómii.', 3),
(83, NULL, 1, 'Počas troch mesiacov som v týždenných intervaloch v rovnakom čase pozoroval (a zakresľoval či fotografoval) oblohu alebo vybrané objekty. Zdôvodnenia rozdielov som si zapísal do denníka.', 3),
(84, NULL, 2, 'Zhotovil som jednoduchý ďalekohľad.', 3),
(85, NULL, 3, 'Postavil som táborové slnečné hodiny.', 3),
(86, NULL, 4, 'Pre oddiel som usporiadal nočné pozorovanie oblohy. Ukazoval som im jednotlivé súhvezdia, objekty viditeľné bez ďalekohľadu a rozprával som im o teóriách vzniku vesmíru.', 3),
(87, NULL, 5, 'Zaujímavým spôsobom som vysvetlil vznik a zánik hviezd aj s jednotlivými štádiami (článok, fotografie, hra…).', 3),
(88, NULL, 6, 'Čítam odborné knihy a časopisy zaoberajúce sa kozmologickým výskumom a teóriami.', 3),
(89, NULL, 7, 'Pre družinu som urobil súťažný kvíz o astronomických pojmoch. V prípade potreby som im jednotlivé pojmy pomáhal vysvetliť.', 3),
(90, NULL, 8, 'Ak to bolo možné, navštívil som hvezdáreň alebo planetárium.', 3),
(91, NULL, 1, 'Aspoň šesť mesiacov som choval domáce zviera.', 3),
(92, NULL, 2, 'Pred oddielom alebo družinou som predstavil moje zviera, vysvetlil som, ako sa oňho treba starať a priblížil som im jeho prirodzené prostredie a areál výskytu.', 3),
(93, NULL, 3, 'Spísal som zoznam krokov, ako správne postupovať pri jednoduchom poranení alebo chorobe môjho zvieraťa (parazity, hnačka, zvracanie..). V prípade potreby som navštívil veterinára.', 3),
(94, NULL, 4, 'Pozoroval som svoje zviera a zostavil som mu jedálniček v súlade s odbornými radami.', 3),
(95, NULL, 5, 'Navštívil som chovateľskú burzu alebo výstavu.', 3),
(96, NULL, 6, 'Podarilo sa mi úspešne rozmnožiť nejaký menej náročný druh (dážďovka, gupka, myš, pakobylka, svrček…).', 3),
(97, NULL, 1, 'Začínajúcemu chovateľovi som praktickými radami pomohol s výberom zvieraťa a správnym spôsobom chovu daného druhu.', 3),
(98, NULL, 2, 'Podarilo sa mi úspešne odchovať od mláďaťa do dospelosti mierne náročnejší druh (ť). Zoznámil som sa aj s chovom iných druhov zvierat. Pravidelne som si viedol denník chovu.', 3),
(99, NULL, 3, 'Preštudoval som základnú dostupnú literatúru o chove môjho zvieraťa. Dobrú starostlivosť o zviera potvrdil aj veterinár.', 3),
(100, NULL, 4, 'Pripravil som si malú prednášku o význame a pozitívach menej obľúbených zvierat (pavúky, hady, hmyz, dážďovky).', 3),
(101, NULL, 5, 'Napísal som do skautského časopisu príspevok o svojej chovateľskej záľube.', 3),
(102, NULL, 6, 'Urobil som zoznam organizácií a inštitúcií, ktoré sa zaoberajú pomocou týraným zvieratám (medzinárodných aj slovenských). Preštudoval som niektoré ich materiály, viem, ako zasiahnuť v prípade potreby.', 3),
(103, NULL, 1, 'Zúčastnil som sa na čistení alebo brigáde v chránenom území (národný park, chránená krajinná oblasť, chránený areál, prírodná rezervácia, prírodná pamiatka). O svojej skúsenosti a jej význame som napísal blog alebo článok.', 3),
(104, NULL, 2, 'Vytvoril som „herbár“ aspoň z 15 stromov alebo kríkov. Pri každom bola uvedená stručná charakteristika: popis kôry, listov, plodov a charakteristického miesta výskytu. Zároveň som uviedol, ako je daný druh stromu, resp. kríka využiteľný pre človeka (napr. kde sa využíva drevo stromu), príp. ktoré plody obľubuje lesná zver.', 3),
(105, NULL, 3, 'Viem, čo škodí lesným drevinám (podkôrny hmyz, hmyzí škodcovia, drevokazné huby) a ako treba chrániť lesné dreviny pred škodcami – lapáky, feromónové lapače, feromónové pasce. Našiel som aspoň dva druhy škodcov a zakreslil alebo vyfotografoval som ich.', 3),
(106, NULL, 4, 'Vybral som si a splnil som jeden bod z nasledujúcich: <ul><li>Zúčastnil som sa exkurzie v lese s lesníkom alebo v niektorom chránenom území s ochrancami prírody. Počas exkurzie som fotil zaujímavé nálezy a pre družinu alebo oddiel som pripravil prezentáciu.</li><li>Navštívil som lesnú správu, správu národného parku alebo správu chránenej krajinnej oblasti a zoznámil som sa s jej činnosťou.</li><li>Vytvoril som plagát alebo prezentáciu, prečo je les dôležitý. Zahrnul som do nej aspoň niektoré z týchto tém: les ako miesto na oddych a rekreáciu, les ako ochranca pôdy, les ako čistič a zadržiavač vôd, les ako miesto pre život zvierat, les ako producent kyslíka a čistič ovzdušia, les ako producent dreva a plodín pre ľudí.</li></ul>', 3),
(107, NULL, 5, 'Našiel som a vyfotografoval aspoň 3 rôzne letokruhy na pňoch. Zameral som sa na rozdielnosti v rýchlosti rastu, vplyv počasia a prostredia, kde strom rástol.', 3),
(108, NULL, 6, 'Viem, ako postupovať pri stretnutí s divými zvieratami. Dokážem poskytnúť prvú pomoc pri uhryznutí, krvácaní, zlomenine a vyvrtnutí členka.', 3),
(109, NULL, 7, 'Spoločne vo dvojici sme zrúbali a spracovali drevo z jedného suchého stromu.', 3),
(110, NULL, 8, 'Poznám lesnícke značky na stromoch a viem vysvetliť, čo znamenajú (pruhy na stromoch – biele, červené). Pozrel som si, ako sa na lesníckej mape označuje lesná cesta, chodník, hrebeň. Poprosil som lesníka o vysvetlenie.', 3),
(111, NULL, 1, 'Zúčastnil som sa na počúvaní jesennej ruje v sprievode skúsenej osoby.', 3),
(112, NULL, 2, 'Zistil som od lesníkov, čo je to program starostlivosti o les, ako sa používa, čo obsahuje. O svojich zisteniach som informoval skautov vo svojom zbore.', 3),
(113, NULL, 3, 'V okruhu 5 – 8 km od môjho bydliska som zmapoval úseky lesa a prírody – pásmo lesa, studničky, krmelce, posedy, nová výsadba, plánované výruby.', 3),
(114, NULL, 4, 'Poznám základné právne minimum o lesoch (vybrané state z lesného zákona). Vybral som z neho najdôležitejšie informácie a predstavil ich svojmu vodcovi pred konaním letného tábora.', 3),
(115, NULL, 5, 'Zúčastnil som sa s povereným človekom alebo lesníkom na výsadbe lesa. Sám som vysadil aspoň 20 nových stromov. Naučil som sa, ako sa obhospodaruje les od zalesnenia až po ťažbu.', 3),
(116, NULL, 6, 'Navštívil som miestnu pílu alebo stolárstvo a oboznámil som sa so spracovaním dreva a výrobou drevených výrobkov.', 3),
(117, NULL, 7, 'Navštívil som pôvodný les, v ktorom ešte nie je ľudský zásah – prales. Na tomto mieste som si urobil krátke zamyslenie.', 3),
(118, NULL, 8, 'Viem, ako sa správať pri požiari alebo víchrici v lese. Pripravil som pre oddiel alebo družinu zaujímavú hru, prostredníctvom ktorej sa to naučili aj oni.', 3),
(119, NULL, 1, 'Do svojho meteorologického zápisníka som si napísal základné meteorologické veličiny a jednotky, v ktorých sa merajú.', 3),
(120, NULL, 2, 'Splnil som jeden bod z nasledovných: <ul><li>navštívil som meteorologickú stanicu a oboznámil som sa s jej fungovaním,</li><li>prečítal som si knižku o meteorológii.</li></ul>', 3),
(121, NULL, 3, 'Do zápisníka som si nakreslil základné tvary oblakov, ich základné rozdelenie, pomenovania a priemerné výšky, v ktorých sa nachádzajú.', 3),
(122, NULL, 4, 'Jeden mesiac som každý deň pozoroval vývoj počasia (teplota, oblačnosť, zrážky…) a svoje zistenia som zapisoval.', 3),
(123, NULL, 5, 'Poznám Beaufortovu stupnicu sily vetra a na výpravách som podľa nej odhadoval rýchlosť vetra.', 3),
(124, NULL, 6, 'Počas búrky som pozoroval jej vývoj a ťah. Naučil som kamarátov, ako určiť vzdialenosť búrky podľa hrmenia.', 3),
(125, NULL, 7, 'Zistil som, ako a podľa ktorých prírodných javov možno predpovedať počasie.', 3),
(126, NULL, 1, 'Zhotovil som 5 fotografií alebo kresieb oblakov rôzneho druhu.', 3),
(127, NULL, 2, 'Zaujímavým spôsobom som skautom objasnil, ako vzniká rosa, hmla, oblaky a dúha a prečo sa nad ránom pri jasnej oblohe ochladí viac, ako pri zamračenej.', 3),
(128, NULL, 3, 'Viem, čo je tlaková výš a níž a aké počasie je charakteristické pre tieto útvary.', 3),
(129, NULL, 4, 'Na nástenke alebo v oddielovom časopise som prezentoval rekordné hodnoty meteorologických prvkov vo svete a na Slovensku.', 3),
(130, NULL, 5, 'Pozoroval som prechod teplého a studeného frontu, popísal som typický priebeh počasia pri prechode jednotlivých frontov. Poznám znaky blížiaceho sa frontu a svoje znalosti som využil na výprave.', 3),
(131, NULL, 6, 'Pri výstupe na horu som zmeral v rozdielnych výškach teplotu a vysvetlil som družine, čo som pri tom zistil. Viem, ktoré nebezpečné prejavy počasia možno u nás očakávať v jednotlivých ročných obdobiach v horskom prostredí.', 3),
(132, NULL, 7, 'Viem, čo znamenajú jednotlivé symboly na poveternostnej mape. S ich využitím som urobil predpoveď počasia.', 3),
(133, NULL, 8, 'Na tábore som zhotovil meteorologickú stanicu (barometer, zrážkomer, anemometer, teplomer,…) a aspoň dvakrát denne som po dobu dvoch týždňov meral rôzne meteorologické veličiny.', 3),
(134, NULL, 1, 'text', 3),
(135, NULL, 1, 'Pozoroval som druhy vtákov v okolí môjho bydliska, ich prirodzené správanie, hniezdenie, spôsoby letu a život počas roka. O svojich pozorovaniach som si viedol zápisky.', 3),
(136, NULL, 2, 'Zhotovil som aspoň 20 fotografií alebo kresieb vtákov. Poznám základnú anatómiu vtáčieho tela. Ovládam základné rozdelenie domácich druhov vtákov do radov.', 3),
(137, NULL, 3, 'Pre vtáky som vyrobil a umiestnil kŕmidlo. Počas zimy som vtáky pravidelne prikrmoval a pozoroval ich.', 3),
(138, NULL, 4, 'Viem, ako mám postupovať v prípade nájdenia zraneného alebo opusteného mladého jedinca.', 3),
(139, NULL, 5, 'Preskúmal som aspoň 10 chránených druhov vtákov a príčiny ich ohrozenia.', 3),
(140, NULL, 6, 'Vyrobil som a správne umiestnil hniezdnu búdku a zistil som, ktorý druh sa v nej zahniezdil.', 3),
(141, NULL, 1, 'O jednom druhu vtákov som zozbieral čo najviac informácií (fyziológia, sociálne správanie, doba a počet hniezdení za rok, potrava, biotop výskytu, typy hniezd, spev, varovné a kontaktné hlasy, nepriatelia, zvláštnosti, početnosť a pod.).', 3),
(142, NULL, 2, 'Pre družinu alebo oddiel som pripravil pozorovanie vtákov v prírode. Pomohol som im určovať jednotlivé druhy (podľa hlasu, siluety, aj s pomocou atlasu vtákov a pod.). Sám dokážem určiť hlavné druhy vtákov vo svojom okolí (podľa hlasu, siluety, pôsobenia, zvyškov, vývržkov…).', 3),
(143, NULL, 3, 'Pravidelne som pozoroval vtáky v rôznych biotopoch (mokraď, step, skaly, voda, listnatý les, ihličnatý les a pod.). Zameral som sa na tri druhy a získal som o nich hlbšie informácie. O svojich pozorovaniach som si viedol denník.', 3),
(144, NULL, 4, 'Pre družinu som vytvoril jednoduchý kľúč na určovanie niekoľkých základných druhov vtákov (podľa vzhľadu, siluety, hlasu).', 3),
(145, NULL, 5, 'Zúčastnil som sa na aspoň jednej ornitologickej akcii (ornitologický tábor, konferencia, zimné sčítanie vodného vtáctva…).', 3),
(146, NULL, 6, 'Zoznámil som sa s ornitologickými knihami a časopismi.', 3),
(147, NULL, 1, 'Úspešne som absolvoval rybársky kurz a som právoplatným vlastníkom Rybárskeho lístka (RL).', 3),
(148, NULL, 2, 'Lovil som už na stojatej aj tečúcej vode.', 3),
(149, NULL, 3, 'Vyskúšal som už aspoň 2 spôsoby lovu (lov na ponorenú/plávanú/prívlačov/muškárenie)', 3),
(150, NULL, 4, 'Poznám aspoň 15 druhov na Slovensku sa vyskytujúcich rýb a poznám ich lovnú mieru (ak nejakú majú).', 3),
(151, NULL, 5, 'Družine som ukázal a popísal svoje rybárske náčinie a v skratke som im vysvetlil základy chytania.', 3),
(152, NULL, 6, 'Mám za sebou aspoň 5 úspešných rybačiek (chytil som aspoň jednu rybu s lovnou mierou).', 3),
(153, NULL, 7, 'Absolvoval som aspoň 1 nočnú rybačku s dozorom alebo rodičom.', 3),
(154, NULL, 1, 'Zúčastnil som sa viacdennej rybačky (Prespal som priamo pri vode s dozorom alebo rodičom).', 3),
(155, NULL, 2, 'Vyskúšal som všetky spôsoby lovu. (viď zelený stupeň)', 3),
(156, NULL, 3, 'Sám som si zhotovil niekoľko umelých nástrah (mušiek, woblerov…).', 3),
(157, NULL, 4, 'Chytil som počas 1 rybačky aspoň 10 rýb aspoň 3 rôznych druhov (nemusia mať všetky lovnú mieru).', 3),
(158, NULL, 5, 'Svoje úlovky si sám čistím a pitvem, aspoň raz som z nich pripravil pokrm pre moju rodinu či družinu.', 3),
(159, NULL, 6, 'Poznám aspoň 10 morských lovených rýb a viem ich výskyt.', 3),
(160, NULL, 7, 'Lovil som už priamo z vody (z člna alebo s brodiacimi čižmami).', 3),
(161, NULL, 1, 'Vytvoril som si vlastnú mapu Slovenska, kde som si zaznačil výskyt krasových oblastí a najznámejšie jaskyne.', 3),
(162, NULL, 2, 'Na družinovke som vysvetlil, čo znamená pojem kras, v ktorých horninách a ako sa vytvárajú krasové javy (jaskyne, priepasti). Pomocou obrázkov som im predstavil druhy krasových výplní (kvapľová výzdoba: stalaktity, stalagmity, stalagnáty, kaskádové jazierka a pod.).', 3),
(163, NULL, 3, 'Zúčastnil som sa niekoľkých výprav do rôznych krasových lokalít a ostatným som vysvetlil povrchové krasové javy, ktoré sa na trase vyskytli (krasové planiny, rokliny, vodopády, škrapové polia, závrty, vodné vyvieračky a ponory, skalné okná a mosty, slepé údolia..) a ako vznikajú.', 3),
(164, NULL, 4, 'Zúčastnil som sa aspoň dvoch výprav do sprístupnených jaskýň, najlepšie rôznych druhov, napr. kvapľová, ľadová, aragonitová…', 3),
(165, NULL, 5, 'Zúčastnil som sa aspoň jednej exkurzie do turisticky sprístupnenej jaskyne (napr. Jaskyňa mŕtvych netopierov v Nízkych Tatrách, Krásnohorská jaskyňa v Slovenskom krase, Zlá diera na Branisku…) alebo verejnosti nesprístupnenej jaskyne za účasti odborného sprievodu speleológov.', 3),
(166, NULL, 1, 'Pre roverov či oddiel som urobil niekoľko prezentácií o základoch geológie krasu, typoch jaskýň, krasových vodách a ich vplyve na krasovatenie jaskyne, o jaskynnej flóre a faune.', 3),
(167, NULL, 2, 'Dokážem popísať a používať osobný výstroj jaskyniara (ochranný odev a prostriedky, obuv, prilba, spoľahlivé osvetlenie). Viem používať horolezeckú sedačku, prsný úväz, zlaňovacie a výstupové pomôcky, karabíny.', 3),
(168, NULL, 3, 'V jaskyni som správne ukotvil lano a narábal s ním. Správne som uviazal a používal rôzne uzly (kotviaci osmičkový uzol povinne).', 3),
(169, NULL, 4, 'Dokážem prekonať vertikálne stupne pomocou jednolanovej techniky alebo povrazového rebríka, dokážem istiť spolulezca.', 3),
(170, NULL, 5, 'Poznám riziká hroziace v podzemí. Dodržiavam pravidlá bezpečného pohybu v jaskyni a zásady ochrany jaskynnej prírody. Viem poskytnúť prvú pomoc pri úraze.', 3),
(171, NULL, 6, 'Zúčastnil som sa aspoň troch podujatí  zameraných na meranie, mapovanie a dokumentáciu jaskýň. Na základe merania i pomocných údajov som vytvoril mapu úseku (môže byť aj s použitím počítačových programov).', 3),
(172, NULL, 7, 'Preskúmal som rôznu odbornú literatúru a materiály z oblasti speleológie. Tieto poznatky som využil pri prezentácii speleológie, spojenej s výstavou fotografií, máp zmeraných jaskýň, ukážkami speleologického výstroja a pod.', 3),
(173, NULL, 8, 'Ak je to možné, zapojil som sa do praktického prieskumu jaskýň a priepastí v spolupráci s odborným dohľadom. Svoje vedomosti neustále dopĺňam a do skautského časopisu som napísal článok o jaskyniarstve.', 3),
(174, NULL, 1, 'Viedol som si stopársky denník, v ktorom som si zaznamenával svoje pozorovania a zakresľoval alebo fotografoval stopy. Tento denník som ukázal svojej družine a porozprával som im o svojich stopárskych pozorovaniach.', 3),
(175, NULL, 2, 'Vydal som sa aspoň na dve stopárske výpravy, ktoré som si zaznamenal do svojho stopárskeho denníka.', 3),
(176, NULL, 3, 'Zväčšením (prípadne pomocou stopárskej mriežky) som zakreslil stopy: <ul><li>5 rôznych vtákov,</li><li>5 rôznych cicavcov.</li></ul>', 3),
(177, NULL, 4, 'Zapísal som si dátum a miesto pozorovania a pokúsil som sa zakresliť stopu oboch, resp. všetkých štyroch nôh.', 3),
(178, NULL, 5, 'Podľa stôp som sa družine pokúsil zrekonštruovať príbeh správania sa jedného cicavca alebo vtáka.', 3),
(179, NULL, 6, 'Odlial som a družine ukázal aspoň 10 rôznych stôp.', 3),
(180, NULL, 1, 'Kresbou, fotografiou alebo odliatkom som zachytil stopy bežne sa vyskytujúcich zvierat v širšom okolí svojho mesta (vrátane hospodárskych, domácich a divoko žijúcich zvierat). Ku každému zvieraťu som zakreslil stopu jeho končatín v skutočnej veľkosti a zaznačil som si čas a miesta, kde som stopy získal.', 3),
(181, NULL, 2, 'Napísal som alebo porozprával príbeh podľa odpozorovanej stopovej dráhy, ktorú som sám zdokumentoval a zakreslil.', 3),
(182, NULL, 3, 'Nepozorovane som sledoval lesnú zver, zhotovil som pritom fotografie alebo nákresy.', 3),
(183, NULL, 4, 'Dokážem rozoznávať trus rôznych druhov lesnej zveri.', 3),
(184, NULL, 5, 'Podľa dĺžky ľudského chodidla dokážem odhadnúť výšku človeka.', 3),
(185, NULL, 6, 'Podľa ľudskej stopy viem spoznať chôdzu, beh, spiatočnú chôdzu, krívanie a nesenie bremena.', 3),
(186, NULL, 1, 'Prespal som aspoň 20 nocí pod stanom (pod širákom či prístreškom).', 3),
(187, NULL, 2, 'Zúčastnil som sa stavania aspoň jednej väčšej táborovej stavby (brána, kuchyňa, típí, podsada…).', 3),
(188, NULL, 3, 'S použitím sekery, KPZ a jedného polena som priviedol do varu liter vody.', 3),
(189, NULL, 4, 'Dokázal som, že sa viem starať o tábornícky výstroj a oblečenie tak, aby mi dlho dobre slúžili (nôž, sekera, batoh, obuv, oblečenie). Viem tiež, ako si nabrúsiť nôž, sekeru a ako naimpregnovať a inak ošetrovať topánky.', 3),
(190, NULL, 5, 'Dokážem sa sám vhodne zbaliť na rôzne druhy výletov vrátane tábora, pričom viem zohľadniť trvanie, náročnosť a riziká počasia.', 3),
(191, NULL, 6, 'Postavil som dva rôzne druhy núdzových prístreškov a v každom som prespal aspoň jednu noc.', 3),
(192, NULL, 7, 'Postavil som tri stavby slávnostných ohňov (hranica, pagoda, pyramída). Postavil som rôzne druhy úžitkových ohňov (napr. strážny oheň, kanadský krb alebo francúzsky oheň) a rozložil oheň aj s mokrým drevom. Pri týchto ohňoch som použil rôzne druhy dreva a viem, ktoré sa na čo hodí. Aktívne som sa zúčastnil na stavbe aspoň dvoch väčších viazaných stavieb.', 3),
(193, NULL, 8, 'Na puťáku som pre svoju skupinu našiel vhodné miesto na táborenie. Naučil som ich pravidlá bezpečnosti a správania sa pri táborení v prírode.', 3),
(194, NULL, 9, 'Viem postaviť aj rozložiť a správne zbaliť stan. Viem, ako sa o stan starať.', 3),
(195, NULL, 10, 'Starám sa o to, aby po každom táborení zostalo táborisko v pôvodnom stave. Uvedomujem si, že pri táborení z prírody beriem, preto som urobil jedno z nasledovného: <ul><li>zasadil som strom,</li><li>vyčistil som studničku,</li><li>zorganizoval som brigádu na čistenie lesa.</li></ul>', 3),
(196, NULL, 1, 'Zúčastnil som sa aspoň dvoch skautských letných táborov a mimo táborov som prespal aspoň 20 nocí pod prístreškom, stanom alebo holým nebom. Prezentoval som pred oddielom druhy lán, ich častí a materiálu, pravidlá používania, navíjania, skladovania a údržby.', 3),
(197, NULL, 2, 'Rozložil som oheň na snehu a priviedol som na ňom vodu do varu.', 3),
(198, NULL, 3, 'Postavil som táborovú pec na varenie alebo pečenie, alebo ohnisko „na stole“.', 3),
(199, NULL, 4, 'Viedol som stavbu studničky alebo priehrady.', 3),
(200, NULL, 5, 'Viedol som stavbu ďalších dvoch väčších táborových stavieb (podľa možností aj típí). <ul><li>Správne som nabrúsil pílu.</li><li>Osadil som na sekeru nové porisko.</li><li>Spravil som ukončenie lán a postaral som sa o ich vhodné uloženie.</li><li>Postaral som sa o údržbu a uskladnenie táborového inventára.</li></ul>', 3),
(201, NULL, 6, 'Bez cudzej pomoci som zoťal vhodný suchý strom a spracoval ho na ďalšie použitie (kuchyňa, slávnostný oheň, táborová stavba).', 3),
(202, NULL, 7, 'Viem, aké predpoklady musí spĺňať miesto na táborenie jedného oddielu, aspoň jedno nové miesto vhodné na tábor som pomohol oddielu nájsť.', 3),
(203, NULL, 8, 'Zakreslil som rozvrhnutie stavieb a táborových zariadení na nájdenom novom táborisku.', 3),
(204, NULL, 9, 'Poznám pravidlá a predpisy regulujúce táborenie na letných táboroch a putovných táboroch.', 3),
(205, NULL, 10, 'Zostavil som rozpočet na týždenný tábor dvadsiatich skautov.', 3),
(206, NULL, 1, 'Ovládam základnú stavbu tela včely a viem rozoznať kráľovnú, robotnicu a trúda a poznám základné rozdiely medzi nimi. Viem, ako sa včely správajú – kedy sa cítia ohrozené a obranne útočia, ich vývoj a rozdelenie prác v úli, vplyv počasia na ich aktivitu v úli a mimo úľa, základné práce včelej rodiny počas jednotlivých ročných období.', 3),
(207, NULL, 2, 'Viem, z ktorých základných častí sa skladá včelí úľ. Navštívil som aspoň jeden včelín v sprievode včelára, ktorý mi vysvetlil používanie základného vybavenia každého včelára, a porozprával som sa s ním o tom, ako sa bezpečne pracuje so včelami pri práci v otvorenom úli.', 3),
(208, NULL, 3, 'Viem, ako vzniká med. Poznám rôzne druhy medov podľa zdroja a ročného obdobia. Poznám priaznivé účinky medu na ľudský organizmus. Pripravil som pre družinu ochutnávku aspoň štyroch rôznych medov.', 3),
(209, NULL, 4, 'Prečítal som si knihu alebo odborný časopis o včelárstve.', 3),
(210, NULL, 5, 'Spoločne so skúseným včelárom som pripravil celoročný kalendár základných aktivít a prác včelára v jeho včelíne. Vysvetlil som ho niekomu, kto sa s včelárstvom ešte nestretol.', 3),
(211, NULL, 6, 'Vyrobil som si vlastný púpavový med a naučil som svoju družinu, ako sa vyrába.', 3),
(212, NULL, 7, 'Poznám základný rozdiel medzi uštipnutím včelou a osou. Viem v týchto prípadoch podať prvú pomoc. Viem tiež, ako podať špeciálne prvú pomoc, keď je niekto alergický na uštipnutie včelou, a tak zabrániť anafylaktickému šoku.', 3),
(213, NULL, 1, 'Pravidelne počas jedného roka som aktívne pomáhal včelárovi a poprosil som ho, či by som sa nemohol špeciálne ja starať o jednu z jeho včelích rodín. Pri práci som si skúsil základné včelárske úkony: príprava a použitie dymáku, pri jarnej prehliadke som sa pokúsil nájsť kráľovnú, pri prehliadke úľa som si lepšie všímal štádia vývinu včely, viem na pláste rozoznať, kde je uložený peľ, med a kde sa vyvíja nová včela. Skúsil som si vytáčanie medu a prácu so zakrmovaním včiel pred zimovaním.', 3),
(214, NULL, 2, 'Viem, na ktorú svetovú stranu sa majú usádzať úle a ich letáčové otvory.', 3),
(215, NULL, 3, 'Naštudoval som si z literatúry alebo videí na internete tanec včiel. Pokúsil som sa odpozorovať tanec včiel. Viem, aký je jeho význam.', 3),
(216, NULL, 4, 'Naštudoval som si, čo je to materská kašička a propolis. Viem, ako tieto látky včely vyrábajú, na čo tieto látky včely využívajú a ako môže ich používanie pomáhať nám ľuďom. Podľa rád včelára som si vyrobil vlastnú propolisovú tinktúru.', 3),
(217, NULL, 5, 'Získal som aspoň 3 dcl vlastného medu z úľa, o ktorý sa starám.', 3),
(218, NULL, 6, 'Našiel som dôvody, prečo sú včely pre svet dôležité. Vytvoril som poster alebo prezentáciu, ktorú som predstavil spolužiakom alebo oddielu.', 3),
(219, NULL, 7, 'Navštívil som múzeum o včelárstve alebo som sa zúčastnil prednášky o včelách.', 3),
(220, NULL, 8, 'Vyrobil som sviečku z voskovej medzistienky a niekomu som ju daroval.', 3),
(221, NULL, 1, 'Poznám rozdiel medzi úžitkovou a okrasnou záhradou a základné druhy rastlín, ktoré sa v nich pestujú.', 3),
(222, NULL, 2, 'Aspoň 2 mesiace sa úspešne starám o jednu rastlinu z každej kategórie: <ul><li>Okrasná rastlina</li><li>Zelenina</li><li>Sukulent</li><li>Ovocný krík</li></ul>', 3),
(223, NULL, 3, 'Využívam alebo zabezpečím pre našu domácnosť kompostér. Končí v ňom všetok biologický odpad, ktorý vyprodukujeme.', 3),
(224, NULL, 4, 'Navštívim botanickú záhradu alebo arborétum a aspoň jednu rastlinu, ktorú som tam uvidel, sa pokúsim vypestovať.', 3),
(225, NULL, 5, 'Vypestujem aspoň tri druhy jedlých byliniek, ktoré použijem v jedle (bazalka, oregano, mäta…).', 3),
(226, NULL, 6, 'Pre družinu som pripravil jednoduché rastliny, ktoré sme spolu v klubovni vypestovali (pažítka, cherry paradajky, tekvica hokkaido,…)', 3),
(227, NULL, 7, 'Dokážem poskytnúť prvú pomoc pri škrabancoch, rezných ranách, opuchu a poštípaní hmyzom.', 3),
(228, NULL, 1, 'Vyrobil som vlastný kompostér.', 3),
(229, NULL, 2, 'Družinu som ponúkol zeleninovým šalátom pripraveným z plodov, ktoré som sám vypestoval. V šaláte som použil aspoň tri rôzne druhy zeleniny.', 3),
(230, NULL, 3, 'Zúčastnil som sa aspoň jednej záhradkárskej výstavy.', 3),
(231, NULL, 4, 'Zasadím aspoň dve dreviny a úspešne sa o nich starám minimálne šesť mesiacov.', 3),
(232, NULL, 5, 'Ovládam zásady starostlivosti o ovocné stromy počas celého roka (prerezávanie, ochranné postreky, podpora konárov,…). Tieto úkony som si prakticky vyskúšal.', 3),
(233, NULL, 6, 'Poznám rozdiel medzi typmi hnojiva, viem, aké živiny potrebujú izbové rastliny, trávnik, zelenina, citrusy a sukulenty.', 3),
(234, NULL, 7, 'V klubovni som vytvoril malú záhradu, zloženú z byliniek, zeleniny a iných jednoduchých rastlín. Pri všetkých som uviedol názov, základnú charakteristiku a využitie.', 3),
(235, NULL, 1, 'Prespal som 10 dní voľne v prírode alebo vo vlastnoručne zhotovenom príbytku (nie nevyhnutne byť naraz).', 3),
(236, NULL, 2, 'Nováčikovi som vysvetlil, ako správne zaobchádzať s nožom a sekerou.', 3),
(237, NULL, 3, 'Na mape som podľa vrstevníc určil povahu terénu a útvary na danom území (vrchol, prudké stúpanie a klesanie, priesmyk, hrebeň a i.).', 3),
(238, NULL, 4, 'Poznám základné druhy drevín a viem, ako využiť jednotlivé druhy dreva pri táborení.', 3),
(239, NULL, 5, 'Dokážem identifikovať stopy najbežnejších zvierat, z niektorých stôp som spravil sadrové odliatky.', 3),
(240, NULL, 6, 'Družinu som naučil aspoň tri veci, ktoré sa im zídu pri pobyte v prírode (založenie ohňa na snehu, meranie vzdialeností a dĺžok v teréne, signály a stopové značky, správne balenie batoha…).', 3),
(241, NULL, 7, 'Viem ošetriť najčastejšie druhy poranení.', 3),
(242, NULL, 1, 'Absolvoval som niekoľko putovných výprav, hrebeňoviek, bivakov aj zimné táborenie.', 3),
(243, NULL, 2, 'Dokážem pripraviť aspoň tri typy ohniska na varenie. Založil som oheň na snehu i v daždi. Sám som pripravil a uvaril viacero druhov jedál na prírodnom ohnisku.', 3),
(244, NULL, 3, 'Vyrobil som drevené pomôcky pre aspoň dve hry (počítacie drievka, lakrosová palica, luk a šípy…).', 3),
(245, NULL, 4, 'Pripravil som orientačnú hru pre oddiel. Zameral som azimuty jednotlivých stanovísk a ich vzdialenosť.', 3),
(246, NULL, 5, 'Nabrúsil som a opravil sekery a nože na tábor. Vyrobil som si na ne púzdra a dokážem sa o ne správne starať.', 3),
(247, NULL, 6, 'Preukážem, že som pripravený na zvládnutie krízových situácií v prírode (prudká zmena počasia, vážne zranenie, blúdenie…).', 3),
(248, NULL, 7, 'Veľmi dobre poznám vybrané pohorie, miesta vhodné na táborenie, zdroje pitnej vody, miestnu flóru, faunu.', 3),
(249, NULL, 8, 'Mladších skautov som zaúčal do umenia táborníctva.', 3),
(250, NULL, 1, 'Na schôdzke, resp. výlete som družine vysvetlil, čo je zoológia, čo skúma, ktoré odbory zahŕňa, aká je práca zoológa a podobne.', 3),
(251, NULL, 2, 'Pripravil som plagát (výstavku) aspoň o piatich vzácnych druhoch živočíchov žijúcich na Slovensku a prezentoval som ho oddielu (výskyt, ohrozenie a spôsob ochrany).', 3),
(252, NULL, 3, 'Počas troch mesiacov som si na každú schôdzku či iné väčšie stretnutie pripravil zaujímavosti z oblasti zoológie.', 3),
(253, NULL, 4, 'Zhotovil som 10 vlastných kresieb a 15 fotografií rôznych druhov živočíchov a vystavil som ich v klubovni.', 3),
(254, NULL, 5, 'Urobil som si zoznam dostupnej literatúry zaoberajúcej sa zoológiou. Niektoré z týchto kníh som aj prečítal.', 3),
(255, NULL, 6, 'Urobil som si zbierku pier, kostí, ulít, odliatkov stôp, škrupiniek vajec rôznych vtákov, vlastných kresieb alebo fotografií voľne žijúcich živočíchov. Pomocou literatúry som identifikoval, ktorým druhom patria.', 3),
(256, NULL, 1, 'Začal som sa špecializovať na určitú oblasť zoológie, ktorá ma zaujíma, napr. entomológia, ichtyológia, herpetológia, teriológia. Zmapoval som, ktoré rôzne zdroje informácií pre túto oblasť existujú. Zaujímavé informácie, výstrižky a podobne som si zaznamenal.', 3),
(257, NULL, 2, 'Vybral som si niektorý vzácny alebo ohrozený živočíšny druh u nás na Slovensku. Preskúmal som podrobnosti o jeho spôsobe života, prostredí a možnostiach jeho záchrany alebo rozmnoženia. Určitým spôsobom som sa zapojil do jeho ochrany: infoplagátiky, oboznamovanie okolia…', 3),
(258, NULL, 3, 'Pre družinu som pripravil pozorovanie aspoň piatich rôznych druhov živočíchov. Pritom som jednotlivé živočíchy popísal a priblížil ich význam v ekosystéme. Ak je to možné, použil som rôzne pomôcky ako mikroskop, lupa, ďalekohľad.', 3),
(259, NULL, 4, 'V priebehu roka som pre družinu alebo oddiel zorganizoval stretnutie s odborníkom, ktorý sa rozumie zoológii, príp. s horárom. Spoločne sme vysvetlili potrebu ochrany niektorých ekosystémov a biotopov, rôzne stupne ochrany a čo sa v nich smie a nesmie.', 3),
(260, NULL, 5, 'Počas výletov som sa pokúsil určiť čo najviac živočíchov, ktoré sme videli.', 3),
(261, NULL, 6, 'Dlhšiu dobu som pozoroval niektorého živočícha, napr. dážďovku, hniezdiaceho bociana a pod. O jeho živote som si viedol záznamy a svoje pozorovania som zaujímavou formou prezentoval v družine.', 3),
(262, NULL, 7, 'Zorganizoval som videopárty pre zbor či oddiel so slovenskými, či zahraničnými filmami o živote zvierat, napr. dokumentárne filmy.', 3),
(263, NULL, 1, 'Počas 3 mesiacov som aspoň 6-krát strážil dieťa po dobu aspoň 1 hodiny.', 3),
(264, NULL, 2, 'Oboznámil som sa so stravovacími návykmi dieťaťa. Pripravil som vhodný celodenný jedálniček pre zverené dieťa a po dohode s rodičmi dieťaťa som pripravil aspoň dve jedlá.', 3),
(265, NULL, 3, 'Pripravil som si denný harmonogram pre dieťa. Program som si podrobne rozpísal: spánok, stravovanie (konkrétne druhy jedál), aktivity (podľa veku dieťaťa).', 3),
(266, NULL, 4, 'Dokážem prebaliť dieťa, správne ho nosiť na rukách, nakŕmiť a obliecť podľa ročného obdobia. Všetko som si prakticky vyskúšal. V prípade, že som sa staral o staršie dieťa, som mu pomáhal s obdobnými činnosťami.', 3),
(267, NULL, 5, 'Z nasledujúcich možností som si vybral jednu:', 3),
(268, NULL, 6, 'vymyslel som uspávanku pre dieťa a zaspieval mu ju,', 3),
(269, NULL, 7, 'spolu s dieťaťom sme sa zahrali na vybranú rozprávku,', 3),
(270, NULL, 8, 'vyrobil som hračku pre dieťa a spoločne sme sa zahrali.', 3),
(271, NULL, 9, 'Rodičom dieťaťa som ponúkol svoju pomoc aj mimo stráženie. Rozumiem, že pre správny vývoj dieťaťa je dôležitý čas s rodičmi, a preto im  pomôžem (navarím, umyjem okná, …), aby oni mohli stráviť čas s dieťaťom.', 3),
(272, NULL, 10, 'Ovládam základy prvej pomoci pre malé dieťa: dusenie sa cudzím predmetom, drobné poranenia, kašeľ a hlieny v nose alebo hrdle, zvracanie, hnačka a zápcha.', 3),
(273, NULL, 1, 'Počas 4 mesiacov som aspoň 10-krát strážil dieťa po dobu aspoň 1 hodiny. Z toho aspoň raz skautskému páru. Viem, ako pracovať s baby-vysielačkami a monitorom dychu.', 3),
(274, NULL, 2, 'Viem, čo je vývinová psychológia – družine alebo priateľom som kreatívnym spôsobom odprezentoval základné znaky vývoja detí od 0 do 6 rokov.', 3),
(275, NULL, 3, 'Naštudoval som si alebo prečítal knihu o prístupe k výchove a vytvoril som aspoň 2 aktivity z týchto poznatkov.', 3),
(276, NULL, 4, 'Poznám správne stravovanie detí v týchto 4 vývinových štádiách: novorodenec, dojča, batoľa, predškolský vek. Aspoň jedno typické jedlo pre každý vek (okrem novorodenca) som pripravil a ochutnal.', 3),
(277, NULL, 5, 'Z nasledujúcich možností si vyberiem dve, ktoré splním: <ul><li>pripravil som pre dieťa po jednej aktivite na rozvoj jemnej a hrubej motoriky,</li><li>pripravil som pre dieťa 2 hudobné aktivity,</li><li>pripravil som pre dieťa 2 výtvarné aktivity,</li><li>spoločne s dieťaťom som vytvoril hračku, ktorú sme spolu otestovali,</li><li>získal som 2 písomné referencie od rodičov zverených detí,</li><li>viem, ako zaobchádzať s kočiarom (nastupovanie do autobusu, zlý terén, schody…) a absolvoval som aspoň 2 dlhšie prechádzky s kočiarom,</li><li>viem, ako správne nosiť v ergonomickom nosiči alebo šatke, vyskúšal som si nosenie na dvoch prechádzkach s dieťaťom.</li></ul>', 3),
(278, NULL, 6, 'Našiel som 3 najväčšie antivakcinačné mýty a našiel som argumenty na ich vyvrátenie. Zároveň rozumiem, na čo vakcinácia slúži.', 3),
(279, NULL, 7, 'Ovládam pokročilejšiu prvú pomoc pre malé dieťa – resuscitácia dieťaťa, akútna laryngitída a epiglotitída, príznaky meningokokovej meningitídy,  febrilné kŕče pri horúčke a rýchlej zmene teploty okolia.', 3),
(280, NULL, 1, 'Poznám minimálne 5 kolied, viem, ich zaspievať a viem čo symbolizujú.', 3),
(281, NULL, 2, 'Zúčastnil som sa jasličkovej slávnosti.', 3),
(282, NULL, 3, 'Viem povedať, ktoré postavy predstavujú koledníci a podľa čoho ich rozoznať. Sám, alebo s pomocou rodiča som prichystal, alebo som si vyrobil kostým koledníka.', 3),
(283, NULL, 4, 'Odprezentoval som svoj kostým a koledy počas oddielových Vianoc (príp. vianočnej oddielovky), alebo cez vianočné obdobie doma pre rodinou.', 3),
(284, NULL, 5, 'Počas Vianoc som chodil v skupinke s ostatnými koledníkmi roznášať radosť ľuďom v mojom okolí.', 3),
(285, NULL, 6, 'Viem, ako kedysi vyzeralo koledovanie v regióne (obci), kde žijem. Zistil som, aké tu bývali obrady a Vianočné zvyky.', 3),
(286, NULL, 7, 'Naučím ďalšie vĺčatá, či skautov aspoň jednu koledu.', 3),
(287, NULL, 8, 'Mám svoj spevník, príp. nahrávky s koledami.', 3),
(288, NULL, 1, 'Počas Vianoc sa chodieva s jasličkami najmä na slovenskom vidieku od domu do domu a vystúpením, koledovaním sa pripomínajú staré zvyky a obyčaje vzťahujúce sa na vianočné obdobie. Oživte staré tradície a spoločne s družinou si môžete spraviť odborku Koledník.', 3),
(289, NULL, 2, 'Odborka má iba zelený stupeň.', 3),
(290, NULL, 1, 'Vyhľadal som a naštudoval som si “Zdravotné a hygienické predpisy SLSK pre tábory a iné dlhodobé podujatia” na stránke skauting.sk. Vybranou formou si vodca overil moje vedomosti.', 3),
(291, NULL, 2, 'Počas 3 mesiacov som pravidelne (minimálne raz za týždeň) čistil záchod v mojej domácnosti.', 3),
(292, NULL, 3, 'Viem, akú toxicitu prírody spôsobujú obyčajné (chemické) hygienické prostriedky.', 3),
(293, NULL, 4, 'Poznám aspoň 5 spôsobov, ako odstrániť vodný kameň. Každý z nich som vyskúšal na inom spotrebiči/povrchu.', 3),
(294, NULL, 5, 'Poznám aspoň 5 spôsobov, ako sa “správne a ekologicky” starať o latríny (počas tábora, po tábore).', 3),
(295, NULL, 6, 'Viem, kto je aktuálny hlavný hygienik SR, aké sú jeho kompetencie a aké požiadavky musí spĺňať na túto funkciu.', 3),
(296, NULL, 7, 'Prezentoval som pred družinou na štýl teleshopingu 20 rôznych čistiacich a dezinfekčných prostriedkov, ktoré sa bežne vyskytujú v domácnosti stredoeurópana/ky a vysvetlil som, v čom sú unikátne/na čo slúžia.', 3),
(297, NULL, 8, 'Viem, kto vyhlasuje pandémiu a aké sú podmienky pre vyhlásenie pandémie. Viem, aký je rozdiel medzi epidémiou a pandémiou.', 3),
(298, NULL, 1, 'Počas celého tábora som bol zodpovedný hygienik a dohliadal som na nasledovné: latrínová správa; udržiavanie poriadku v kuchyni, umývárke a jedálni; dohliadanie na hygienu účastníkov (umývanie rúk pred jedlom, umývanie zubov, umývanie ešusov po jedle, kúpanie…).', 3),
(299, NULL, 2, 'Na tábor som zabezpečil ekologické hygienické prostriedky (sprchový gél, šampón, zubná pasta, prostriedok na riad,..) a dohliadal som na ich používanie namiesto klasických chemických prostriedkov.', 3),
(300, NULL, 3, 'Poznám zásady starostlivosti o infekčne chorého a správne postupy dezinfekcie priestorov, ktoré navštívil.', 3),
(301, NULL, 4, 'Poznám a dodržiavam zásady bezpečnosti pri manipulácii s chemickými čistiacimi prostriedkami a 6 mesiacov dohliadam na ich dodržiavanie v klubovni.', 3),
(302, NULL, 5, 'Naštudujem si a vysvetlím družine nasledujúce: <ul><li>médium, kde je možné informovať sa o pandémii na Slovensku;</li><li>webové stránky, kde hľadať informácie o pandémii vo svete i s grafickými a mapovými výstupmi;</li><li>čím sa zaoberá Odbor hygieny Úradu verejného zdravotníctva;</li><li>aspoň 3 pandémie, ktoré sa vyskytli vo svete a ich bližšie detaily.</li></ul>', 3),
(303, NULL, 6, 'Viem rozdiel medzi N95, FFP1, FFP2, FFP3 a naučil som družinu tieto rozdiely: <ul><li>Vieme, ako dlho sa môžu používať.</li><li>Ukázali sme si jeho správne nosenie.</li><li>Každý z nich sme vyskúšali v pokoji a pri aktivite.</li></ul>', 3),
(304, NULL, 1, 'Miništroval som aktívne pravidelne aspoň 1 rok (min. raz týždenne) a miništroval som na sv. omši, ktorá bola svojím obsahom netypická, napr. Veľký piatok, Biela sobota.', 3),
(305, NULL, 2, 'Zodpovedná osoba (najstarší miništrant, kostolník) mi svojím podpisom potvrdila, že som počas jedného mesiaca  na sv. omšiach nevyrušoval a bol pre iných príkladom.', 3),
(306, NULL, 3, 'Svojej družine som popísal a vysvetlil funkciu týchto bohoslužobných predmetov: kalich, purifikatórium, palla, korporál, miska, paténa, ampulky, lavabo, cibórium, kadidelnica, navikula (loďka), monštrancia.', 3),
(307, NULL, 4, 'Miništroval som na dvoch pohreboch, jednej svadbe a asistoval som pri krste. Zúčastnil som sa krížovej cesty.', 3),
(308, NULL, 5, 'Trikrát som čítal čítanie alebo prosby.', 3),
(309, NULL, 6, 'Obsluhoval som na sv. omšiach  v mojej farnosti  a každú z nasledujúcich činností som minimálne 3-krát vyskúšal – prinesenie obetných darov a pripravenie obetného stola, umývanie rúk kňaza, zvonenie pri premenení, práca s paténou pri rozdávaní sv. prijímania, odnesenie očistených obetných nádob z obetného stola.', 3),
(310, NULL, 7, 'Zistil som základné informácie o sv. Dominikovi Saviovi, patrónovi miništrantov a porozprával som o ňom svojej družine.', 3),
(311, NULL, 8, 'Chápem, že som skaut aj keď miništrujem, a som pripravený kedykoľvek poskytnúť prvú pomoc v kostole, keď to bude treba. Dokážem nasledujúce: <ul><li>viem, kde je lekárnička v mojom kostole (ak nie je, pomôžem ju pánovi farárovi vytvoriť),</li><li>ošetriť stratu vedomia a pád,</li><li>ošetriť úraz hlavy,</li><li>ošetriť popáleninu spôsobenú kadidlom alebo sviečkou.</li></ul>', 3),
(312, NULL, 9, 'Viem vymenovať a popísať jednotlivé časti sv. omše.', 3),
(313, NULL, 10, 'Zistil som základné informácie o kostole, v ktorom miništrujem, a kedykoľvek viem odpovedať na otázky o ňom.', 3),
(314, NULL, 1, 'Miništroval som aktívne pravidelne aspoň 2 roky ( min. raz týždenne).', 3),
(315, NULL, 2, 'Na internete alebo vo vhodnej knihe som našiel modlitbu pred a po sv. omši pre miništrantov. So súhlasom kňaza som touto modlitbou nahradil dlho používanú modlitbu, resp. ak sme sa nemodlili doteraz, zaviedol som túto modlitbu.', 3),
(316, NULL, 3, 'Poznám základné druhy liturgických kníh a rúch.', 3),
(317, NULL, 4, 'Počas troch sv. omší som samostatne pripravil misál na celú svätú omšu, držal som ho, otáčal strany a pracoval s ním počas sv. omše.', 3),
(318, NULL, 5, 'Dokázal som zapáliť kadidlo a udržať ho zapálené. Aspoň počas 2 sv. omší som s ním robil všetky určené úkony.', 3),
(319, NULL, 6, 'Viem popísať liturgické obdobia cirkevného roka a viem, čo je pre nich špecifické.', 3),
(320, NULL, 7, 'Ak je to možné, zúčastnil som sa omše, ktorú celebroval biskup.', 3),
(321, NULL, 8, 'Zúčastnil som sa tábora alebo turnaja pre miništrantov (príp. iné podujatie pre miništrantov) s účasťou miništrantov aj z iných farností.', 3),
(322, NULL, 9, 'Po dohode s kňazom som zorganizoval výlet pre miništrantov.', 3),
(323, NULL, 1, 'Pozrel som si film alebo prečítal knihu o novinárskej práci (napr. Všetci prezidentovi muži).', 3),
(324, NULL, 2, 'Napísal som reportáž (rozsah 5 normostrán) na tému Redakčný život, najlepšie založenú i na osobnej návšteve alebo rozhovore s profesionálnym novinárom.', 3),
(325, NULL, 3, 'Učiteľ slovenčiny mi v trojstranovom texte, ktorý som mu predložil, nenašiel žiadnu gramatickú ani štylistickú chybu (ak áno, predložil som mu na kontrolu ďalšie tri strany svojho textu).', 3),
(326, NULL, 4, 'Z novín a časopisov som vystrihol príklady nasledujúcich žánrov a vysvetlil som, ktorými znakmi sa odlišujú: správa, riport, interview, poznámka, komentár, recenzia, glosa, reportáž, fejtón, stĺpček.', 3);
INSERT INTO `tasks` (`id`, `name`, `order`, `task`, `position_id`) VALUES
(327, NULL, 5, 'Spravil som kritický prehľad o dodržiavaní a porušovaní základných pravidiel správnej publicistiky v niektorom skautskom časopise (písanie titulkov, medzititulkov, perexu, dynamických tvarov, jednoduchých viet, nepoužívanie klišé, správna stavba článku a pod.). O svojich záveroch som príslušnú redakciu slušne informoval.', 3),
(328, NULL, 6, 'Robil som šéfredaktorskú prácu aspoň pri jednom čísle oddielového (zborového) časopisu.', 3),
(329, NULL, 7, 'Zorganizoval som humoristickú „rozhlasovú“ alebo „televíznu“ reláciu pre oddiel.', 3),
(330, NULL, 1, 'Spravil som kritický prehľad o porušovaní Kódexu novinárskej etiky Slovenského syndikátu novinárov v jednom vybratom celoslovenskom periodiku. O svojich záveroch som príslušnú redakciu slušne informoval.', 3),
(331, NULL, 2, 'Spravil som prezentáciu (napr. nástenku) o porušovaní slobody slova, o novinároch, ktorí trpia pre plnenie svojho povolania.', 3),
(332, NULL, 3, 'Spravil som kritickú esej o nesprávnom písaní so zameraním na i – y, správne písanie čiarok a veľkých písmen vo vybranom časopise.', 3),
(333, NULL, 4, 'Redakcia Média alebo SKAUT-a mi uverejnila aspoň 3 príspevky, z čoho jeden bol fejtón, jeden rozhovor a jedna reportáž.', 3),
(334, NULL, 5, 'Redakcia miestneho, regionálneho alebo celoslovenského periodika mi uverejnila aspoň 1 príspevok propagujúci činnosť skautingu.', 3),
(335, NULL, 6, 'Zhrnul som alebo som skrátil na 1/3 pôvodného rozsahu predložený príspevok tak, aby sa nestratila jeho základná informácia.', 3),
(336, NULL, 7, 'Redigoval som aspoň 3 čísla oddielového (zborového) časopisu.', 3),
(337, NULL, 8, 'Vyskúšal som si (stačí amatérsky) rozhlasovú i televíznu žurnalistiku.', 3),
(338, NULL, 9, 'Našiel a zaškolil som aspoň jedného člena zboru s nádejným novinárskym talentom.', 3),
(339, NULL, 1, 'Zúčastnil som sa nejakej prospešnej akcie pre svoju obec a jej okolie (skrášľovanie, čistenie potokov, pomoc starým ľuďom, kultúrne oživenie…).', 3),
(340, NULL, 2, 'Našiel som príklady demokratických a totalitných krajín a družine som ukázal rozdiely v ich systémoch.', 3),
(341, NULL, 3, 'Zistil som, aký je podľa ústavy rozdiel medzi prezidentom, vládou, parlamentom, súdmi a prokuratúrou a tiež pod ktorú zložku štátnej moci spadajú. Zistil som mená ich súčasných hlavných predstaviteľov.', 3),
(342, NULL, 4, 'V médiách som sledoval aspoň dve politické diskusie. Zhrnul som hlavné argumenty politických súperov.', 3),
(343, NULL, 5, 'Pripravil som návrh družinových zákonov, ktoré popísali spôsob rozhodovania v družine a pravidlá vzájomného správania sa, rešpektujúc individualitu, morálku a ľudské práva.', 3),
(344, NULL, 6, 'Pre oddiel alebo družinu som pripravil vtipnú volebnú kampaň. Bolo z nej jasné, koho možno v daných voľbách voliť, kto a odkedy môže voliť a ako prebieha volebný akt.', 3),
(345, NULL, 7, 'Sledoval som aspoň 3 rôzne médiá (tlač, rozhlas, televízia, internet) a kriticky som zhodnotil, aké pohľady majú na jeden vybraný problém.', 3),
(346, NULL, 8, 'Vyhľadal som informácie o skautoch inej národnosti na Slovensku (maďarských, rómskych, rusínskych) a predstavil som ich fungovanie družine. Pokúsil som sa s nimi skontaktovať, príp. niečo spolu zažiť.', 3),
(347, NULL, 1, 'Zorganizoval som nejakú prospešnú akciu pre svoju obec a jej okolie.', 3),
(348, NULL, 2, 'Na konkrétnych príkladoch som ukázal rozdiely medzi komerčnými a verejnoprávnymi médiami. Vedel som rozlíšiť mienkotvorné médium od bulvárneho či propagandastického.', 3),
(349, NULL, 3, 'Zistil som hlavné zhody a rozdiely v politickom systéme Slovenska a dvoch vybraných krajín (napr. Francúzska, USA a pod.), pričom som sa zameral na všetky zložky štátu (legislatívu, exekutívu a justíciu). Porovnal som volebný systém týchto krajín.', 3),
(350, NULL, 4, 'Zorganizoval som v oddiele simulované voľby, na ktorých účastníci pochopili rozdiel medzi väčšinovým a pomerným volebným systémom.', 3),
(351, NULL, 5, 'Zistil som, ako sa liberáli, konzervatívci, soc. demokrati (socialisti), zelení, komunisti, nacionalisti a krajná pravica vyjadrujú k rôznym témam: k výške daní, k súkromnému a štátnemu vlastníctvu, k ochrane prírody, k podpore tradičnej rodiny a tradícií ako takých, k podpore homosexuálov, feministiek a iných menšinových skupín, k vzťahu k iným národnostiam, národom a krajinám a pod.', 3),
(352, NULL, 6, 'Vypracoval som stručný prehľad toho, čím sa zaoberajú nasledovné medzinárodné inštitúcie: EÚ, Rada Európy, NATO, OECD, OSN.', 3),
(353, NULL, 7, 'Predstavil som družine film alebo knihu ukazujúcu utrpenie nepohodlných osôb alebo menšín počas totalitných režimov (nacizmus, komunizmus) a diskutovali sme, ako boli porušované základné ľudské práva a demokratické hodnoty.', 3),
(354, NULL, 8, 'Pozrel som si film (napr. Skauti bez lilie), ktorý zobrazuje postavenie skautingu počas totalitných režimov a zamyslel som sa nad prepojením medzi skautskými a demokratickými hodnotami.', 3),
(355, NULL, 1, 'Svojej družine som predstavil symboly EÚ (vlajka, hymna, motto, deň Európy) a ich význam. Spoločne sme počúvali hymnu EÚ.', 3),
(356, NULL, 2, 'Rozumiem nasledujúcim pojmom týkajúcich sa EÚ, viem aké sú medzi nimi vzťahy a ako jednotlivé inštitúcie vznikajú: Európska komisia, Európsky parlament, Európska rada, Rada Európskej únie, Schengenský priestor, euroval, eurozóna.', 3),
(357, NULL, 3, 'Využil som aspoň 3 konkrétne výhody plynúce z členstva SR v EÚ (voľný prechod medzi krajinami, volania v rámci EU bez roamingu, platba €  v zahraničí…)', 3),
(358, NULL, 4, 'Na mape Európy som vyznačil:<ul><li>štáty EÚ,</li><li>aká mena sa v nich používa,</li><li>v ktorom roku vstúpili do EÚ,</li><li>do ktorých môžem od 15 rokov cestovať bez pasu.</li></ul>', 3),
(359, NULL, 5, 'Zapísal som si 10 najdôležitejších historických míľnikov, ktoré ovplyvnili vývoj Európskej únie.', 3),
(360, NULL, 6, 'Poznám aktuálnych slovenských europoslancov a ich zaradenie do straníckych štruktúr europarlamentu.', 3),
(361, NULL, 7, 'Naučil som sa skautské heslo v aspoň 10 rôznych jazykoch krajín EÚ, prípadne som napísal iným skautom žijúcim v rámci EÚ.', 3),
(362, NULL, 1, 'Sledoval som aspoň jeden mesiac europortál (europarl.europa.eu/news/sk) o aktuálnom dianí v EÚ a aspoň 4 zaujímavé správy som odovzdal rodičom alebo priateľom.', 3),
(363, NULL, 2, 'Kontaktoval som vybraného europoslanca s konkrétnou otázkou, ktorá ma zaujíma ohľadom EÚ.', 3),
(364, NULL, 3, 'Splnil som aspoň jeden bod z nasledovných: <ul><li>navštívil som aspoň 3 hlavné mestá štátov EÚ a spravil si fotku s vlajkou EU v tomto meste (okrem Bratislavy),</li><li>navštívil som 10 lokalít spolufinancovaných projektmi EÚ v minimálne 4 obciach a zistil som ich pozitívny vplyv na komunitu alebo prírodu,</li><li>stretol som sa v zahraničí so skautmi z inej krajiny EÚ a rozprávali sme na tému EÚ,</li><li>navštívil som aspoň 4 kultúrne alebo prírodné pamiatky UNESCO v rámci EÚ,</li><li>zostavil som svoj volebný program ako kandidáta na europoslanca, ktorý sa týka aktuálnych problémov,</li><li>zapojil som sa do niektorého z projektov EÚ (napríklad Erasmus+ projekt).</li></ul>', 3),
(365, NULL, 4, 'Poznám a viem vymenovať aspoň 6 práv občana Európskej únie a výhody a nevýhody členstva SR v EÚ.', 3),
(366, NULL, 5, 'S družinou som pripravil simulované zasadnutie Európskej rady, kde každý člen predstavoval hlavu iného štátu. Vybrali sme si aktuálnu tému (Brexit, situácia na Ukrajine, migrácia…) a snažili sme sa nájsť spoločné riešenie alebo kompromis.', 3),
(367, NULL, 6, 'Vytvoril som anketu a 10 ľudí som sa spýtal, ako sa im podľa nich zmenil život po vstupe do EÚ. Následne som si overil, či ich vyjadrenia pochádzali z reálnych zmien, alebo išlo o emocionálne nastavenie či dezinformácie.', 3),
(368, NULL, 7, 'Zozbieral som aspoň 3 kompletné sady mincí z rôznych krajín EÚ a aspoň 5 príležitostných mincí.', 3),
(369, NULL, 1, 'Zorganizoval som veľké upratovanie klubovne a oddielového inventára. Zabezpečil som dobré uskladnenie a evidenciu oddielového majetku.', 3),
(370, NULL, 2, 'Zobral som si na starosť účtovníctvo letného tábora alebo inej väčšej akcie.', 3),
(371, NULL, 3, 'Zobral som si na starosť plánovanie väčšej akcie: rozpočet, nákup materiálu a stravy, doprava, cestovné zľavy, zabezpečenie ubytovania,…', 3),
(372, NULL, 4, 'Pomohol som zorganizovať akciu pre verejnosť spojenú s náborom nových členov do nášho oddielu.', 3),
(373, NULL, 1, 'Počas 6 mesiacov som vybavoval administratívu oddielu alebo zboru: záverečné správy o akciách, prezenčné listiny, koncoročné hlásenia o činnosti oddielu, listy rodičom, prihlášky členov na akcie, informačné letáky, zápisnice z oddielovej rady atď.', 3),
(374, NULL, 2, 'Vytvoril som prehľadný oddielový archív písomností a dokumentov za uplynulý rok. Počas 6 mesiacov som a oň staral.', 3),
(375, NULL, 3, 'Zobral som si na starosť a v spolupráci s vodcom úspešne vybavil oddielovú registráciu.', 3),
(376, NULL, 4, 'Dve väčšie oddielové akcie som zabezpečil po administratívnej stránke: vyhľadanie vhodného spojenia, vybavenie skupinovej zľavy, informácie účastníkom, listy rodičom atď.', 3),
(377, NULL, 5, 'Vytvoril som návrh hlavičkového papiera nášho oddielu alebo družiny.', 3),
(378, NULL, 6, 'Vytvoril som a 6 mesiacov viedol zoznam všetkých členov oddielu (adresy, telefónne čísla) spolu s prehľadom o dosiahnutých stupňoch skautského chodníka, získaných odborkách.', 3),
(379, NULL, 1, 'Min. po dobu 2 mesiacov som na družinových akciách organizoval hry, na každom podujatí aspoň jednu.', 3),
(380, NULL, 2, 'Vediem si databázu hier (zapisujem si  hry, ktoré som už hral, nové hry…).', 3),
(381, NULL, 3, 'Pripravil som a viedol jednu celodennú hru s väčším počtom hráčov (medzidružinová alebo oddielová). K hre som si pripravil aj libreto a pútavo ho prezentoval hráčom.', 3),
(382, NULL, 4, 'Vymyslel som legendu aspoň k trom hrám a pútavo som ich predstavil hráčom.', 3),
(383, NULL, 5, 'Naučil som skautov pravidlá aspoň troch kolektívnych športov a zahrali sme si ich.', 3),
(384, NULL, 6, 'Pomáhal som pri príprave a organizácii dlhodobejšej alebo mimoriadne náročnej hry.', 3),
(385, NULL, 1, 'Spoluorganizoval som dlhodobejšiu etapovú hru.', 3),
(386, NULL, 2, 'Viedol  som aspoň jednu hru z každej z nasledovných oblastí: nočnú hru, mestskú hru, bojovku, hru na rozvoj zmyslov, vedomostnú aktivitu, výtvarnú aktivitu, športovú hru, ekohru a dumku.', 3),
(387, NULL, 3, 'V každej zo šiestich oblastí rozvoja som vymyslel aspoň jednu aktivitu.', 3),
(388, NULL, 4, 'Pre oddiel som pripravil zoznam dobrých kníh, materiálov, či webstránok, z ktorých sa dajú čerpať nápady a námety na hry, aj s krátkou recenziou.', 3),
(389, NULL, 5, 'Mám databázu aspoň 50 hier pre oddiel a družinu, vrátane mojich vlastných hier.', 3),
(390, NULL, 6, 'Vymyslel som si tri vlastné aktivity. Uviedol som ich v oddiele a potom som požiadal ostatných o hodnotenie. Ich pripomienky som zapracoval do môjho nápadu a aktivity som poslal na program@skauting.sk ako aktivity do  Generátora družinoviek.', 3),
(391, NULL, 7, 'Pred náročnejšími hrami som premyslel možné riziká a informoval hráčov, aké zásady bezpečnosti treba dodržiavať.', 3),
(392, NULL, 1, 'Robil som družinového zdravotníka 6 mesiacov alebo zdravotníka na inej akcii. Poznám základné zloženie lekárničky, ktoré som vysvetlil družine alebo priateľom. Poznám alergie a choroby členov svojej družiny alebo blízkej rodiny a viem im pomôcť, keď treba.', 3),
(393, NULL, 2, 'Viem kedy a ako správne resuscitovať (uvoľnenie dýchacích ciest, záchranné vdychy, stláčanie hrudníka). Správne som predviedol uloženie zraneného do stabilizovanej polohy a viem, kedy ho mám do nej uložiť.', 3),
(394, NULL, 3, 'Viem podať prvú pomoc pri dusení sa cudzím telesom.', 3),
(395, NULL, 4, 'Dokážem ošetriť vonkajšie krvácanie a krvácanie z nosa. Viem, čo znamená skratka 5T.', 3),
(396, NULL, 5, 'Správne som obviazal vonkajšie poranenie prstu, dlane, lakťa, kolena, členka a hlavy. Dokážem ošetriť vytknutý členok.', 3),
(397, NULL, 6, 'Poznám príznaky zlomeniny a viem ako fixovať končatinu pri zlomenine. Prakticky som si vyskúšal znehybnenie zlomeniny hornej a dolnej končatiny a kľúčnej kosti.', 3),
(398, NULL, 7, 'Dokážem vybrať kliešťa, ošetriť bodnutie hmyzom a pohryznutie zvieraťom (i hadom).', 3),
(399, NULL, 8, 'Viem správne postupovať pri ľahkých popáleninách a prehriatí.', 3),
(400, NULL, 9, 'Vyskúšal som si rôzne druhy transportu zraneného (jeden nosič, dvaja a viacerí nosiči, bez pomôcok, s pomôckami, improvizované nosidlá). Viem, kedy je transport vhodný, a vyskúšal som si Rautekov manéver.', 3),
(401, NULL, 10, 'Viem, ako správne volať na 112 a kedy použiť číslo 155. Poznám základy bezpečnosti pri poskytovaní prvej pomoci.', 3),
(402, NULL, 1, 'Viem postupovať pri úpale, popáleninách, omrzlinách a podchladení.', 3),
(403, NULL, 2, 'Viem postupovať pri šoku, bezvedomí, otrase mozgu a vnútorných krvácaniach. Prakticky som si vyskúšal prvú pomoc pri dusení sa cudzím telesom.', 3),
(404, NULL, 3, 'Dokážem pomôcť pri zvracaní, hnačke, zápche a otrave.', 3),
(405, NULL, 4, 'Viem postupovať pri podozrení na poranenie chrbtice.', 3),
(406, NULL, 5, 'Viem postupovať pri zásahu elektrickým prúdom.', 3),
(407, NULL, 6, 'Viem identifikovať príznaky alergickej reakcie, epileptického záchvatu, problémoch pri cukrovke a dokážem okamžite reagovať.', 3),
(408, NULL, 7, 'Dokážem ošetriť otvorenú zlomeninu.', 3),
(409, NULL, 8, 'Viem rozpoznať príznaky akútneho infarktu myokardu (srdcového svalu) a náhlej cievnej mozgovej príhody (porážky) a dokážem rýchlo reagovať.', 3),
(410, NULL, 9, 'Poznám postup ako poskytnúť resuscitáciu s použitím AED.', 3),
(411, NULL, 10, 'Viem, čo znamená skratka CHLAPE, prípadne iná obdobná skratka na druhotné vyšetrenie, a viem urobiť druhotné vyšetrenie (zahŕňajúce neurologické vyšetrenie, prehmatanie pacienta od hlavy k pätám a protišokové opatrenia).', 3),
(412, NULL, 1, 'Pripravil som pre svoju družinu aktivitu, v ktorej sme imitovali súdne pojednávanie (obžalovaný, žalobca, sudca, právni zástupcovia, svedkovia). Predstavil som im základné právne pojmy ako prezumpcia neviny, obžaloba, rozsudok, trest, právnická osoba, občianske združenie, štatutárny zástupca.', 3),
(413, NULL, 2, 'Poznám základné delenie práva na súkromné a verejné a viem k nim zaradiť jednotlivé právne odvetvia.', 3),
(414, NULL, 3, 'Vyskúšal som si prácu so Slov-lexom (nájsť si zákon, štruktúru zákona…) a taktiež som si prečítal stanovy Slovenského skautingu a jeho Organizačný poriadok (OP).', 3),
(415, NULL, 4, 'Pozrel som si aspoň jeden seriál alebo film z právneho odvetvia (Dvanásť rozhnevaných mužov, Ako zabiť vtáčika, Zákon a poriadok…).', 3),
(416, NULL, 5, 'Viem, ako prebieha tvorba práva na Slovensku od návrhu až po účinnosť. Pre družinu som pripravil zaujímavú pomôcku, ako sa to môžu naučiť aj oni.', 3),
(417, NULL, 6, 'Skontroloval som, či sa v našom oddiele/zbore dodržiavajú všetky povinnosti stanovené stanovami a OP. Prípadné nedostatky som prediskutoval s oddielovým alebo zborovým vodcom a ako správny právnik som navrhol možné riešenia.', 3),
(418, NULL, 7, 'Stretol som sa s právnikom alebo študentom práva a porozprával som sa s ním o jeho motivácii pre túto prácu a o tom, ako vníma spravodlivosť na Slovensku.', 3),
(419, NULL, 1, 'Naučil som sa zásady a spôsoby správnej argumentácie, ktoré som prezentoval pred družinou alebo oddielom.', 3),
(420, NULL, 2, 'Oboznámil som sa minimálne s 3 veľkými súdnymi procesmi. Jeden z nich sa viazal aj k slovenskej histórii (napríklad procesy v 50. rokoch minulého storočia). Poznám tiež aspoň 3 významných právnikov z histórie, pripravil som si pre družinu krátke predstavenie o tom, čo významné dosiahli.', 3),
(421, NULL, 3, 'Presvedčil som aspoň jednu fyzickú alebo právnickú osobu, aby podporila náš zbor 2% z dane.', 3),
(422, NULL, 4, 'Spolu s družinou som sa zúčastnil reálneho súdneho pojednávania.', 3),
(423, NULL, 5, 'Prečítal som si 1 knihu zameranú na ľubovoľné právne odvetvie.', 3),
(424, NULL, 6, 'Poznám aspoň 6 právnických povolaní a viem, čo je ich náplňou. Zistil som, čo potrebujem vedieť a mať vyštudované, aby som ich mohol vykonávať.', 3),
(425, NULL, 7, 'Viem rozoznať, kedy ide o trestnoprávnu, občianskoprávnu alebo administratívnoprávnu zodpovednosť, a poznám ich základnú charakteristiku: Od akého veku je človek zodpovedný, aká sankcia hrozí, aký orgán rozhoduje? Viem uviesť na každý druh právnej zodpovednosti aj príklad zo skautského prostredia.', 3),
(426, NULL, 1, 'Poznám príbeh vzniku skautingu vo svete a na Slovensku. Vytvoril som časovú os veľkých skautských udalostí a družine som predstavil aspoň 6 zaujímavosti zo svetovej a slovenskej skautskej histórie, o ktorých nevedeli.', 3),
(427, NULL, 2, 'Prečítal som knihu Skauting pre chlapcov a jednu aktivitu z nej som si zahral s družinou.', 3),
(428, NULL, 3, 'Spísal som históriu svojho oddielu do kroniky alebo iného média a zistenia som prezentoval v časopise alebo na webe.', 3),
(429, NULL, 4, 'Zistil som, kedy v mojom bydlisku vznikol prvý skautský oddiel, kto ho viedol a aké mal základné charakteristiky (napríklad názov, počet členov, klubovňa).', 3),
(430, NULL, 5, 'Založil som si zbierku skautských predmetov (šatky, nášivky, odznaky, knihy, časopisy, dokumenty,…). V zbierke mám aspoň 15 predmetov a mám ich rozdelené na základné kategórie.', 3),
(431, NULL, 6, 'Poznám základnú činnosť Historickej komisie Slovenského skautingu. Viem, ako sa na ňu nakontaktovať.', 3),
(432, NULL, 7, 'Stretol som sa so skautom, ktorý sa zaujíma o históriu a vie mi poradiť s otázkami, ktoré ma zaujímajú.', 3),
(433, NULL, 1, 'Prečítal som jednu z kníh: Rady skautským vodcom, Listy Jurovi alebo Vlk, ktorý nikdy nespí a zapísal som si z nej myšlienky, ktoré ma zaujali.', 3),
(434, NULL, 2, 'Mám základné poznatky o Woodcrafte, jeho zakladateľovi E. T. Setonovi a symbolike.', 3),
(435, NULL, 3, 'Prečítal som aspoň 3 skautské časopisy vydávané v minulosti a porovnal som ich so skautskými časopismi vydávanými v súčasnosti – čo deti zaujímalo, čomu sa venovali. Napísal som článok so zaujímavosťami a nápadmi z týchto časopisov.', 3),
(436, NULL, 4, 'Navštívil som pamätné skautské miesto na Slovensku alebo v zahraničí (napr. historické táboriská, objekty viažuce sa k skautingu, miesta odboja, na ktorých pôsobili skautské osobnosti, Ivančenu v Čechách a pod.).', 3),
(437, NULL, 5, 'Rozšíril som svoju zbierku aspoň o 15 ďalších skautských predmetov a rozdelil som ich do kategórií. Usporiadal som v klubovni výstavu skautských predmetov, kde som pozval aj iných skautských zberateľov.', 3),
(438, NULL, 6, 'Navštívil som Skautské múzeum Václava Rubeša v Ružomberku a oboznámil som sa s jeho históriou.', 3),
(439, NULL, 7, 'Spracoval som históriu svojho zboru a skautských osobností, ktoré v ňom pôsobili. Výsledky svojej práce som zaslal a konzultoval s Historickou komisiou Slovenského skautingu.', 3),
(440, NULL, 8, 'Poznám hlavné medzníky vývoja skautingu na Slovensku <ul><li>vznik skautingu na Slovensku a významné skautské osobnosti</li><li>stručná história Zväzu junákov – skautov a skautiek Republiky Československej a jeho nástupníckych organizácii</li><li>skautské organizácii, ktoré boli aktívne za prvej ČSR</li><li>obdobia kedy bol</li><li>skauting zakázaný a obnovený</li><li>história československého exilového skautingu</li><li>vývoj skautského hnutia na Slovensku po novembri 1989</li></ul>', 3),
(441, NULL, 1, 'Pre moju družinu som usporiadal vedomostný kvíz o našom meste a prírode v jeho okolí.', 3),
(442, NULL, 2, 'Na tábore, besiedke alebo dumke som porozprával 3 povesti týkajúce sa nášho mesta a jeho okolia.', 3),
(443, NULL, 3, 'Spamäti som nakreslil náčrt mapy centra nášho mesta či obce, správne som pomenoval hlavné ulice, zakreslil hlavné kultúrne pamiatky a významné budovy.', 3),
(444, NULL, 4, 'Na nástenku som pripravil informácie o najdôležitejších inštitúciách (stanica prvej pomoci, nemocnica, polícia, hasiči, informačná kancelária) v okolí klubovne – kde sa nachádzajú a ich telefónne čísla.', 3),
(445, NULL, 5, 'Sprevádzal som svoju družinu na poznávacej vychádzke mestom a rozprával som im o zaujímavých objektoch (ich význam, história, zaujímavosti…).', 3),
(446, NULL, 6, 'Pripravil som družinovú exkurziu do okolia nášho mesta za prírodnými a historickými zaujímavosťami.', 3),
(447, NULL, 1, 'Ak treba, viem poskytnúť družine informácie o tom, kde sa nachádzajú múzeá, kiná, divadlá, plavárne alebo iné kultúrne a prírodné zaujímavosti v našom meste či okolí našej obce. Viem tiež povedať najvhodnejšie dopravné spojenia.', 3),
(448, NULL, 2, 'Naučil som jedného člena družiny orientovať sa vo vlakových a autobusových cestovných poriadkoch.', 3),
(449, NULL, 3, 'Vybral som si tri kultúrne pamiatky alebo prírodné zaujímavosti v našom meste a jeho okolí (hrad, park, archeologické nálezisko, jaskyňa, pomník,…). Skúmal som ich históriu a význam, povesti s nimi spojené…', 3),
(450, NULL, 4, 'Pre oddiel som pripravil malú hru, v ktorej hráči museli využiť svoje vedomosti o meste a jeho pamiatkach.', 3),
(451, NULL, 5, 'Do oddielového časopisu som napísal článok o ľudových zvykoch, obyčajach a folklóre môjho regiónu, prípadne o historických architektonických slohoch a ľudovej architektúre.', 3),
(452, NULL, 6, 'Návštevníkov nášho mesta (napr. spriatelený oddiel, zahraniční skauti,…) som previedol po centre mesta, obce alebo okolí a robil som im sprievodcu.', 3),
(453, NULL, 1, 'Minimálne pol roka som si dopisoval alebo mailoval s niektorým zahraničným skautom (aspoň raz mesačne).', 3),
(454, NULL, 2, 'Pred družinou/oddielom som prezentoval niektorú cudziu krajinu (fotografie, zákl. informácie, zaujímavosti) a ukázal som rozdiely v živote v danej a našej krajine.', 3),
(455, NULL, 3, 'Splnil som jednu z nasledovných úloh: <ul><li>Aspoň 6 mesiacov som si viedol zápisník alebo album o niektorej cudzej krajine, nalepil som si tam informácie týkajúce sa skautingu, krajiny, kultúry, športu a zvykov.</li><li>V klubovni som vystavil min. 20 vlastných fotografií ilustrujúcich a popisujúcich skauting, život, ľudí, zvyky a scenérie inej krajiny.</li></ul>', 3),
(456, NULL, 4, 'Splnil som dva body z nasledujúcich: <ul><li>Absolvoval som min. 7-dňový tábor alebo výpravu so skautmi z inej krajiny. Aktívne som sa spolupodieľal na vytvorení kroniky o tejto akcii, kde som zhrnul svoje dojmy a čo som sa dozvedel od zahraničných skautov.</li><li>Pohostím doma zahraničných skautov.</li><li>Spravil som niečo pre cudzincov žijúcich alebo navštevujúcich Slovensko, aby sa tu cítili ako doma.</li><li>Zaznamenal som táborové pesničky zahraničných skautov a aspoň 2 z nich som prepísal, preložil a rozdal v oddiele.</li><li>Od zahraničných skautov som získal a v oddiele som zorganizoval dve nové hry či aktivity.</li></ul>.', 3),
(457, NULL, 5, 'Pred zahraničnými skautmi som prezentoval Slovensko a skauting u nás (história, zvyky, remeslá, typické hry, zaujímavosti, jedlá …).', 3),
(458, NULL, 6, 'Pomohol som pripraviť a zorganizovať oslavy Dňa zamyslenia alebo Sv. Juraja.', 3),
(459, NULL, 1, 'Aktívne sa učím aspoň jeden cudzí jazyk.', 3),
(460, NULL, 2, 'Prečítal som niekoľko časopisov v cudzom jazyku.', 3),
(461, NULL, 3, 'Preložil som z cudzieho jazyka kratší text, článok alebo úryvok knihy, ktorá sa mi páči.', 3),
(462, NULL, 4, 'Naučil som členov družiny niektoré frázy z cudzieho jazyka.', 3),
(463, NULL, 5, 'S kamarátom som predviedol scénku v cudzom jazyku.', 3),
(464, NULL, 6, 'Pripravil som tlmočnícku aktivitu, hru, súťaž alebo kvíz.', 3),
(465, NULL, 7, 'Skontaktoval som sa aspoň s jedným skautom z krajiny svojho cudzieho jazyka a pravidelne s ním komunikujem (napr. e-mailom, chatom, listami…).', 3),
(466, NULL, 1, 'Tlmočil som z a do cudzieho jazyka.', 3),
(467, NULL, 2, 'Prečítal som dve knihy v cudzom jazyku.', 3),
(468, NULL, 3, 'V cudzom jazyku som zostavil leták alebo webstránku, ktoré predstavujú náš oddiel.', 3),
(469, NULL, 4, 'V cudzom jazyku som urobil prezentáciu o skautingu v inej krajine.', 3),
(470, NULL, 5, 'Preložil som vybranú poviedku z cudzieho jazyka.', 3),
(471, NULL, 6, 'Zostavil som pre oddiel slovníček skautských pojmov a termínov.', 3),
(472, NULL, 7, 'Pripravil som „jazykovú družinovku“. Zaujímavou formou som sa snažil naučiť kamarátov v družine základy cudzieho jazyka.', 3),
(473, NULL, 8, 'Naučil som sa hlavné frázy aj z iných svetových jazykov.', 3),
(474, NULL, 1, 'Poznám rozdiely medzi skautskými rovnošatami aspoň 5 krajín vo svete a viem ich popísať.', 3),
(475, NULL, 2, 'Vytvoril som v klubovni alebo doma smerovník k najznámejším skautským centrám a sídlam skautských organizácií aj s príslušnými vzdialenosťami.', 3),
(476, NULL, 3, 'Oboznámil som sa o možnostiach pobytu či dobrovoľníctva v zahraničnom skautskom centre od človeka, ktorý takú skúsenosť má. Pozval som ho/ju na limonádu.', 3),
(477, NULL, 4, 'Zistil som, ako vyzerá typický tábor v inej krajine, a aspoň jeden prvok som sa pokúsil po dohode s vodcom využiť na našom tábore.', 3),
(478, NULL, 5, 'Spoznával som skauting aspoň 3 dni v zahraničí a porovnal som ho so skautingom doma (účasť na zahraničnej skautskej akcii, odovzdávanie Betlehemského svetla v zahraničí, navštívenie zahraničnej skautskej klubovne a oddielu….).', 3),
(479, NULL, 6, 'Skontaktoval som sa s dvoma skautmi z rôznych krajín a poslali sme si navzájom balíčky na výmenu. Balíčky obsahovali napr. šatku, odznak, sladkosti, pohľadnice apod.', 3),
(480, NULL, 7, 'Vymenil som 3 skautské šatky a 3 nášivky so zahraničným skautom a spoznal som ich príbeh.', 3),
(481, NULL, 1, 'Poznám štruktúru svetových skautských organizácií a ich hlavných predstaviteľov.', 3),
(482, NULL, 2, 'Kontaktoval som predsedu alebo člena Zahraničnej rady a zistil som, ako funguje Zahraničná rada Slovenského skautingu a aké má aktivity.', 3),
(483, NULL, 3, 'Viem, kde sa odohrali najdôležitejšie míľniky svetového skautingu, a aspoň jedno z týchto miest som navštívil (Brownsea, Olympia, Kandersteg, Gilwell park, Nyeri, Godollo, Praha – prvé CEJ, Svojsíkov hrob na Vyšehrade…).', 3),
(484, NULL, 4, 'Zistil som, ako slávia sviatok Sv. Juraja a Deň zamyslenia skauti z aspoň 3 iných krajín, a priniesol som aspoň jeden zvyk do svojho oddielu.', 3),
(485, NULL, 5, 'Vyhľadal som, aký je rozdiel medzi komunitným a školským skautingom vo svete a prezentoval som ich príklady družine alebo pred priateľmi.', 3),
(486, NULL, 6, 'Spoznával som skauting 8 dní v zahraničí a moje nové zážitky som si vnútorne reflektoval (navštívil som zahraničné skautské centrum, zúčastnil som sa zahraničnej skautskej akcie, zúčastnil som sa medzinárodnej skautskej konferencie…).', 3),
(487, NULL, 7, 'Urobil som prezentáciu mojej výpravy za zahraničným skautingom spojenú s výstavou zberateľských kúskov pre svoj oddiel/družinu.', 3),
(488, NULL, 1, 'Opýtal som sa rodičov, príp. mojich známych (aspoň 4  osôb), čo rozumejú pod pojmom náboženstvo. Vyhľadal som niekoľko definícií náboženstva z pohľadu jednotlivých cirkví, či náboženských obcí.', 3),
(489, NULL, 2, 'Našiel som príklady a poznám rozdiel medzi: monoteistickým a polyteistickým náboženstvom; medzi prirodzeným a zjaveným náboženstvom; medzi náboženstvom a sektou.', 3),
(490, NULL, 3, 'Zistil som si informácie o aspoň 5 svetových náboženstvách: o ich vzniku, posvätných knihách, sviatkoch, pútnických miestach. Porovnal som spôsob slávenia sviatkov v jednotlivých náboženstvách, zistím, aké jedlo pri nich jedia, príp. kedy sa postia.', 3),
(491, NULL, 4, 'Zistil som, ktoré náboženstvá sú na Slovensku a aké majú zastúpenie. Spravil som pre družinu krátky prehľadový plagát.', 3),
(492, NULL, 5, 'Spoznávanie vlastného náboženstva (príp. ak nemám vlastné náboženstvo, tak vybraného náboženstva, ktoré budem hlbšie skúmať). <ul><li.Aspoň mesiac som sa aktívne zúčastňoval liturgie svojho náboženstva (t.j. aspoň tri-štyrikrát do týždňa som pomáhal pri slávení napr. čítaním a pod. – záleží od možností a dohody s miestnym predstaveným). Alebo ak nemám vlastné náboženstvo, navštevoval som pravidelne liturgiu vybraného náboženstva, snažil som sa jej porozumieť prostredníctvom rozhovorov s príslušníkmi daného náboženstva.</li><li>Aktívne som sa počas mesiaca stretával v nejakom spoločenstve svojho konkrétneho náboženstva.</li><li>Počas jedného mesiaca som čítal každý deň aspoň 10 min. z posvätných kníh vlastného (resp. zvoleného) náboženstva.</li><li>Navštívil som najdôležitejšie (pútnické, liturgické…) miesta svojho (resp. vybraného) náboženstva.</li></ul>', 3),
(493, NULL, 1, 'Poznám pojmy medzináboženský dialóg a ekuména. Viem ich vysvetliť a našiel som vo svete aspoň 10 príkladov netolerantnosti a fanatizmu.', 3),
(494, NULL, 2, 'Prichystal som pre družinu prezentáciu a krátke aktivity o svojom (resp. zvolenom náboženstve) – pripravil som si obrázky posvätných miest, doniesol som ochutnávku špecifických jedál, pustil som pieseň z ich liturgie, či iného slávenia… a pod. Môžem urobiť porovnanie s iným náboženstvom.', 3),
(495, NULL, 3, 'Spoznávanie vlastného náboženstva (príp. náboženstva, ktoré som začal spoznávať v zelenom stupni): <ul><li>Aspoň pol roka som sa aktívne zúčastňoval liturgie svojho (resp. zvoleného) náboženstva. Alebo ak nemám vlastné náboženstvo, navštevoval som pravidelne liturgiu vybraného náboženstva, snažil som sa jej porozumieť prostredníctvom rozhovorov s príslušníkmi daného náboženstva.</li><li>Aktívne som sa počas polroka stretával v nejakom spoločenstve svojho (resp. zvoleného) náboženstva.</li><li>Viem argumentovať, prečo verím (alebo naopak neverím), a najmä prečo som si vybral práve to svoje náboženstvo. Zorganizoval som stretnutie s vybraným duchovným vodcom a rozprával som sa s ním o prežívaní viery a jej uvedenia do života.</li><li>Aktívne som sledoval po dobu 3 mesiacov aktuálne dianie vo svojom (resp. vybranom) náboženstve a dianie na poli dialógu svojho náboženstva s inými náboženstvami (príp. ľuďmi bez vyznania). Na záver som spravil krátky sumár dôležitých udalostí a zistení.</li><li>Do zborového časopisu alebo na web stránku som pripravil rozhovor s vysokým predstaviteľom svojho (resp. zvoleného) náboženstva na náboženskú tému.</li></ul>', 3),
(496, NULL, 1, 'Pozrel som si archeologickú expozíciu v našom miestnom alebo regionálnom múzeu.', 3),
(497, NULL, 2, 'Prečítal som si aspoň jednu knihu o archeológii.', 3),
(498, NULL, 3, 'Vyskúšal som si aspoň jednu techniku experimentálnej archeológie (oheň primitívnym spôsobom, štiepanie pazúrika, výroba pravekého nástroja a práca s ním, stavba historickej chyže, práca s kovom, kožou, textilom, maľby, keramika, pec na vypaľovanie …).', 3),
(499, NULL, 4, 'Pre družinu som pripravil kvíz, nástenku alebo článok do časopisu o najznámejších starých etnikách u nás (pravek, Kelti, Germáni, Slovania …).', 3),
(500, NULL, 5, 'Zistil som si, kde sa nachádzajú archeologické náleziská a dôležité nálezy v oblasti môjho bydliska a vyhľadal som si o nich nejaké informácie.', 3),
(501, NULL, 6, 'Zúčastnil som sa akcie na ochranu, údržbu, značenie archeologickej lokality, výstavby alebo údržby náučného chodníka, alebo osádzania informačných tabúľ. (Alebo som sa snažil podobnú brigádu vybaviť u odborníkov.)', 3),
(502, NULL, 1, 'Urobil som mapu najznámejších archeologických nálezísk na Slovensku a niektoré z nich som sa pokúsil navštíviť.', 3),
(503, NULL, 2, 'Formou modelu alebo nákresov som zrekonštruoval hrad, hradisko, praveký objekt.', 3),
(504, NULL, 3, 'Zúčastnil som sa vykopávok pod odborným vedením alebo inej spolupráce: zmapovanie náleziska, pomocná brigáda na nálezisku…', 3),
(505, NULL, 4, 'Na tábore alebo počas roka som pripravil pre členov oddielu archeologické popoludnie, kde si mohli vyskúšať rôzne druhy experimentálnej archeológie.', 3),
(506, NULL, 5, 'Usporiadal som hru na pravek alebo starovek, kde som využil vedecky overené znalosti z daného obdobia. Alebo som usporiadal hru na nález archeologického pokladu, kde som prezentoval správne odkrytie a zabezpečenie nálezu (napr. zlepenie rozbitých kúskov taniera).', 3),
(507, NULL, 6, 'Vybral som si jednu významnú, archeologicky zaujímavú epochu a hlbšie sa o ňu zaujímam (čítanie príslušných kníh, sledovanie dokumentárnych filmov, výstrižky z časopisov…). Svoje vedomosti som prezentoval rozprávaním, článkom do časopisu, nástenkou…', 3),
(508, NULL, 7, 'Pre oddiel som zorganizoval návštevu náleziska, múzea alebo pamiatky a sprevádzal som účastníkov.', 3),
(509, NULL, 1, 'Pripravím jeden nepečený (smotanová torta s ovocím) a jeden pečený ovocný koláč (bublanina, ovocné muffiny).', 3),
(510, NULL, 2, 'Upečiem narodeninovú tortu na oslavu člena družiny, radcu alebo kamaráta. Kreatívnym spôsobom je na nej vidieť vek oslávenca. Ostatným som vysvetlil základný postup jej prípravy.', 3),
(511, NULL, 3, 'Vytvorím si svoj vlastný receptár, kde budem mať aspoň 25 receptov, z toho 10 si zoženiem od kamarátov, rodiny alebo členov družiny a ukážem ho vodcovi.', 3),
(512, NULL, 4, 'V televízii alebo na internete si pozriem reláciu o pečení alebo cukrárstve. Inšpirujem sa niektorým z nápadov a napečiem podobné dielo alebo skúsim nový postup, ktorý som v relácii videl.', 3),
(513, NULL, 5, 'Pripravím pre svoju rodinu 5 rozličných dezertov. Každý je pripravený iným spôsobom. Napríklad: <ul><li>Upečiem koláč</li><li>Zaujímavo pripravím zmrzlinové poháre</li><li>Uvarím puding</li><li>Pripravím šľahačkové koláče</li><li>Pripravím zákusok</li></ul>', 3),
(514, NULL, 6, 'Ovládam základy správneho skladovania zákuskov tak, aby sa mi nepokazili. Viem, ktoré zákusky sú vhodné na dlhodobejšie zamrazenie. Vyskúšam skladovať aspoň tri svoje výtvory chladením alebo mrazením.', 3),
(515, NULL, 1, 'Na akciu, rodinnú oslavu alebo posedenie s kamarátmi pripravím aspoň 2 rôzne typy zákuskov, 2 typy kokteilov a jednu pečenú tortu.', 3),
(516, NULL, 2, 'Nafotím a opíšem postup svojho obľúbeného a osvedčeného receptu. Zverejním ho v  skautskom časopise alebo na cukrárskom internetovom fóre.', 3),
(517, NULL, 3, 'Upečiem a ozdobím cukrárskou technikou narodeninovú tortu pre kamaráta (modelovanie ozdôb a postavičiek, maľovanie na fondán, zdobenie maslovým krémom, šľahačkou, čokoládou ).', 3),
(518, NULL, 4, 'Mladšieho člena družiny alebo oddielu som naučil pripraviť jednoduchý pečený koláč.', 3),
(519, NULL, 5, 'Zorganizujem v oddiele alebo družine zdobenie medovníčkov na Vianoce, prípadne inú udalosť. Naučím ich pripraviť hmotu na zdobenie a samotné formy zdobenia.', 3),
(520, NULL, 6, 'Kreatívnym spôsobom vysvetlím družine alebo inej skupine ľudí typické recepty dezertov aspoň z 5 iných  krajinách. Minimálne jeden z nich pripravím na degustáciu.', 3),
(521, NULL, 7, 'Viem rozlíšiť a poskytnúť prvú pomoc pri popáleninách 1., 2. a 3. stupňa a pri rezných ranách.', 3),
(522, NULL, 1, 'Na internete som si pozrel aspoň 3 zaujímavé videá fyzikálnych pokusov a aspoň jeden z nich som zrealizoval pred družinou. Pokusy boli iné, ako robíme bežne v škole.', 3),
(523, NULL, 2, 'Poznám všetky jednotky SI, viem ich pomenovať a vysvetliť. Vytvoril som originálny prehľad jednotiek SI do klubovne aj s kreatívnymi prvkami.', 3),
(524, NULL, 3, 'Dokážem zoradiť predpony veličín od najnižšej po najvyššiu (deka, hekto, kilo, mega, giga, tera, peta, deci, centi, mili, mikro, nano, piko, femto), viem, akú majú hodnotu a ku každej som našiel jeden príklad zo sveta.', 3),
(525, NULL, 4, 'Demonštroval som pred družinou vybraný fyzikálny zákon a vysvetlil som ho (napr. gravitácia, trenie …).', 3),
(526, NULL, 5, 'Pozoroval som v prírode zaujímavý fyzikálny úkaz (napr. blesk, dúha, ozvena, povrchové napätie vody…) a urobil som o tom prezentáciu (powerpoint/referát) pre družinu alebo nástenku v klubovni.', 3),
(527, NULL, 6, 'Tri mesiace som si čítal o fyzike časopis, čítal som si články na internete alebo som si prečítal knihu.', 3),
(528, NULL, 7, 'Vybral som si nejaký prístroj, čo máme doma (napr. smartfón, televízor, wi-fi), a pred družinou som popísal, ako funguje.', 3),
(529, NULL, 1, 'Navštívil som SAV, výstavu alebo múzeum, ktoré sa venovalo fyzike alebo technike. Viem vysvetliť a odprezentovať jej podstatu aj menej znalému človeku.', 3),
(530, NULL, 2, 'Ovládam naspamäť grécku abecedu a viem ju aj používať, ak treba. Viem, prečo sa začala používať, a poznám jej stručnú históriu.', 3),
(531, NULL, 3, 'Viem naspamäť všetky tri Newtonove zákony aj so vzorcami. Na jeden z nich som pred družinou zahral krátku scénku alebo pantomímu.', 3),
(532, NULL, 4, 'Vysvetlil som rozdiel medzi striedavým prúdom a jednosmerným prúdom. Zhotovil som jednoduchý nákres, ako funguje batéria a elektrický zvonček.', 3),
(533, NULL, 5, 'Vybral som si zložitejší prístroj, ktorý som si najprv naplánoval, zistil som si potrebné súčiastky, zostrojil som ho, vyskúšal, zhodnotil a popísal jeho limity. Viem povedať, ako by sa dali vylepšiť. (Napr. Teslova cievka, motor, elektrický obvod,…)', 3),
(534, NULL, 6, 'Naplánoval som si a zrealizoval som aspoň 2 laboratórne práce, kde som využil niekoľko spôsobov meraní (napr. odmeral som dĺžku predmetu palcom, pravítkom a šublerou – posuvným meradlom).', 3),
(535, NULL, 7, 'Poznám stručnú históriu aspoň 10 nositeľov Nobelovej ceny za fyziku, z nich jeden je nositeľom Nobelovej ceny v poslednom roku. Spravil som si svoj osobný zoznam TOP 5 osobností fyziky.', 3),
(536, NULL, 8, 'Spolužiakovi alebo kamarátovi som pomohol s doučovaním s fyziky minimálne v rozsahu 3 hodín.', 3),
(537, NULL, 1, 'Prešiel som aspoň jednu hru z každého zo základných herných žánrov: akčné, adventúry, logické, strategické, RPG, športové, online. Viem povedať ich základne charakteristiky a dokážem ich navzájom odlíšiť.', 3),
(538, NULL, 2, 'Viem si nastaviť optimálne herné a grafické nastavenia. Poznám nasledovné herné skratky a viem, kedy sa používajú: fps, afk, brb, asap, ty, idk, ftp nwm, pvp, ks, xp, dc, gg, wp.', 3),
(539, NULL, 3, 'Pripravil som pre družinu aspoň polhodinovú reálnu hru na námet počítačovej hry, ktorú ešte nepoznajú. Následne som im vysvetlil podstatu hry, jej ovládanie a herné možnosti.', 3),
(540, NULL, 4, 'Splnil som aspoň jedno z nasledujúcich: <ul><li>zahral som si hru z roku môjho narodenia,</li><li>vybranú hru som si zahral v príslušnom kostýme,</li><li>zahral som si multiplayer hru s rodičom.</li></ul>', 3),
(541, NULL, 5, 'Vyhľadal som na internete alebo v literatúre plusy a mínusy hrania hier. Vytvoril som na túto tému zaujímavý poster alebo plagát do klubovne.', 3),
(542, NULL, 6, 'Zaujímavou formou som odprezentoval družine alebo v škole správne zdravotné návyky a zásady používania počítača – ochrana očí, vzdialenosť od monitoru, správne sedenie, správna poloha chrbtice, prestávky. Snažím sa ich dodržiavať.', 3),
(543, NULL, 7, 'Spolu s rodičom som si vytvoril a dohodol vyvážený plán, v ktorom som si určil maximálny čas hrania a zahrnul som doňho aj svoje povinnosti a čas na oddych a športovanie.', 3),
(544, NULL, 1, 'Zahral som si aspoň jednu hru z každého z týchto herných žánrov: managmentové, MMO, arkády, simulátory, idle, závodné.', 3),
(545, NULL, 2, 'Splnil som aspoň jedno z nasledujúcich: <ul><li>zúčastnil som sa turnaja vo vybranej hre,</li><li>navštívil som veľtrh hier alebo akciu, kde sú prezentované hry,</li><li>sledoval som svetový turnaj vo vybranej hre,', 3),
(546, NULL, 3, 'poznám víťazné hry v jednotlivých kategóriách podľa ocenenia „The Game Awards“.</li></ul>', 3),
(547, NULL, 4, 'Pre priateľov  som usporiadal LAN párty. Pripravil som občerstvenie, skautskú atmosféru s pokrikom a šatkami. Viem, ako vytvoriť LAN sieť a riešiť prípadné problémy.', 3),
(548, NULL, 5, 'Mám prehľad vo svete počítačových hier a splnil som aspoň jedno z nasledujúcich: <ul><li>napísal som aspoň 3 hráčske recenzie s tipmi a trikmi na vybrané fórum, ku ktorým som spísal plusy a mínusy danej hry,</li><li>sledujem herné časopisy, web stránky a novinky po dobu aspoň 3 mesiacov.</li></ul>', 3),
(549, NULL, 6, 'Pre družinu alebo oddiel som pomohol pripraviť víkendovú akciu alebo celodennú hru na tému mojej obľúbenej počítačovej hry.', 3),
(550, NULL, 7, 'Poznám pojem duševné vlastníctvo a radcovi viem vysvetliť, prečo je dôležité ho dodržiavať práve v hernom odvetví. Našiel som aspoň 3 príklady nedodržania týchto pravidiel.', 3),
(551, NULL, 8, 'Zistil som, ako sa vytvára počítačová hra – nápad, príbeh, realizácia, grafika, reklama, distribúcia. Viem, aké zamestnania sú potrebné na vytvorenie hry a aké školy treba vyštudovať, aby som sa mohol zamestnať v hernom priemysle.', 3),
(552, NULL, 9, 'Zahral som si herné klasiky: Pac-man, Pong, Tetris, Space invaders.', 3),
(553, NULL, 1, 'Vytvoril som rodokmeň svojej rodiny minimálne s 3 generáciami predkov (rodičia, starí rodičia, prarodičia). Použil som rôzne značenie pre mužské a ženské pohlavie. U žien som uviedol aj meno za slobodna.', 3),
(554, NULL, 2, 'Zozbieral som informácie  aspoň o 2 známych rodoch v obci alebo v okolí, prekreslil som ich erby, vytvoril som zjednodušený rodokmeň a svoje zistenia som kreatívnou formou predstavil družine.', 3),
(555, NULL, 3, 'Viedol som si  vlastný denník 6 týždňov a robil som doňho zápisky minimálne každé 2 dni.', 3),
(556, NULL, 4, 'Pripravil som si krátku prezentáciu pre družinu o tom, čo je to genealógia – predstavil som im základné názvy v tomto odbore, zdroje a miesta, kde sa dajú nájsť informácie o rodoch, aplikácie na vytváranie vlastného rodokmeňu, atď.', 3),
(557, NULL, 5, 'Oboznámil som sa aspoň s jedným softvérom na spracovanie rodokmeňu a vytvoril som v ňom základný rodinný rodokmeň.', 3),
(558, NULL, 6, 'Vytvoril som časovú os jedného člena svojej rodiny a zaznačil som na nej významné udalosti a momenty z jeho života (napr. narodenie, prvý zub, vstup na základnú školu, prvá poznámka za zlé správanie, ukončenie gymnázia…).', 3),
(559, NULL, 7, 'Zozbieral som fotografie členov svojej rodiny a vytvoril som alebo som obnovil rodinný album, kde má každý člen rodiny venovanú jednu stranu aspoň s dvoma fotografiami.', 3),
(560, NULL, 1, 'Vytvoril som rodokmeň svojej rodiny minimálne so 4 generáciami  predkov a doplnil som kompletný rodokmeň aj o mladšie generácie (súrodenci, bratranci, synovci a netere, ujovia a tety). Rodokmeň bol doplnený o dátumy narodenia a úmrtia jednotlivých členov rodiny.', 3),
(561, NULL, 2, 'Zistil som významné udalosti, ktoré sa odohrali za posledných 70 rokov v rodine, a spracoval som ich na časovú os (minimálne 30 udalostí).', 3),
(562, NULL, 3, 'Viedol som si  vlastný denník 12 týždňov a robil som doňho zápisky minimálne každé 2 dni.', 3),
(563, NULL, 4, 'Spravil som pre oddiel aspoň 2-hodinovú aktivitu o genealógii, kde sa naučili nové poznatky, vytvorili si svoj vlastný rodokmeň a predstavil som im kreatívne formy rodokmeňov.', 3),
(564, NULL, 5, 'Spoločne s oddielovým vodcom a oddielovou radou som spracoval rodokmeň nášho oddielu a družín. Vytvorený rodokmeň som umiestnil do klubovne, aby ho každý člen oddielu mohol vidieť a nájsť svoje meno v tomto rodokmeni.', 3),
(565, NULL, 6, 'Zúčastnil som sa na akcii venovanej genealógii alebo som sa zoznámil s človekom, ktorý sa zaoberá genealógiou, a debatoval som s ním.', 3),
(566, NULL, 7, 'Spracoval som rôzne štatistiky svojej rodiny. Napríklad koľko bolo ktorých mien, koľko bolo žien, mužov, najmladší otec, matka, najčastejšie zamestnanie, najstarší člen rodiny…', 3),
(567, NULL, 1, 'Viem, čo je GPS a ako sa používa.', 3),
(568, NULL, 2, 'Viem, čo je geocaching a pripravil som hru pre družinu, kde som využil poznatky o geocachingu.', 3),
(569, NULL, 3, 'S družinou som odlovil 10 obyčajných kešiek a 2 multicache.', 3),
(570, NULL, 4, 'Skúsil som nejaký iný typ kešky (mystery, earthcache, letterbox, virtuálna, locationless).', 3),
(571, NULL, 5, 'Rozumiem stupnici hodnotenia obtiažnosti terénu a viem určiť potrebnú výstroj/výbavu a základné pravidlá pre bezpečný odlov kešky.', 3),
(572, NULL, 6, 'V prípade zranenia alebo stratenia v horách, alebo neznámom teréne viem privolať pomoc a dať im svoju presnú pozíciu.', 3),
(573, NULL, 7, 'Pre družinu/oddiel som naplánoval výlet, kde sme navštívili aspoň 3 nové miesta a zaznačil som si GPS súradnice.', 3),
(574, NULL, 8, 'Na družinovky/výlety nosím GPS a navigujem.', 3),
(575, NULL, 9, 'Naučil som nováčika orientovať sa nielen pomocou GPS.', 3),
(576, NULL, 1, 'Prečítal som aspoň tri knihy s historickou tematikou (historický román, povesti, báje, históriu zámku, rodu…).', 3),
(577, NULL, 2, 'Pre moju družinu alebo oddiel som pripravil hru, súťaž alebo kvíz so zameraním na históriu sveta, Slovenska, našej obce.', 3),
(578, NULL, 3, 'Urobil som malú kroniku (zošit) s fotografiami, historickými článkami a mapami o histórii Slovenska. Krátko a zaujímavo som charakterizoval jednotlivé historické obdobia a osobnosti, ktoré ho ovplyvnili.', 3),
(579, NULL, 4, 'Preskúmal som históriu našej obce a okolia, nakreslil som si erby, ktoré s ňou súvisia.', 3),
(580, NULL, 5, 'Do kroniky či môjho historického zápisníka som urobil zápis o živote a práci Roberta Baden-Powella. Doplnil som ho fotografiami a výstrižkami.', 3),
(581, NULL, 1, 'Vediem si vlastný historický archív so zaujímavými výstrižkami, kópiami a výpiskami, fotografiami, kresbami, reprodukciami z časopisov, fotokópiami zaujímavostí, mapami, či inými cennými historickými doplnkami.', 3),
(582, NULL, 2, 'Napísal som esej o jednom typickom dni človeka žijúceho v mojom obľúbenom historickom období. Naštudoval som si čo najviac informácií, aby bola esej čo najvernejšia.', 3),
(583, NULL, 3, 'Urobil som nástenku s 10 slávnymi osobnosťami našej, svetovej a regionálnej histórie. Napísal som o nich, čo ich preslávilo, a snažil som sa spomenúť čo najviac zaujímavostí.', 3),
(584, NULL, 4, 'Vybral som si dve osobnosti svetových dejín, ktoré žili približne v rovnakom období, a porovnal odlišnosť ich životov v rovnakom čase.', 3),
(585, NULL, 5, 'Prečítal som si aspoň jednu knihu o fašizme alebo komunizme, aj na našom území.', 3),
(586, NULL, 6, 'Zistil som (od starších ľudí, z kníh, z internetu…), aké povesti, piesne, tance, zvyky (vynášanie Moreny, stavanie májov, Vianoce, Traja králi, Veľká noc, svadby) prevládali v mojom regióne a ktoré jedlá sa varili. Niečo z toho som prezentoval pred družinou (tradičná hostina, dobové kostýmy, ukážka svadby, ľudový tanec, hra na fujaru, rozprávanie…).', 3),
(587, NULL, 7, 'Zobral som si na starosť zaznamenávanie oddielovej histórie, archivovanie zaujímavých dokumentov a predmetov zo života oddielu. Prehľad a zaujímavosti z histórie skautingu som priblížil ostatným v oddielovom časopise.', 3),
(588, NULL, 1, 'Zahral som si aspoň jednu spoločenskú hru z kategórií: kartová, vedomostná, strategická a párty/rodinná hra.', 3),
(589, NULL, 2, 'Predstavil som a vysvetlil družine dve nové spoločenské hry, ktoré ešte nepoznali. Spoločne sme si ich aj zahrali.', 3),
(590, NULL, 3, 'Vymyslel som vlastnú spoločenskú hru, ktorá sa hrá aspoň 20 minút. Vytvoril som hrací plán, postavičky, karty, žetóny a zahral som si ju s družinou.', 3),
(591, NULL, 4, 'Vyrobil som sériu 6 použiteľných hracích kociek aspoň z 3 rôznych materiálov (drevo, hlina, fimo, papier…).', 3),
(592, NULL, 5, 'Poznám u nás 5 najznámejších ocenení spoločenských hier – Spiel des Jahres, Deutscher Spiele Preis, Golden Geek Awards, Hra roku a International Gamers Awards. Zistil som, kto a v ktorých kategóriách tieto ocenenia získal, ktoré hry vyhrali tieto ocenenia za posledných 5 rokov a svoje zistenia som predstavil družine kreatívnou formou (poster, prezentácia).', 3),
(593, NULL, 6, 'Ovládam celé pravidlá a hral som tieto hry: Šach, Dáma, Človeče, nehnevaj sa, Žolík (Joker), Piškvorky, Sedma,  Domino, Kvarteto, Čierne historky.', 3),
(594, NULL, 7, 'Počas 2 mesiacov som pravidelne aspoň raz týždenne hral spoločenské hry.', 3),
(595, NULL, 8, 'Našiel som si na internete prípady závislostí od hier (gamblerstvo) a zistil som, ako môže tento druh závislosti škodiť.', 3),
(596, NULL, 1, 'Zahral som si aspoň jednu spoločenskú hru z kategórií: postrehová, RPG-hra na hrdinov, kooperatívna, kocková, hra pre fajnšmekrov (dlhšia ako 2 hodiny).', 3),
(597, NULL, 2, 'Usporiadal som s priateľmi hranie spoločenských hier v kostýmoch, ktoré tematicky sedia ku danej hre (napríklad kartová hra Bang! vo western kostýmoch).', 3),
(598, NULL, 3, 'Pre zbor som usporiadal turnaj vo vybraných spoločenských hrách, kde som pripravil bodovacie tabuľky, systém turnaja a ceny pre víťazov.', 3),
(599, NULL, 4, 'Z rebríčka hier najznámejšej webovej stránky o spoločenských hrách www.boardgamegeek.com som vyskúšal hrať aspoň 8 hier z prvej 200-ky.', 3),
(600, NULL, 5, 'Minimálne 2 moje obľúbené spoločenské hry som graficky a systémovo vylepšil (prispôsobenie pravidiel,  vlastné figúrky, doplnenie herného plánu, špeciálne vylepšenia).', 3),
(601, NULL, 6, 'Počas 3 mesiacov som pravidelne aspoň raz týždenne hral spoločenské hry.', 3),
(602, NULL, 7, 'Oboznámil som sa s históriou spoločenských hier a s najznámejšími autormi a firmami vyrábajúcimi spoločenské hry u nás a vo svete.', 3),
(603, NULL, 8, 'Napísal som recenzie a hodnotenia aspoň na 12 spoločenských hier, ktoré som hral, a tieto recenzie som umiestnil buď na fóra, alebo stránky venujúce sa spoločenským hrám. Na požiadanie dokážem odporučiť rôzne spoločenské hry podľa veku, dĺžky trvania, počtu hráčov a herného mechanizmu.', 3),
(604, NULL, 9, 'Získam pre oddiel aspoň 3 spoločenské hry, ktoré môžeme spoločne hrať na akciách.', 3),
(605, NULL, 1, 'Poznám značky PSP (periodickej sústavy prvkov) a pre družinu som z nich urobil pexeso (na jednej kartičke slovenský názov, na jej dvojici chemický názov a značka), ktoré sme si spolu aj zahrali.', 3),
(606, NULL, 2, 'Vyrobil som si lávovú lampu a viem vysvetliť princíp jej fungovania.', 3),
(607, NULL, 3, 'Zalial som čaj studenou a teplou vodou. Pozoroval som, čo sa tam deje, viem popísať tento fyzikálno-chemický jav a jeho princíp.', 3),
(608, NULL, 4, 'Pomocou pH indikátora (uvarená šťava z červenej kapusty) som zoradil od najkyslejšieho po najzásaditejší tieto vzorky: voda, šťava z citróna, roztok sódy bikarbóny, čistiaci prostriedok a ocot.', 3),
(609, NULL, 5, 'Pripravil som nasýtený vodný roztok cukru alebo soli. Rozdelil som ho do dvoch pohárov, na ktoré som položil špajdľu, z ktorej visela šnúrka ponorená do roztoku. Jednu časť som nechal v pokoji, druhú časť som občas premiešal a pozoroval som, čo sa deje, až kým sa všetka voda nevyparila. Porovnal som výsledky v oboch pohároch a viem vysvetliť, čo sa udialo.', 3),
(610, NULL, 6, 'Naštudoval som si základné informácie a zaujímavosti o svojom obľúbenom chemikovi alebo chemičke a vybranou formou (PowerPoint, nástenka, video, plagát…) som ich odprezentoval družine.', 3);
INSERT INTO `tasks` (`id`, `name`, `order`, `task`, `position_id`) VALUES
(611, NULL, 7, 'Poznám a dodržiavam zásady bezpečnej práce s chemikáliami.', 3),
(612, NULL, 1, 'Poznám princípy periodickej sústavy prvkov a poznám základné charakteristiky jednotlivých skupín. Vymyslel som mnemotechnické pomôcky na zapamätanie hlavných skupín alebo som sa naspamäť naučil “The periodic table song”. Odprezentoval som ich družine.', 3),
(613, NULL, 2, 'Vypočítal som a pripravil roztoky s objemom 100 ml: <ul><li>sódy bikarbóny w = 4,00%,</li><li>kuchynskej soli w = 10,00%,</li><li>octu w = 4,00%.</li></ul>', 3),
(614, NULL, 3, 'Do jedného pohára s vodou som vložil kus medeného drôtu a do druhého železný klinec tak, aby časť predmetov vyčnievala z vody. Niekoľko dní som pozoroval čo sa deje. Viem opísať prebiehajúci jav chemickými rovnicami.', 3),
(615, NULL, 4, 'Do vysokého skleneného pohára som postupne nalial med, sirup (kukuričný alebo aj iný), tekutý saponát, vodu, olej a izopropanol. Potom som do neho vhadzoval rôzne predmety (aspoň 5), napr. skrutku, cherry paradajku, plastový vrchnák, pingpongovú loptičku a pod. Pozoroval som, čo sa deje. Jav viem vysvetliť.', 3),
(616, NULL, 5, 'Izoloval som DNA zo slín alebo ovocia podľa návodu na internete. Viem, čo je DNA, čo je princípom jej izolácie a rozumiem každému kroku. (V ktorom kroku dochádza k narušeniu jadrovej membrány, ktorá chráni DNA?)', 3),
(617, NULL, 6, 'Pomocou pH indikátora (uvarená šťava z červenej kapusty) som si zostavil škálu hodnôt pH minimálne 7 rôznych roztokov. Zamyslel som sa nad inými možnými prírodnými pH indikátormi, vyskúšal som ich a porovnal s červenou kapustou. Viem čo hodnota pH znamená.', 3),
(618, NULL, 7, 'Napísal som článok do skautského/zborového časopisu alebo na zborovú webovú stránku o mojom obľúbenom chemikovi/chemičke alebo chemickom objave.', 3),
(619, NULL, 8, 'Pre družinu alebo oddiel som pripravil experiment z anorganickej alebo organickej chémie, ktorý som potom zaujímavým spôsobom vysvetlil.', 3),
(620, NULL, 1, 'Družine som predviedol stavbu počítača (procesor, pamäť, disk, grafická karta, zdroj, optická mechanika, atď.). Zoznámil som ich so základnými typmi programov (na spracovanie textu, čísel, obrázkov a zvuku, antivírus atď.) a vysvetlil som, čo vlastne program je.', 3),
(621, NULL, 2, 'Do oddielového časopisu som s pomocou internetu napísal článok o histórii počítačov. Sám som ho graficky upravil aspoň v textovom procesore (napr. LibreOffice Writer, WordPad, Microsoft Word).', 3),
(622, NULL, 3, 'Po dohode s oddielovým vodcom som vypracoval v tabuľkovom procesore (napr. LibreOffice Calc, Microsoft Excel) prehľadný zoznam členov nášho oddielu alebo zoznam kníh oddielovej či zborovej knižnice. Družine som ukázal, ako sa údaje zoraďujú, triedia a inak spracovávajú.', 3),
(623, NULL, 4, 'Vytvoril som osobnú/družinovú/oddielovú web stránku v niektorom z WYSIWYG editorov (BlueGriffon (offline), WordPress.com (online)).', 3),
(624, NULL, 5, 'Pre družinu som pripravil krátku družinovú hru alebo kvíz, so zameraním na vysvetlenie rôznych pojmov z IT (protokol, server, programovací jazyk, LAN, malware atď.).', 3),
(625, NULL, 6, 'Vytvoril som popis aspoň troch užitočných rozšírení do webových prehliadačov a prezentoval som ho družine.', 3),
(626, NULL, 7, 'Vytvoril som oddielový mailing list. Viem pracovať s viacerými programami, ktoré spracovávajú e-maily (napr. Mozilla Thunderbird).', 3),
(627, NULL, 1, 'Viem používať skener a iné vstupné zariadenia na prácu s grafikou (napr. tablet). Predviedol som družine program na spracovanie grafiky. Vytvoril som družinové/oddielové logo na internetovú stránku, pôdorys ideálnej klubovne alebo plán táboriska.', 3),
(628, NULL, 2, 'Oboznámil som sa s princípmi niektorého programovacieho jazyka (napr. Python, JavaScript, C) a naprogramoval som aspoň dva z nasledujúcich programov: <ul><li>Kalkulačka – ktorá vykonáva hlavné matematické operácie.</li><li>Malá násobilka – program vyskúša užívateľa malú násobilku.</li><li>Párne čísla – program dokáže vybrať párne čísla zo zadanej množiny čísel.</li><li>Písmeno A – program dokáže spočítať a vyselektovať písmeno A v dlhšom texte.</li></ul>', 3),
(629, NULL, 3, 'Vytvoril som osobnú/družinovú/oddielovú webstránku v textovom editore s použitím technológií HTML a CSS (prípadne JavaScript).', 3),
(630, NULL, 4, 'Viem, aký je rozdiel medzi proprietárnym a slobodným a open source softvérom a vysvetlil som ho družine.', 3),
(631, NULL, 5, 'Pripravil som si družinovku o internete, kde som im zaujímavo vysvetlil spôsob fungovania internetu, jeho históriu a základy dátovej komunikácie medzi počítačmi (OSI model siete).', 3),
(632, NULL, 6, 'Viem si poradiť v nasledovných situáciách: <ul><li>Zavíril sa mi počítač. Viem správne použiť antivírusový program.', 3),
(633, NULL, 7, 'Vymazal som súbor, ktorý potrebuje k svojej funkcii nejaký program. Dokážem preinštalovať program.</li><li>Omylom som vymazal dokument, ktorý znovu potrebujem. Ovládam program, ktorý dokáže navrátiť stratené dáta, a robím si pravidelné zálohy potrebných dokumentov.</li><li>Nejde mi prehrať súbor s videom. Viem, kde mám hľadať potrebný softvér, aby som mohol súbor prehrať.</li><li>Počítač je plný nepotrebného softvéru (adware, spyware). Som schopný rozlíšiť potrebné programy od tých, ktoré zbytočne zaťažujú počítač. Poznám spôsob, ako sa nepotrebného softvéru zbaviť. Pri inštalácii softvéru viem, ktoré súčasti programu sú pre mňa potrebné a neinštalujem zbytočné časti.</li></ul>', 3),
(634, NULL, 1, 'Uvaril som čaj z byliniek a kakao pre 30-členný tábor.', 3),
(635, NULL, 2, 'Doma som sám trikrát pripravil nedeľný obed (polievka, hlavné jedlo, šalát alebo múčnik).', 3),
(636, NULL, 3, 'Na výprave som pre svoju družinu na otvorenom ohni (pahrebe) pripravil kura, rybu alebo iný druh mäsa so zemiakmi.', 3),
(637, NULL, 4, 'Pre oddiel alebo družinu som pripravil obložené chlebíčky s aspoň dvomi druhmi nátierok.', 3),
(638, NULL, 5, 'Pripravil som koláč alebo tortu pre svoju družinu.', 3),
(639, NULL, 6, 'Zúčastnil som sa na stavbe táborovej kuchyne a jej zariadenia.', 3),
(640, NULL, 7, 'Poznám etiketu stolovania v spoločnosti a vysvetlil som ju svojej družine, oddielu, skupine ľudí.', 3),
(641, NULL, 1, 'Uvaril som polievku bez zápražky i so zápražkou.', 3),
(642, NULL, 2, 'Uvaril som 4 rôzne jedlá z rôznych svetových kuchýň (talianskej, ázijskej, španielskej, francúzskej…).', 3),
(643, NULL, 3, 'Bez polotovarov som pripravil dve sladké jedlá: <ul><li>slivkové gule</li><li>parené buchty</li><li>palacinky</li><li>lievance</li><li>pirohy</li><li>ovocný koláč z kysnutého cesta</li></ul>', 3),
(644, NULL, 4, 'V prírodných podmienkach som praktizoval jedno zo zálesáckych varení: <ul><li>upiekol som chlieb</li><li>uvaril som špenát zo žihľavy</li><li>pripravil som šalát z lesných plodov</li><li>Setonov hrniec</li></ul>', 3),
(645, NULL, 5, 'Vytvoril som si vlastnú zbierku receptov (minimálne 20 receptov) pre táborové aj normálne varenie. Podľa výberu družiny, kamaráta alebo rodiny som jedno jedlo podľa nich uvaril.', 3),
(646, NULL, 6, 'Zostavil som nutrične vyvážený jedálniček pre 30-členný 2-týždňový tábor a vypočítal som objemy potrebných surovín.', 3),
(647, NULL, 7, 'Varil som na 3 víkendových akciách alebo som týždeň varil na tábore pre oddiel (aj v spolupráci s iným kuchárom).', 3),
(648, NULL, 8, 'Poznám a dodržiavam hygienické zásady skladovania a spracovania potravín v prírode a ich trvanlivosť.', 3),
(649, NULL, 1, 'Viem, aký je rozdiel medzi obyčajnou a príklepovou vŕtačkou a vhodný typ vŕtačky som použil pri upevňovaní nástenky na stenu našej klubovne.', 3),
(650, NULL, 2, 'Nováčikovi som vysvetlil, ako sa varí na plynovej bombe.', 3),
(651, NULL, 3, 'Založil som družinový kufrík s náradím. O obsahu som sa poradil so skúseným kutilom.', 3),
(652, NULL, 4, 'Vodovodné batérie v klubovni či doma som očistil od vodného kameňa, vymenil tesnenia v nádržke nad záchodom.', 3),
(653, NULL, 5, 'Opravil som staré okno v našej klubovni.', 3),
(654, NULL, 6, 'Viem spájkovať, zo starej plošnej dosky som odspájkoval súčiastky potrebné na fungovanie ďalších prístrojov.', 3),
(655, NULL, 1, 'Pri stavbe vtáčej búdky som do dosky vyvŕtal (alebo inak urobil) dieru s priemerom aspoň 5 cm.', 3),
(656, NULL, 2, 'Vystierkoval a vymaľoval som miestnosť, kde nám už omietka padala na hlavu, s pomocou murárskeho a natieračského náčinia.', 3),
(657, NULL, 3, 'Zúčastnil som sa opravy alebo inštalácie elektrických rozvodov pod dozorom kvalifikovaného odborníka.', 3),
(658, NULL, 4, 'Vymuroval som táborovú pec, v ktorej sme potom piekli dobroty pre celý tábor.', 3),
(659, NULL, 5, 'Pomáhal som pri inštalácii kúrenia, vodovodného potrubia alebo iného trubkového rozvodu.', 3),
(660, NULL, 6, 'Urobil som kompletnú rekonštrukciu starých dverí so sklenenou tabuľou. Vymenil som tabuľu a dal novú kľučku a zámok,…', 3),
(661, NULL, 7, 'Skúsil som na tábore využiť vyrobenú energiu z prírodných zdrojov (dynamo napojené na vodný mlyn a pod.).', 3),
(662, NULL, 8, 'Vyrobil som pomôcku do oddielu s využitím rôznych druhov spojov vrátane lepidiel.', 3),
(663, NULL, 1, 'Ovládam naspamäť malú násobilku a zorganizoval som súťaž, ktorá pozostávala v čo najrýchlejšom zodpovedaní výsledku zo zadaných príkladov.', 3),
(664, NULL, 2, 'Využil som poznatky z matematiky v 3 situáciách pri skautskej praxi alebo inej činnosti na tábore – pri viazaných stavbách, odmeraní výšky stromov podľa tieňa, geometrii táboriska, prírodných meradlách apod. Vypočítal som obsah a obvod táboriska.', 3),
(665, NULL, 3, 'Našiel som v prírode rôzne geometrické útvary – kruh, štvorec, trojuholník, ihlan… Aspoň 6 príkladov som vyfotil a z fotografií som následne vytvoril koláž aj s popisom.', 3),
(666, NULL, 4, 'Naučil som sa aspoň 5 matematických vtipov a podarilo sa mi rozosmiať svojho vyučujúceho alebo človeka, ktorého baví matematika.', 3),
(667, NULL, 5, 'Vyriešil som aspoň jeden matematický hlavolam – napr. Einsteinovú hádanku, hlavolam Sama Loyda…', 3),
(668, NULL, 6, 'Predstavil som svojej družine alebo oddielu 3 slávnych matematikov a zistil som, čím zanechali tento svet o niečo lepším.', 3),
(669, NULL, 7, 'Pripravil som originálne a úprimné poďakovanie učiteľovi alebo osobnosti, ktorá mi pomohla rozvíjať sa v matematike.', 3),
(670, NULL, 1, 'Naučil som sa naspamäť hodnotu π (pí) po dvadsiate desatinné miesto a viem, ako toto číslo vzniklo a kde sa v dnešnej dobe používa.', 3),
(671, NULL, 2, 'Dokážem vysvetliť a poznám praktické využitie aspoň 3 z nasledujúcich: Pytagorova veta, Euklidove vety, pravdepodobnosť, limity, kombinatorika, derivácie alebo integrály, exponenciálna a logaritmická funkcia, teória hier.', 3),
(672, NULL, 3, 'Vytvoril som 5 fotografií alebo kresieb, pri ktorých som pracoval so zlatým rezom alebo zlatým obdĺžnikom.', 3),
(673, NULL, 4, 'Dokážem vyriešiť sudoku na troch rôznych obťažnostiach, zistím, aký matematický princíp sa v sudoku využíva a pokúsim sa ho vysvetliť rodičom.', 3),
(674, NULL, 5, 'Zorganizoval som pre družinu alebo oddiel matematickú súťaž s rôznymi zaujímavými praktickými zadaniami – či už zo skautskej praxe, prírody alebo bežného života.', 3),
(675, NULL, 6, 'Spravil som spoločne s kamarátom prehľad vysokých škôl, kde sa študuje matematika, a aj následné uplatnenie v zamestnaniach a ich platové ohodnotenie.', 3),
(676, NULL, 7, 'Zozbieram štatistické údaje, vyhodnotím ich a vytvorím ich grafické spracovanie k členskej základni nášho zboru za posledných 5 rokov. Porovnám vývoj celkovej členskej základne, v jednotlivých vekových kategóriách a aj získaných hodností (radca, líder, vodca).', 3),
(677, NULL, 1, 'Urobil som zjednodušený papierový model klubovne alebo inej budovy. Svojej družine som na ňom vysvetlil, čo je mierka a ako sa využíva.', 3),
(678, NULL, 2, 'Zábavným spôsobom som družinu oboznámil so zásadami bezpečnosti práce modelára (práca s nožom, nožnicami, orezávačom, pílkou, šidlom, kladivom, skrutkovačom a bezpečné postupy manipulácie s chemikáliami, ako sú lepidlá, epoxidy, farby, riedidlá, atď.).', 3),
(679, NULL, 3, 'Zhotovil som 3 modely zo sád prefabrikovaných dielov.', 3),
(680, NULL, 4, 'Zostrojil som jednoduchý model jedného z uvedeného (nie zo stavebnice): <ul><li>jednoduchý klzák s doletom 10 m</li><li>auto s vlastným pohonom (napr. gumený pohon, para…)</li><li>loď s vlastným pohonom (napr. gumený pohon, para…)</li></ul>', 3),
(681, NULL, 5, 'Zhotovil som jednoduchý model tábora (napr. z papiera, dreva, špajlí) pozostávajúci z brány, niekoľkých stanov, kuchyne, stožiara a táborového oznamovateľa. Všetky stavby som zhotovil v rovnakej, vopred dohodnutej mierke.', 3),
(682, NULL, 6, 'Zorganizoval som pracovnú družinovku, na ktorej som členov svojho oddielu naučil zhotoviť pomocou papiera a dreva jednoduchý klzák s doletom aspoň 10 m.', 3),
(683, NULL, 1, 'Svoju zbierku modelov zo stavebníc prefabrikovaných dielov som rozšíril o 5 nových kusov. Minimálne 3 z nich svojou náročnosťou podstatne presahujú moju doterajšiu zbierku.', 3),
(684, NULL, 2, 'Zostrojil som jedno z uvedeného (nie zo stavebnice): <ul><li>klzák s doletom 20 m</li><li>auto s vlastným pohonom s možnosťou nastaviť smer jazdy</li><li>loď s vlastným pohonom a nastaviteľným kormidlom.</li><li>', 3),
(685, NULL, 3, 'So skúsenejším modelárom som prekonzultoval možné problémy a ich riešenia, použitie materiálov, vhodnú mierku, mieru detailu atď. a vypracoval som podrobný náčrt, podľa ktorého som model zhotovil.</li></ul>', 3),
(686, NULL, 4, 'Zorganizoval som pracovnú oddielovku, na ktorej som členov svojho oddielu naučil zhotoviť pomocou papiera a dreva jednoduchý model, ktorého konštrukciu som sám navrhol.', 3),
(687, NULL, 5, 'K svojmu modelu pôvodnej konštrukcie som narysoval jeho plán v mierke 1:1 a vypracoval textový návod na zostrojenie. Túto dokumentáciu som zverejnil v oddielovom časopise alebo na internete.', 3),
(688, NULL, 6, 'So svojím modelom som sa zúčastnil výstavy, súťaže alebo som ho inak predviedol na verejnosti.', 3),
(689, NULL, 7, 'Splnil som jedno z nasledovného: <ul><li>zorganizoval som oddielovú súťaž v zhotovovaní modelov a pôsobil som na nej ako poradca a rozhodca,</li><li>usporiadal som modelárske popoludnie, na ktoré som pozval skúseného modelára z okolia.</li></ul>', 3),
(690, NULL, 1, 'Dokážem bez problémov používať: <ul><li>.kompas,</li><li>buzolu,</li><li>mapu,</li><li>turistickú GPS navigáciu,</li><li>navigačnú aplikáciu v smartfóne.</li><li>Poznám ich časti a mapové značky. Každú z nich som použil aspoň raz na výprave alebo inej aktivite.</li></ul>', 3),
(691, NULL, 2, 'Naučil som kamaráta alebo iného skauta zorientovať mapu s kompasom na rôznych miestach. Vysvetlil som mu, prečo je to dôležité.', 3),
(692, NULL, 3, 'Aspoň na troch výpravách som zastával funkciu navigátora, dbal som na správny smer a o postupe som priebežne informoval ostatných. Naštudoval som si mapu terénu výpravy – poznal som vybranú trasu, možné skratky alebo obchádzky, rizikové a zaujímavé miesta.', 3),
(693, NULL, 4, 'Viem, na akom princípe funguje kompas a vyrobil som si vlastný – napr. z korku, ihly, vody. Porovnal som jeho presnosť s kompasom z obchodu a s kompasom v smartfóne.', 3),
(694, NULL, 5, 'Zmapoval som vybraný úsek o rozlohe 5 x 5 km. Zakreslil som dôležité body, cesty, rieky, pásmo lesa a reliéf krajiny.', 3),
(695, NULL, 6, 'Viem, ako postupovať pri dehydratácii, podchladení, celkovej únave a panickej reakcii pri zablúdení.', 3),
(696, NULL, 7, 'Poznám skautské značky; viem, ako sa používajú. Pripravil som aspoň jednu aktivitu pre družinu, kde som ich využil.', 3),
(697, NULL, 1, 'Zúčastnil som sa aspoň dvoch orientačných behov.', 3),
(698, NULL, 2, 'Pre družinu či oddiel som zorganizoval aspoň jeden bod z nasledujúcich: <ul><li>náročnejšiu aktivitu na orientáciu, trvajúcu aspoň 3 hodiny;</li><li>tri kratšie orientačné aktivity v rôznorodom teréne – mesto, les, lúky, vidiek…;', 3),
(699, NULL, 3, 'výzvu Výsadok aspoň pre dvoch jednotlivcov alebo dvojice;</li><li>orientačný beh s dĺžkou aspoň 4 km.</li></ul>', 3),
(700, NULL, 4, 'Vyskúšal som aspoň 5 aplikácii pre smartfón, ktoré slúžia na orientáciu. Ku každej som zistil 3 plusy a 3 mínusy a najlepšiu som odporučil členom oddielu.', 3),
(701, NULL, 5, 'Poznám alternatívne spôsoby orientácie, napr. podľa nočnej oblohy, Slnka, prírodných úkazov, umiestnenia budov. Viem, ktoré z nich sú spoľahlivé a ktoré nie. Aspoň jeden spôsob som vedecky overil v štýle „Mythbusters“.', 3),
(702, NULL, 6, 'Zmapoval som vybraný úsek o rozlohe 8 x 8 km. Zakreslil som dôležité body, cesty, rieky, pásmo lesa a reliéf krajiny.', 3),
(703, NULL, 7, 'Viem, ako postupovať v prípade zablúdenia v prírode, orientácie v nepriaznivom počasí. Vysvetlil som to kamarátovi alebo inému skautovi.', 3),
(704, NULL, 8, 'Prečítal som si jednu knihu o orientácii, kartografii. Poznám rôzne typy máp a ich použitie (turistická mapa, automapa, historická mapa).', 3),
(705, NULL, 1, 'Z dreva som vyrobil vlastnú lyžicu na jedenie, za ktorú by sa nehanbil ani Majster Pavol z Levoče. Vysvetlil som družine, ktoré druhy dreva sú vhodné na takúto prácu.', 3),
(706, NULL, 2, 'Pre oddiel som vyrobil pomôcku: triedenie rôznych druhov dreva (tvrdé a mäkké), ich vlastnosti a na ktoré druhy výrobkov sa hodia a používajú.', 3),
(707, NULL, 3, 'Naučil som nováčika, ako správne rúbať a píliť drevo.', 3),
(708, NULL, 4, 'Vysvetlil som družine, z ktorých častí sa skladá kmeň stromu (kôra, lyko, drevo atď.) a povedal som im, ako sú u jednotlivých druhov drevín hrubé a na čo sa používajú.', 3),
(709, NULL, 5, 'Vyskúšal som si rôzne techniky spracovania dreva: lepenie, farbenie, morenie a, samozrejme, lakovanie. Takto vyrobenými výrobkami som doplnil vybavenie družiny alebo vyzdobil klubovňu.', 3),
(710, NULL, 6, 'Zúčastnil som sa stavania viazanej táborovej stavby. Nie vešiaka na bielizeň, ale skôr niečoho väčšieho, prinajmenšom 2 m vysokého alebo širokého.', 3),
(711, NULL, 7, 'Opravil som rozkývanú stoličku, na ktorej sa už v klubovni nedalo sedieť.', 3),
(712, NULL, 1, 'Zhotovil som drevenú hračku (loďku, zvieratko, vozík, skladačku), ktorá sa hýbe.', 3),
(713, NULL, 2, 'Podľa vlastného návrhu som vytvoril drevený predmet, ktorý si vyžaduje náročnejšie spracovanie, ako napr. dlabanie, čapovanie… (kus nábytku, chodúle).', 3),
(714, NULL, 3, 'Vytvoril som návrh a spolupracoval som na vytvorení družinového totemu.', 3),
(715, NULL, 4, 'Pred táborom som nabrúsil pílu, nôž a sekeru. Pracoval som s rôznym náradím drevára, stolára či rezbára (hobľovačka, cirkulár, vŕtačka, vypilovačka).', 3),
(716, NULL, 5, 'So súhlasom vodcu a pod dozorom skúsenejšieho táborníka som zoťal strom široký aspoň 35 cm (suchý).', 3),
(717, NULL, 6, 'Riadil som stavbu nejakej viazanej táborovej stavby (most, veža, viazaná posteľ).', 3),
(718, NULL, 7, 'Organizoval som prípravu a opracovanie suchých žrdí na stavbu típí.', 3),
(719, NULL, 8, 'Lakoval som drevo aspoň tromi rôznymi lakmi (nitrocelulózový, akrylátový…) a vysvetlil som rozdiely medzi nimi.', 3),
(720, NULL, 9, 'Postavil som drevenú stoličku, ktorá sa vyrovná takým návrhárom ako Armani, Versace a Gucci.', 3),
(721, NULL, 1, 'Dokážem si prišiť gombík, nášivku a zašiť dieru.', 3),
(722, NULL, 2, 'Pre družinu som vymyslel 3 alternatívy tvorby družinových insígnií (vyšívanie šatky, batikovanie trička,…) a jednu som spolu s družinou aj uskutočnil.', 3),
(723, NULL, 3, 'Ušil som si vrecúško (peračník, kapsu, peňaženku, obal,…), na ktoré som prišil aj zips.', 3),
(724, NULL, 4, 'Vytvorím z drôtu 5 rozličných predmetov, ktoré som potom daroval.', 3),
(725, NULL, 5, 'Pre družinu som urobil kreatívnu aktivitu, na ktorej som členov družiny naučil aspoň 5 rozličných metód kreslenia na papier (tuš a zmizík, fúkanie farieb,…).', 3),
(726, NULL, 6, 'Spravil som si výlet do prírody, kde som nazbieral rôzne prírodniny a vytvoril z nich ikebanu.', 3),
(727, NULL, 7, 'Vyšil som skautskú ľaliu na látku s rozmermi minimálne 30 x 30 cm.', 3),
(728, NULL, 8, 'Naučil som sa techniku pletenia náramkov priateľstva a jeden som daroval priateľovi.', 3),
(729, NULL, 1, 'Viem štrikovať alebo háčkovať. Vyrobil som jednu z nasledovných vecí: šál, čiapka, ponožky, vrecko na mobil.', 3),
(730, NULL, 2, 'S družinou som pripravil pre oddiel/zbor čajovňu, pričom sme na ňu vyrobili aspoň 5 vecí (vankúšiky na sedenie, svietniky, výzdobu…).', 3),
(731, NULL, 3, 'Z vhodného dreva som vyzeral jednoduchý predmet, ktorý sa dá používať alebo slúži na dekoráciu.', 3),
(732, NULL, 4, 'Na Vianoce/Veľkú noc som zhotovil aspoň 5 rôznych dekoratívnych predmetov do klubovne (netradičný stromček, vyzdobené vajíčka,…). K jednotlivým predmetom som pripravil návody a dal som ich každému radcovi v oddiele.', 3),
(733, NULL, 5, 'Naučil som sa postup, ako sa  vyrába sviečka a mydlo.', 3),
(734, NULL, 6, 'Viem vyšívať aspoň štyrmi spôsobmi.', 3),
(735, NULL, 7, 'Zhotovil som si osnovu na tkanie a utkal na nej náramok alebo tašku.', 3),
(736, NULL, 8, 'Z vŕbového dreva a starých voskoviek som si zhotovil pastelku.', 3),
(737, NULL, 1, 'Uverejnil som recenziu na smartfón, ktorý vlastním.', 3),
(738, NULL, 2, 'Niekomu z okolia som pomohol pri výbere smartfónu.', 3),
(739, NULL, 3, 'Družine som predstavil 5 aplikácií užitočných v skautskom živote.', 3),
(740, NULL, 4, 'Poznám 5 operačných systémov a ich stručnú históriu.', 3),
(741, NULL, 5, 'Viem, čo je/viem použiť HD, full HD, NFC, OIS, bezdrôtové nabíjanie, wifi hotspot, QR kód, LTE.', 3),
(742, NULL, 6, 'Poznám tri stránky venujúce sa smartfónom a dve fóra.', 3),
(743, NULL, 7, 'Viem sa o svoj smartfón postarať a udržiavať ho (softvérovo aj hardvérovo).', 3),
(744, NULL, 8, 'Absolvoval som úspešne 15-dňový pôst bez smartfónu (nie mobilu).', 3),
(745, NULL, 9, 'Poznám komunikačné aplikácie originálne pre smartfón.', 3),
(746, NULL, 10, 'Poznám a vyskúšal som aplikácie so skautskou tematikou, ako napríklad viazanie uzlov, určovanie hviezd na oblohe alebo aplikácia prvej pomoci.', 3),
(747, NULL, 1, 'Poznám rozdiel medzi low-end, mid-end a high-end smartfónmi (parametre…).', 3),
(748, NULL, 2, 'Družine som predstavil 5 netradičných aplikácií, o ktorých nevedeli.', 3),
(749, NULL, 3, 'Poznám rozdiel medzi LCD a AMOLED displejom.', 3),
(750, NULL, 4, 'Poznám 3 internetové úložiská a viem ich používať aj na mobile.', 3),
(751, NULL, 5, 'Odnavigoval som družinu pomocou GPS aplikácie na dohodnuté miesto.', 3),
(752, NULL, 6, 'Pomocou smartfónu som naplánoval družinový alebo oddielový výlet (mapy, dopravné spojenia, počasie, zaujímavosti, apod.).', 3),
(753, NULL, 7, 'Našiel som a používam vhodnú aplikáciu na družinovú komunikáciu, namiesto telefonovania a esemesiek.', 3),
(754, NULL, 8, 'Viem, čo je launcher, lockscreen, widget a päť som odskúšal.', 3),
(755, NULL, 9, 'Použil som aplikáciu na štúdium.', 3),
(756, NULL, 10, 'Viem si resetnúť smartfón do originálnych nastavení.', 3),
(757, NULL, 11, 'Poznám súborový systém svojho smartfónu, teda viem, kde má uložené aplikácie, fotky, videá a hudbu (okrem iOS).', 3),
(758, NULL, 1, 'Poznám rôzne typy sociálnych sietí, blogov, vlogov a fór. Viem, ako vytvoriť kvalitný profil a dokážem si nastaviť nastavenia súkromia vo svojom profile. Na svojom profile zdieľam len príspevky, ktoré spĺňajú skautské hodnoty.', 3),
(759, NULL, 2, 'Mám vytvorený aktívny profil aspoň na piatich celosvetových sociálnych sieťach (Facebook, Twitter, Instagram, YouTube, Google+,…) a viem, aké sú medzi nimi rozdiely. Bližšie som sa oboznámil s históriou aspoň jednej z nich.', 3),
(760, NULL, 3, 'Spoločne s rodičom alebo radcom si dohodnem, koľko času si vyhradím na sociálne siete počas dňa. Tieto pravidlá sa snažím dodržiavať a po mesiaci štatisticky vyhodnotím ich plnenie.', 3),
(761, NULL, 4, 'Ukázal som staršiemu človekovi (babke, dedkovi) svoj profil na sociálnej sieti. Vysvetlil som im, na čo slúžia a porozprával som sa s nimi, ako oni komunikovali v mladosti.', 3),
(762, NULL, 5, 'Vytvorím si vlastný mail s reprezentatívnym menom (nie ivanqo3838, killerboss, …) a mám aktívny profil v systéme Tee-pee, kde mám vyplnené všetky svoje údaje.', 3),
(763, NULL, 6, 'Prečítal som si príbeh o zneužití sociálnych sieti (šikana, ublíženie človeku). Spoločne s družinou sme si pozreli info videá o prevencii na internete (napr. ovce.sk).', 3),
(764, NULL, 7, 'Pre družinu alebo oddiel som vytvoril a aspoň 3 mesiace spravoval vlastnú skupinu alebo fanpage. V pravidelných, minimálne týždňových intervaloch som pridával kvalitné príspevky.', 3),
(765, NULL, 1, 'Viem, ako funguje reklama na sociálnych sieťach a aký má dosah. Viem, prečo sa mi zobrazuje reklama, ktorú práve potrebujem vidieť. Sám som vyskúšal využitie reklamy na sociálnych sieťach.', 3),
(766, NULL, 2, 'Zistím, čo všetko sociálne siete zaznamenávajú (poloha, aktivity,…) a vytvorím o tom infoplagát do klubovne alebo zaujímavú prezentáciu.', 3),
(767, NULL, 3, 'Vytvoril som si vlastný blog alebo vlog, na ktorom som uverejnil minimálne 5 článkov alebo videí. Jeden článok alebo video som venoval kyberšikane a bezpečnosti na internete.', 3),
(768, NULL, 4, 'Viem, ako funguje systém hashtagov. Vymyslel som si vlastný a používal ho vhodne pod mojimi príspevkami.', 3),
(769, NULL, 5, 'Zoznámim družinu s pravidlami tvorby hesiel a vysvetlím, prečo nie je dobré používať rovnaké heslo pre rôzne stránky. Skúsim si password manager a popíšem družine výhody a nevýhody jeho používania.', 3),
(770, NULL, 6, 'Spravoval som dohodnuté obdobie ako administrátor niektorú z nižších organizačných zložiek v systéme Tee-Pee. Pravidelne som dopĺňal údaje členov a pomohol s registráciou.', 3),
(771, NULL, 7, 'Pol roka som spravoval vybraný skautský fanpage a minimálne raz za týždeň som na neho pridal kvalitný príspevok. Moje príspevky mali dobrú odozvu a celkovo som zvýšil záujem o fanpage o dohodnuté percento.', 3),
(772, NULL, 1, 'Prezentoval som pred oddielom druhy lán, ich častí a materiálu, pravidlá používania, navíjania, skladovania a údržby.', 3),
(773, NULL, 2, 'Spravil som aspoň 5-krát jednoduché ukončenie lana a aspoň 20-krát jednoduché námornícke ukončenie lana.', 3),
(774, NULL, 3, 'Demonštroval som a viem použiť nasledovné uzly: 6 skautských uzlov, líščia slučka, konstriktorový uzol, tesárska slučka, dvojitá lodná slučka, uzol priateľstva a lešeňové oko.', 3),
(775, NULL, 4, 'Naučil som skautov viazať a používať nasledovné krížové väzby: jednoduchá, diagonálna, vidlicová a osmičková krížová väzba.', 3),
(776, NULL, 5, 'Vytvoril som zo špajlí makety aspoň dvoch väčších viazaných stavieb.', 3),
(777, NULL, 6, 'Viedol som prácu na aspoň dvoch jednoduchých viazaných stavbách.', 3),
(778, NULL, 7, 'Aktívne som sa zúčastnil na stavbe aspoň dvoch väčších viazaných stavieb.', 3),
(779, NULL, 1, 'Prezentoval som pred oddielom rôzne druhy lán, orientujem sa v ich nosnosti a viem vypočítať približné bezpečné zaťaženie.', 3),
(780, NULL, 2, 'Naučil som skautov používať aj lešeňovú, prehadzovanú, stupňovitú a zmotanú krížovú väzbu.', 3),
(781, NULL, 3, 'Vytvoril som atraktívnu uzlovú tabuľu prezentujúcu min. 20 užitočných uzlov, 5 krížových väzieb, niekoľko druhov spletania, vrkočov a tureckých uzlov a nainštaloval som ju v klubovni alebo na inom dohodnutom mieste.', 3),
(782, NULL, 4, 'Urobil som aspoň 2 veci z nasledovných: <ul><li>kravatový prstenec,</li><li>pletená šnúra na píšťalku,</li><li>ozdobenie lodného zvona,</li><li>pletené ucho,</li><li>rohož,</li><li>volejbalová sieť,</li><li>hojdacia sieť.</li></ul>', 3),
(783, NULL, 5, 'Urobil som prirodzené, kolové a hranolové ukotvenie, viem, ktoré sa hodí pri akej stavbe a pôde.', 3),
(784, NULL, 6, 'Poznám rôzne druhy kladiek, viem kladku upevniť na pevný bod a upevniť lano na kladku. Vysvetlím skautom princíp kladkostroja.', 3),
(785, NULL, 7, 'Viedol som prácu na aspoň 3 väčších viazaných stavbách vrátane vyhotovenia nákresu a/alebo makety, prípravy materiálu, rozdelenia úloh a dohliadania na bezpečnosť stavby. Aspoň jedna z týchto stavieb bola mnou samým aj navrhnutá.', 3),
(786, NULL, 1, 'Vytvoril som rozsiahlu zbierku vybraných predmetov, ktorú som systematicky a vkusne usporiadal.', 3),
(787, NULL, 2, 'Zhotovil som si katalóg predmetov vo svojej zbierke, pomocou ktorého viem zoradiť predmety podľa mena, pôvodu, hodnoty a pod.', 3),
(788, NULL, 3, 'So svojou zbierkou som sa zúčastnil výstavy alebo burzy.', 3),
(789, NULL, 4, 'Prečítal som knihy a časopisy, ktoré súvisia s mojím zberateľským odborom.', 3),
(790, NULL, 5, 'Predstavil som svoju zbierku pred družinou alebo oddielom.', 3),
(791, NULL, 1, 'Dva mesiace som dvakrát do týždňa behával 3 km.', 3),
(792, NULL, 2, 'Za dva mesiace tréningu som sa výrazne zlepšil v skoku do diaľky.', 3),
(793, NULL, 3, 'Na športovej akcii som naučil členov oddielu atletickú abecedu.', 3),
(794, NULL, 4, 'Pre zlepšenie svojich výkonov som dvakrát do týždňa cvičil a posilňoval som ruky, brucho, nohy (odporúčané cviky: kľuky, skracovačky, drepy).', 3),
(795, NULL, 5, 'Do atletického denníka som si zapisoval svoje výkony a zlepšenia. Po každom výkone som si tiež odmeral a zapísal tep srdca, pozoroval som zmeny vo výkone srdca.', 3),
(796, NULL, 6, 'V TV som sledoval aspoň jedno svetové atletické podujatie. Do časopisu som urobil reportáž o aktuálnych víťazoch a ich výkonoch v disciplíne, ktorá ma zaujíma.', 3),
(797, NULL, 1, 'V lese som si našiel náročnejšiu bežeckú trať aj s výstupmi a prevýšeniami. Tri mesiace som na tejto trati behával 1-krát do týždňa 30 minút v kuse.', 3),
(798, NULL, 2, 'Tri mesiace som (okrem 1. bodu) raz do týždňa behával 30 minút fartlekovým behom (striedanie šprintu a poklusu, napr. po 200 m).', 3),
(799, NULL, 3, 'Zameral som sa na jednu atletickú disciplínu, v ktorej som tri mesiace sledoval svoje zlepšenia.', 3),
(800, NULL, 4, 'Zorganizoval som oddielové preteky na 80 m (aj s rozbehmi, semifinále a finále). Zobral som si na starosť aj meranie časov a vyhodnotenie výsledkov v rôznych kategóriách (muži, ženy, mladší a starší, družiny…).', 3),
(801, NULL, 5, 'Na „slepej mape“ ľudského tela som popísal základné svalstvo (ruky, nohy, chrbát, brucho a zadok). Pomenovanie svalov ovládam aj v latinčine.', 3),
(802, NULL, 6, 'Preskúmal som život, športovú kariéru a výkony jedného vybraného atléta. V profilovom článku o tomto športovcovi som sa snažil zamyslieť aj nad tým, čím ma tento športovec môže motivovať, byť pre mňa vzorom.', 3),
(803, NULL, 7, 'Ak to bolo možné, zúčastnil som sa jedného orientačného behu.', 3),
(804, NULL, 1, 'Počas 3 mesiacov som aspoň 6-krát hral basketbal a dodržiaval pri hre pravidlá fair-play.', 3),
(805, NULL, 2, 'Dokážem: <ul><li>driblovať loptou pravou aj ľavou rukou v behu,</li><li>spraviť správny dvojtakt na kôš mojou silnejšou rukou,</li><li>presne prihrať na krátku aj väčšiu vzdialenosť od zeme aj vzduchom,</li><li>správne odcloniť protihráča a doskočiť loptu.</li></ul>', 3),
(806, NULL, 3, 'Zostavil som si vlastný tréningový hodinový plán, počas ktorého sa správne rozcvičím, spravím kondičné cviky a precvičím si všetky potrebné basketbalové zručnosti a techniky. Aplikoval som ho počas jedného mesiaca.', 3),
(807, NULL, 4, 'Poznám základné herné pozície (rozohrávač, krídlo, pivot) a vyskúšal som si hrať na aspoň dvoch z nich počas zápasu.', 3),
(808, NULL, 5, 'Našiel som na internete alebo v inom zdroji pravidlá basketbalu – hracia doba, prestávky, držanie lopty, dribling, technické chyby, fauly a tresty. Počas aspoň jedného zápasu som sa snažil tieto pravidlá spoločne s tímom dodržiavať.', 3),
(809, NULL, 6, 'Navštívil som s rodičmi alebo súrodencami basketbalový ligový zápas a vysvetlil som im jednotlivé pravidlá a techniky, ktoré sa objavili počas zápasu.', 3),
(810, NULL, 7, 'Vyskúšal som si rôzne štýly hrania – jedna na jedna, traja na troch na jeden kôš, plná zostava na celé ihrisko, streetbalový zápas.', 3),
(811, NULL, 1, 'Počas 4 mesiacov som aspoň 12-krát hral basketbal a dodržiaval pri hre pravidlá fair-play.', 3),
(812, NULL, 2, 'Dokážem: <ul><li>driblovať dvoma loptami súčasne v behu aj pri cúvaní,</li><li>spraviť správny dvojtakt na svojou slabšou rukou,</li><li>správne vystreliť z výskoku,</li><li>spraviť rýchly cross-over poza chrbát alebo popod nohu,</li><li>spraviť backdoor uvoľnenie a okamžite zakončiť dvojtaktom.</li></ul>', 3),
(813, NULL, 3, 'Predviedol som družine správnu techniku hodu na kôš. Každý člen si vyskúšal hádzať na kôš touto technikou a poskytol mu rady ako sa zlepšiť.', 3),
(814, NULL, 4, 'Dokážem zaujať správny basketbalový obranný postoj a hrať obranné štýly – jedna na jedna, zónová obrana, pressing na celé ihrisko. V obrannom postoji dokážem prejsť celé ihrisko po dĺžke tam a späť.', 3),
(815, NULL, 5, 'Dokážem jedno z nasledujúcich. Trafiť kôš za sebou: <ul><li>3-krát z trojbodového oblúka,</li><li>5-krát z trestnej čiary,</li><li>8-krát z podkoša strelou cez hlavu,</li><li>10-krát z dvojtaktu.</li></ul>', 3),
(816, NULL, 6, 'Zúčastnil som sa streetbalového zápasu ako hráč. Na zápase sme vytvorili správnu atmosféru – kvalitná hudba na pozadí, rôzne súťaže, pokriky apod.', 3),
(817, NULL, 7, 'Dokážem poskytnúť prvú pomoc v týchto prípadoch: <ul><li>vyvrtnutý členok,</li><li>narazené prsty a palec,</li><li>krvácanie z nosa.</li></ul>', 3),
(818, NULL, 1, 'Počas 3 mesiacov som aspoň 6-krát hral bedminton a dodržiaval pri hre pravidlá fair-play.', 3),
(819, NULL, 2, 'Vysvetlil som družine základné pravidlá bedmintonu (sieť, čiary, bodovanie…).', 3),
(820, NULL, 3, 'Nováčika som naučil, ako správne podávať.', 3),
(821, NULL, 4, 'Viem vysvetliť nasledovné pojmy: eso, backhand, forehand, drive, lob, net shot, smeč a aspoň tri techniky som použil pri hre.', 3),
(822, NULL, 5, 'Viem, aké typy košíkov sa používajú, čo znamenajú jednotlivé farebné prúžky a kedy sa ktorá farba používa.', 3),
(823, NULL, 6, 'Zahral som si duel s radcom alebo iným členom družiny.', 3),
(824, NULL, 7, 'Pred každým zápasom som sa dôkladne rozcvičil a vytvoril som si vlastnú zostavu strečingových cvikov.', 3),
(825, NULL, 8, 'Dokázal som si s kamarátom bez prestávky 5 minút odrážať košík bez pádu na zem.', 3),
(826, NULL, 1, 'Počas 4 mesiacov som aspoň 12-krát hral bedminton a dodržiaval pri hre pravidlá fair-play.', 3),
(827, NULL, 2, 'Zorganizoval som družinový alebo oddielový turnaj v hale a zúčastnil som sa jedného ďalšieho turnaja.', 3),
(828, NULL, 3, 'Naštudoval som si históriu bedmintonu (míľniky, osobnosti, technologický pokrok, rekordy) a odprezentoval som ju družine.', 3),
(829, NULL, 4, 'Dokážem natiahnuť sieť, pripraviť hraciu plochu a vytvoriť improvizované ihrisko.', 3),
(830, NULL, 5, 'Vysvetlil som družine pravidlá štvorhry. Dokázal som v štvorhre bez prestávky 5 minút odrážať košík bez pádu na zem.', 3),
(831, NULL, 6, 'Viem smečovať, hrať pri sieti a podávať na zadnú čiaru.', 3),
(832, NULL, 7, 'Pozrel som si aspoň 2 záznamy olympijských zápasov a viem, ktorí hráči sú aktuálne v TOP 10 svetového rebríčka.', 3),
(833, NULL, 1, 'Prešiel som za jeden deň aspoň 50 km na bicykli.', 3),
(834, NULL, 2, 'Zorganizoval som družinový celodenný bicyklový výlet alebo bicyklové rely.', 3),
(835, NULL, 3, 'Dokázal som, že poznám pravidlá cestnej premávky pre cyklistov (spravil som kvíz, prezentáciu a pod.).', 3),
(836, NULL, 4, 'Nastavil som si sám brzdy a prehadzovače, opravil defekt a urobil iné drobné opravy.', 3),
(837, NULL, 5, 'Predviedol som poskytovanie prvej pomoci pri zranení cyklistu v premávke, viem čo je treba robiť pri dopravnej nehode.', 3),
(838, NULL, 6, 'Najazdil som na bicykli aspoň 500 km.', 3),
(839, NULL, 1, 'Prešiel som za deň aspoň 50 km po horách alebo aspoň 80 km po asfaltovej ceste.', 3),
(840, NULL, 2, 'Rozmontoval som bicykel, všetko som vyčistil, opäť namazal, poskladal a nastavil, vycentroval som si kolesá.', 3),
(841, NULL, 3, 'Zorganizoval som viacdňovú cyklistickú expedíciu. Naplánoval som trasu, vopred pripravil dĺžky denných etáp podľa terénu, počasia a veku účastníkov, určil som prevýšenia a oddychové miesta. Počas výpravy som ostatným radil a pomáhal.', 3),
(842, NULL, 4, 'Splnil som jeden bod z nasledovných:', 3),
(843, NULL, 5, 'Poradil som niekomu pri kúpe bicykla.', 3),
(844, NULL, 6, 'Urobil som porovnanie cien a kvality častí cyklistickej výbavy od rôznych výrobcov a značiek.', 3),
(845, NULL, 7, 'Uverejnil som do skautského časopisu článok o bicykloch.', 3),
(846, NULL, 8, 'Spravil som si vlastnú cyklomapu okolia s obľúbenými trasami.', 3),
(847, NULL, 9, 'Najazdil som aspoň 1000 km.', 3),
(848, NULL, 1, 'Počas 3 mesiacov som aspoň 6-krát hral florbal a dodržiaval pri hre pravidlá fair-play.', 3),
(849, NULL, 2, 'Viem popísať časti florbalky (čepeľ, shaft, omotávka), poradil som kamarátovi pri výbere florbalky (správna dĺžka, zahnutie čepele, tvrdosť florbalky, tvrdosť čepele…).', 3),
(850, NULL, 3, 'Poznám pravidlá florbalu a družine som vysvetlil, aké sú podstatné rozdiely medzi florbalom, hokejbalom, inline-hokejom a hokejom.', 3),
(851, NULL, 4, 'Bol som ako divák na profesionálnom florbalovom zápase.', 3),
(852, NULL, 5, 'Poznám výhody a nevýhody rôznych herných systémov (2-2-1, 2-1-2, 1-3-1, presilovka, oslabovka).', 3),
(853, NULL, 6, 'Viem narábať s florbalkou: spracovanie prihrávky, prihrávka po zemi, prihrávka cez prekážku(súperovu florbalku), strela ťahom, strela príklepom).', 3),
(854, NULL, 7, 'Aspoň raz do týždňa som si cvičil niektorú zručnosť (šprint s loptičkou, streľba na presnosť, prihravky o stenu…), zapisoval som si výsledky a sledoval som vlastný progres.', 3),
(855, NULL, 8, 'Viem, ako sa pred každým tréningom a zápasom správne rozcvičiť, aby som predchádzal zraneniam (rozcvička, strečing po cvičení, bežecká abeceda…) a nezanedbával som to.', 3),
(856, NULL, 1, 'Počas 4 mesiacov som aspoň 12-krát hral florbal a dodržiaval pri hre pravidlá fair-play.', 3),
(857, NULL, 2, 'S florbalkou dokážem pokročilé techniky (žonglovanie, granlundovka, strela s príklepom backhandom).', 3),
(858, NULL, 3, 'Z trojmetrovej vzdialenosti sa mi aspoň trikrát za sebou podarilo trafiť brvno.', 3),
(859, NULL, 4, 'Viem si vymeniť čepeľ na hokejke, ohnúť podľa vlastných potrieb a vymeniť grip.', 3),
(860, NULL, 5, 'Pripravil som 2-3 hodinový tréningový plán, ktorý obsahuje jednotlivé cvičenia na rozvoj techniky, tréning herných situácií, tvorbu taktiky…', 3),
(861, NULL, 6, 'Zorganizoval som pre oddiel alebo zbor florbalový turnaj a vyskúšal som si rolu rozhodcu.', 3),
(862, NULL, 7, 'Dokážem poskytnúť prvú pomoc v týchto prípadoch: <ul><li>vyvrtnutý členok,</li><li>krvná podliatina po náraze,</li><li>natiahnutý sval,</li><li>úraz kolena.</li></ul>', 3),
(863, NULL, 1, 'Počas 3 mesiacov som aspoň 6-krát hral futbal a dodržiaval pri hre pravidlá fair-play.', 3),
(864, NULL, 2, 'Poznám základné pravidlá futbalu, viem čo v zápase znamená: žltá a červená karta, rozhodcovská lopta, priamy kop, nepriamy kop, pokutový kop a ofsaid.', 3),
(865, NULL, 3, 'Poznám futbalové herné systémy, viem, čo má za úlohu obranca, záložník, stopér, útočník a brankár, a viem povedať herný systém tímu, s ktorým zvyčajne hrám.', 3),
(866, NULL, 4, 'Dokážem žonglovať s loptou aspoň 10 krát za sebou.', 3),
(867, NULL, 5, 'Zúčastnil som sa futbalového aj futsalového turnaja.', 3),
(868, NULL, 6, 'Pomocou plagátu, kvízu alebo prezentácie som družine predstavil svoj obľúbený futbalový klub. Ukázal som tiež, čím je charakteristická hra môjho obľúbeného hráča či hráčky.', 3),
(869, NULL, 7, 'Zúčastnil som sa ako divák aspoň dvoch profesionálnych futbalových zápasov.', 3),
(870, NULL, 1, 'Počas 4 mesiacov som aspoň 12-krát hral futbal a dodržiaval pri hre pravidlá fair-play.', 3),
(871, NULL, 2, 'Počas plnenia som sa aspoň raz týždenne zlepšoval v jednej z týchto oblastí: kondícia, technika práce s loptou, silový tréning.', 3),
(872, NULL, 3, 'Dokážem žonglovať s loptou striedavo na oboch nohách a dokážem spracovať prihrávku po výške.', 3),
(873, NULL, 4, 'Aspoň 3-krát za sebou som z hranice pokutového územia trafil hornú žrď brány.', 3),
(874, NULL, 5, 'Zorganizoval som futbalový turnaj pre oddiel alebo zbor a aspoň v dvoch zápasoch som robil rozhodcu.', 3),
(875, NULL, 6, 'Viedol som rozcvičku pred futbalovým tréningom alebo zápasom.', 3),
(876, NULL, 7, 'Dokážem poskytnúť prvú pomoc v týchto prípadoch: vyvrtnutý členok, zlomenina, vyrazený dych, kŕč, otras mozgu.', 3),
(877, NULL, 1, 'Počas 3 mesiacov som aspoň 6-krát hral hokej a dodržiaval pri hre pravidlá fair-play.', 3),
(878, NULL, 2, 'Dokážem: <ul><li>korčuľovať dopredu aj dozadu, bezpečne zabrzdiť a zmeniť smer jazdy,</li><li>streliť puk do brány švihom aj príklepom,</li><li>viesť puk hokejkou pri korčuľovaní dopredu aj dozadu,</li><li>prihrať spoluhráčovi puk presne na hokejku a pritom sa nepozerať na puk.</li></ul>', 3),
(879, NULL, 3, 'Pre družinu som pomohol zorganizovať návštevu ligového zápasu v mojom okolí. Spoločne sme pripravili aspoň jeden transparent alebo tímového maskota.', 3),
(880, NULL, 4, 'Viem, ako sa rozcvičiť pred hokejovým zápasom a takúto rozcvičku som predviedol na skautskej akcii.', 3),
(881, NULL, 5, 'Sledoval som 3 mesiace výsledky aspoň jednej hokejovej ligy.', 3),
(882, NULL, 6, 'Poznám, aké existujú fauly a tresty za ne a predvediem ich družine znázornením (nie vykonanim).', 3),
(883, NULL, 7, 'Viem identifikovať všetky súčasti hokejového výstroja, vrátane brankárskeho.', 3),
(884, NULL, 1, 'Počas 4 mesiacov som aspoň 12-krát hral hokej a dodržiaval pri hre pravidlá fair-play.', 3),
(885, NULL, 2, 'Dokážem: <ul><li>prihrať puk presne na hokejku spoluhráčovi, ktorý je v pohybe,</li><li>streliť puk do brány švihom aj príklepom tak, aby doletel do brány vzduchom,</li><li>aktívne brániť iného hráča, pritlačiť ho na mantinel.</li></ul>', 3),
(886, NULL, 3, 'Pre družinu som zorganizoval hokejový tréning, kde sme spoločne vykonali aspoň 3 cvičenia na korčuľovanie, prihrávku a streľbu.', 3),
(887, NULL, 4, 'Viem znázorniť všetky rozhodcovské gestá a viem, čo znamenajú.', 3),
(888, NULL, 5, 'Poznám štruktúru IIHF, pravidlá majstrovstiev sveta v hokeji a aspoň ďalších dvoch známych hokejových súťaží (KHL, NHL…).', 3),
(889, NULL, 6, 'Mám vlastný hokejový výstroj a poradil som pri výbere hokejky alebo výstroja aspoň dvom ľuďom.', 3),
(890, NULL, 7, 'Dokážem poskytnúť prvú pomoc v týchto prípadoch: <ul><li>natiahnutý sval,</li><li>otras mozgu,</li><li>vykĺbenie</li><li>ramena,</li><li>krvácanie z nosa.</li></ul>', 3),
(891, NULL, 1, 'Ovládam zásady správania sa pri koňoch, v stajni, na jazdiarni a vysvetlil som ich začínajúcemu jazdcovi/kamarátovi.', 3),
(892, NULL, 2, 'Vždy po príchode do stajne som skontroloval koňovi box a ak treba, vyčistil som mu ho. Minimálne 3-krát som sám vyčistil celý box.', 3),
(893, NULL, 3, 'Viem, z čoho sa skladá výstroj jazdca a koňa a ako sa oň správne starať.', 3),
(894, NULL, 4, 'Predviedol som aspoň 4 základné voltížne cviky (náskok, základný sed, váha, malý mlyn, stoj, strih, zoskok zánožkou).', 3),
(895, NULL, 5, 'Pripravil som samostatne minimálne 3-krát koňa na jazdu a postaral som sa oňho po jazde (čistenie, sedlanie, uzdenie…).', 3),
(896, NULL, 6, 'Ovládam základy jazdenia (samostatne zvládnuť krok, klus) a predviedol som ich pred rodičmi alebo priateľmi. Mám svoje jazdecké zručnosti aj zachytené na fotografii.', 3),
(897, NULL, 7, 'Ako divák som sa zúčastnil ľubovoľných konských pretekov.', 3),
(898, NULL, 8, 'Viem, kde je v stajni lekárnička a čo sa v nej nachádza, poznám číslo záchrannej služby, trénera, majiteľa koňa. Viem ošetriť drobné poranenia (odreniny) ľuďom aj koňom.', 3),
(899, NULL, 9, 'Odprezentoval som družine jazdecké disciplíny uznávané medzinárodnou jazdeckou federáciou zaujímavou formou (hra, plagát, fotoprezentácia…).', 3),
(900, NULL, 1, 'Viem, čo je lonžovanie, sám ho ovládam a aspoň 5-krát som si ho skúsil.', 3),
(901, NULL, 2, 'Poznám zásady kŕmenia koní počas rôznych ročných období, aspoň 3-krát som sa kŕmenia aktívne zúčastnil.', 3),
(902, NULL, 3, 'Počas 6 mesiacov som absolvoval pravidelné tréningy (2-krát do týždňa) pod vedením skúseného jazdca/trénera.', 3),
(903, NULL, 4, 'Pred trénerom som predviedol jazdeckú úlohu SZVJ.', 3),
(904, NULL, 5, 'Počas 6 mesiacov som sa zlepšil v ľubovoľnej jazdeckej disciplíne  podľa dohody s trénerom (predviedol som s koňom nový drezúrny cvik, zvládol som vyššie prekážky…).', 3),
(905, NULL, 6, 'Zúčastnil som sa aspoň 3 ľubovoľných konských pretekov počas jednej sezóny ako divák alebo podkoniar. Z toho na jedny preteky som vzal aj moju družinu a všetko dôležité som im vysvetlil.', 3),
(906, NULL, 7, 'Počas 3 mesiacov som absolvoval minimálne 3 vychádzky do terénu.', 3),
(907, NULL, 8, 'Viem zafixovať zlomeninu ruky, kľúčnej kosti, nohy a ošetriť komplikovanejšie úrazy, ktoré sa môžu stať pri práci s koňmi (pomliaždenina, uhryznutie,…).', 3),
(908, NULL, 9, 'Poznám príznaky koliky u koní, zvýšenú teplotu, hnilobu kopýt, poranenie šľachy/kĺbu a ak som mal možnosť, prizeral som sa veterinárnemu vyšetreniu.', 3),
(909, NULL, 10, 'Zaujímavou formou som vysvetlil družine, ako kone fungujú v ich prirodzenom prostredí (stáde) a čo to znamená pre človeka (prirodzená komunikácia).', 3),
(910, NULL, 1, 'Poznám a ovládam základy korčuľovania – udržanie sa vpred na dvoch nohách, na jednej nohe, odrazom striedavonož, prekladanie doprava a doľava.', 3),
(911, NULL, 2, 'Dokážem zabrzdiť vo väčšej rýchlosti bez pádu alebo zakolísania.', 3),
(912, NULL, 3, 'Prešiel som na korčuliach bez zastavenia 300 metrov s prekladaním vľavo a vpravo.', 3),
(913, NULL, 4, 'Vytvoril som zbierku 6 aktivít na korčuliach.', 3),
(914, NULL, 5, 'V priebehu jednej sezóny  som sa bol aspoň 5-krát korčuľovať.', 3),
(915, NULL, 6, 'Urobil som zoznam verejných klzísk a ľadových plôch s otváracími hodinami a cenou za vstup / vhodných ciest na korčuľovanie v širšom okolí s ich bližším popisom a vyvesil som ho v klubovni alebo na inom viditeľnom mieste.', 3),
(916, NULL, 7, 'Poznám a dodržujem bezpečnostné zásady na verejných klziskách a ľadových plochách/na korčuliarskych dráhach a v meste.', 3),
(917, NULL, 8, 'Sledoval som minimálne 1 hokejový zápas alebo súťaž v korčuľovaní .', 3),
(918, NULL, 9, 'Ovládam prvú pomoc pri nasledovných zraneniach: <ul><li>omrzliny a odreniny</li><li>rezné rany</li><li>zlomenina</li><li>ruky alebo nohy</li><li>úraz hlavy a bezvedomie</li></ul>', 3),
(919, NULL, 1, 'Poznám náročnejšie spôsoby korčuľovania – udržanie sa vzad na dvoch nohách, odrazom striedavonož, prekladanie doprava a doľava.', 3),
(920, NULL, 2, 'Prešiel som na korčuliach 100 metrov v šprintovom tempe s elegantným zabrzdením.', 3),
(921, NULL, 3, 'Poznám rôzne typy korčúľ a ich rozdiely, viem si vybrať tie správne a poradiť pri výbere začiatočníkovi.', 3),
(922, NULL, 4, 'Viem pripraviť korčule pred sezónou a postarať sa o ich uskladnenie po ukončení sezóny.', 3),
(923, NULL, 5, 'Naučil som korčuľovať jedného nekorčuliara.', 3),
(924, NULL, 6, 'Družinu som naučil min. 3 hry na korčuliach.', 3),
(925, NULL, 7, 'V priebehu jednej sezóny  som sa bol min. 10-krát korčuľovať , z toho aspoň raz na prírodnom ľade (v závislosti od poveternostných podmienok)/z toho aspoň raz v skateparku (podľa miestnych možností).', 3),
(926, NULL, 8, 'Zorganizoval som družinovú akciu na korčuliach.', 3),
(927, NULL, 9, 'Poznám históriu korčuľovania, známych korčuliarov a odprezentoval som nadobudnuté informácie družine zaujímavou formou (kvíz, plagát…).', 3),
(928, NULL, 10, 'Zúčastnil som sa ako divák aspoň 1 hokejového zápasu alebo súťaže v korčuľovaní a ak som mal možnosť, zúčastnil som sa ako pozorovateľ na ich tréningu.', 3),
(929, NULL, 1, 'Svojej družine som ukázal a vysvetlil na čo sa používa HMSka, kýblik, prusík, šlinga, lezečky, sedací postroj, magnézium, lano, helma, hrudný úväz.', 3),
(930, NULL, 2, 'Nacvičil som si viazanie týchto uzlov: dvojitý osmičkový uzol, lodný uzol, polovičný lodný uzol, prusíkov uzol, líščí uzol. Viem vysvetliť ich použitie.', 3),
(931, NULL, 3, 'Spolu so skúseným lezcom som na výprave ukázal družine na mnou vybranej stene (obtiažnosť min. 4 alebo 4+) základné pravidlá lezenia ako druholezec.', 3),
(932, NULL, 4, 'Poznám časti sedacieho postroja a viem ho správne používať.', 3),
(933, NULL, 5, 'Viem bezpečne istiť druholezca za pomoci kýblika.', 3),
(934, NULL, 6, 'Viem zlaňovať zo skaly použitím kýblika poisteného prusíkovým uzlom zospodu.', 3),
(935, NULL, 7, 'Viem sa po dolezení ku kruhu, ako druholezec, previazať, zrušiť celý štand, zlaniť sa dolu a stiahnuť lano.', 3),
(936, NULL, 8, 'Zmapoval som možnosti lezenia vo svojom okolí. Absolvoval som minimálne 5 rôznych ciest ako druholezec, z toho aspoň 3 na skale.', 3),
(937, NULL, 1, 'Svojej družine som ukázal a vysvetlil na čo sa používa expreska, hrudný úväz, poloautomatické istítka (grigri, smart a pod.) a rozdiely medzi statickým a dynamickým lanom.', 3),
(938, NULL, 2, 'Viem sa uviazať do postroja ako prvolezec a tiež si viem správne naviazať hrudný úväz.', 3),
(939, NULL, 3, 'Viem bezpečne istiť prvolezca (podávam lano, doberám keď treba, mám očný kontakt).', 3),
(940, NULL, 4, 'Viem liezť ako prvolezec, poznám nebezpečenstvá expresiek a viem ich bezpečne zakladať.', 3),
(941, NULL, 5, 'Poznám, ako funguje rozklad síl na štande. Viem vytvoriť bezpečný a šetrný štand a použiť ho na istenie druholezca.', 3),
(942, NULL, 6, 'Vysvetlil som družine prečo je pri vytváraní štandu na istenie dôležité používať vlastný materiál. Pri lezení sa podľa toho aj riadim.', 3),
(943, NULL, 7, 'Spolu so skúseným lezcom som na výprave ukázal družine na mnou vybranej stene (obtiažnosť min. 6 alebo 6+) základné pravidlá lezenia ako prvolezec. Ukázal som aj, ako istím druholezca za pomoci poloautomatickeho istítka alebo kýblika.', 3),
(944, NULL, 8, 'Viem sa vyprusíkovať/vyžumarovať po lane a zase sa bezpečne zlaniť.', 3),
(945, NULL, 9, 'Preštudoval som niekoľko titulov odbornej literatúry k tejto odborke, z toho aspoň jednu o bezpečnosti lezenia (napr.: Pit Schubert: Bezpečnosť a riziko na skale). Svoje poznatky som prezentoval, napr. článkom v oddielovom alebo zborovom časopise, na družinovke alebo oddielovke a pod.', 3),
(946, NULL, 1, 'Poznám históriu lukostreľby  od staroveku až po modernú dobu.', 3),
(947, NULL, 2, 'Poznám typy lukov, viem ich pomenovať a popísať.', 3),
(948, NULL, 3, 'Viem vymenovať a popísať výstroj lukostrelca.', 3),
(949, NULL, 4, 'Poznám bezpečnostné zásady pri streľbe a dodržiavam ich.', 3),
(950, NULL, 5, 'Poznám a viem popísať základné strelecké disciplíny (terčová, poľná, 3D).', 3),
(951, NULL, 6, 'Vysvetlil som svojej družine, čo je lukostreľba, a ukázal som im základný postoj pri streľbe z luku.', 3),
(952, NULL, 7, 'Zo vzdialenosti 15m  som v 10 sadách po 3 šípy nazbieral minimálne 140 bodov (veľkosť lukostreleckého terča 80cm).', 3);
INSERT INTO `tasks` (`id`, `name`, `order`, `task`, `position_id`) VALUES
(953, NULL, 1, 'Vysvetlil som svojej družine, čo je lukostreľba, aké sú typy lukov, výstroj, bezpečnostné zásady a strelecké disciplíny.', 3),
(954, NULL, 2, 'Poznám základné druhy šípov.', 3),
(955, NULL, 3, 'Zorganizoval som  pre družinu alebo oddiel workshop, kde som ich naučil základný strelecký postoj, narábanie s lukom a trénoval som s nimi streľbu.', 3),
(956, NULL, 4, 'Vo vzdialenosti 25 m som v 10 sadách po 3 šípy nazbieral minimálne 180 bodov (veľkosť lukostreleckého terča 80cm).', 3),
(957, NULL, 5, 'Zúčastnil som sa aspoň jednej streleckej súťaže.', 3),
(958, NULL, 6, 'Vyrobil som vlastný luk a šípy.', 3),
(959, NULL, 7, 'Pripravil som aspoň jedného člena svojho oddielu na získanie zeleného stupňa.', 3),
(960, NULL, 1, 'Správne som predviedol a popísal základný lyžiarsky postoj (držanie trupu, rúk, uhol v kolenách a bokoch) a správne prenášanie lyží a palíc.', 3),
(961, NULL, 2, 'Predviedol som oblúk v pluhu, v pluhu dokážem kedykoľvek zastaviť.', 3),
(962, NULL, 3, 'Držal som stopu najďalej 5 m za skúseným lyžiarom, ktorý vyberal cestu.', 3),
(963, NULL, 4, '5 bránok z paličiek rozmiestnených po svahu som dokázal podliezť bez pádu.', 3),
(964, NULL, 5, '20 m som zjazdil týmto spôsobom: aspoň trikrát som si sadol dozadu na lyže a postavil som sa.', 3),
(965, NULL, 6, 'Správne som nastavil silu a rozpätie viazania.', 3),
(966, NULL, 7, 'Poznám hlavné zásady carvingového štýlu lyžovania, ak je to možné, nechal som si ich vysvetliť skúseným lyžiarom.', 3),
(967, NULL, 8, 'Prešiel som bez pádu 400 m a  viem zabrzdiť bokom.', 3),
(968, NULL, 1, 'Inému lyžiarovi som detailne popísal lyžiarsku carvingovú techniku (postoj, prenášanie váhy, práca nôh, práca hornej časti tela, šírka stopy, predozadný pohyb…).', 3),
(969, NULL, 2, 'Zjazdil som svah dlhým, stredným a krátkym oblúkom (každý zvlášť). V krátkych oblúkoch dokážem udržať rytmus a rýchlosť.', 3),
(970, NULL, 3, 'Aspoň 50 m som zajazdil pravidelnými krátkymi oblúkmi s držaním palíc za hlavou (obe palice na ramenách).', 3),
(971, NULL, 4, 'Aspoň 100 m som zjazdil krátkym oblúkom s držaním palíc pod kolenami (obe palice spolu, vo vodorovnej polohe, v oblúku kolien).', 3),
(972, NULL, 5, 'Vyskúšal som jazdu v hlbokom snehu, oblúk na jednej lyži, zjazdil som svah mimo zjazdovky.', 3),
(973, NULL, 6, 'Zorganizoval som lyžiarske preteky pre oddiel a dal im základnú lyžiarsku rozcvičku. Niekoho z oddielu som učil základy lyžovania (pomáhal a vysvetľoval). Urobil som s ním aspoň štyri výukové cviky (napr. body 3, 4, 5 zel. stupeň).', 3),
(974, NULL, 7, 'Zalial som poškodenú alebo vytrhnutú skĺznicu, viem pripraviť a uskladniť lyže mimo sezóny, nabrúsiť hrany a navoskovať lyže.', 3),
(975, NULL, 8, 'Poradil som niekomu pri kúpe lyží. Vysvetlil som mu druhy zloženia a štruktúry (napr. druh jadra, rádius) a z toho sa odvíjajúce vlastnosti zjazdovej lyže vhodné pre jeho typ lyžovania.', 3),
(976, NULL, 9, 'Vyskúšal som si základy jazdy na bežkách.', 3),
(977, NULL, 1, 'Ľubovoľným spôsobom som zaplával 100 m.', 3),
(978, NULL, 2, 'Ovládam aspoň dva štýly plávania (kraul, prsia, znak, motýlik) a každým z nich som zaplával 25 metrov.', 3),
(979, NULL, 3, 'Zaplával som 15 m pod hladinou.', 3),
(980, NULL, 4, 'S predmetom v ruke som preplával 25 m tak, že som ho nenamočil.', 3),
(981, NULL, 5, 'Naučil som družinu dve vodné hry alebo pohybové aktivity.', 3),
(982, NULL, 6, 'S kamarátom predstavujúcim topiaceho sa som uplával aspoň 15 m. Predviedol som zásady prvej pomoci topiacemu.', 3),
(983, NULL, 1, 'Kraulom, prsiami a znakom som zaplával 100 m, motýlikom som zaplával 50m .', 3),
(984, NULL, 2, 'Vydržal som súvislo plávať 12 min. alebo 400 m bez časového limitu (mohol som meniť plavecké štýly).', 3),
(985, NULL, 3, 'Vydržal som šliapať vodu 2 minúty s rukami nad vodou.', 3),
(986, NULL, 4, 'Oblečený som preplával 25 m.', 3),
(987, NULL, 5, 'Správne som skočil štartový skok (šípku) a aspoň jedného člena oddielu som ho naučil.', 3),
(988, NULL, 6, 'Usporiadal som oddielové plavecké preteky s rôznymi disciplínami.', 3),
(989, NULL, 7, 'Naučil som ostatných techniku zachraňovania topiaceho sa.', 3),
(990, NULL, 1, 'Naučím svoj oddiel základné princípy správnej rozcvičky a vysvetlím im, prečo je dôležitá. Vediem aspoň 4 rozcvičky na tábore alebo akcii.', 3),
(991, NULL, 2, 'Aktívne sa venujem silovému športu aspoň tri mesiace.', 3),
(992, NULL, 3, 'Zadefinujem si, akému športu sa venujem (powerlifting, kalistenika, bodybuilding, crossfit…) a napíšem si svoje ciele, kde sa chcem o tri mesiace vidieť. Ak je to možné, poradím sa s odborníkom, ako sa k mojim cieľom dopracovať.', 3),
(993, NULL, 4, 'Kalistenika (cvičenie s vlastnou váhou) <ul><li>Urobím naraz 10 zhybov (dievčatá 5).</li><li>Urobím naraz 15 klikov na bradlách alebo 40 klikov na zemi (dievčatá 7/20).</li><li>Za 5 minút urobím aspoň 150 drepov.</li></ul>', 3),
(994, NULL, 5, 'Po porade so skúsenejším športovcom som si rozdelil tréning celého tela na viacero tréningových jednotiek a takto som cvičil aspoň 3 mesiace.', 3),
(995, NULL, 6, 'Aspoň tri mesiace čítam články, pozerám videá alebo počúvam podcasty od aspoň dvoch odborníkov v mojom športe (aspoň 2 za týždeň).', 3),
(996, NULL, 7, 'Oboznámil som sa s pojmom pretrénovanie a viem, ako mu predchádzať. V rámci regenerácie som vykonal aspoň jedno z nasledovného: navštívil som maséra, kryokomoru alebo saunu.', 3),
(997, NULL, 1, 'Aktívne sa aspoň pol roka venujem silovému športu.', 3),
(998, NULL, 2, 'Spíšem si svoje ciele, kde sa chcem o pol roka vidieť a na základe toho si vypracujem adekvátny tréningový plán.', 3),
(999, NULL, 3, 'Kalistenika (cvičenie s vlastnou váhou) – v prípade splnenia výzvy Trident je táto časť splnená. <ul><li>Urobím naraz 20 zhybov (dievčatá 8).</li><li>Urobím naraz 25 klikov na bradlách alebo 60 klikov na zemi (dievčatá 10/30).</li><li>Za 5 minút urobím aspoň 200 drepov.</li></ul>', 3),
(1000, NULL, 4, 'Cvičenie s pridanou záťažou. <ul><li>Na lavičke vytlačím 100% vlastnej váhy (dievčatá 60%).</li><li>Urobím drep so 125% vlastnej váhy (dievčatá 80%).</li><li>Mŕtvym ťahom zdvihnem 150% vlastnej váhy (dievčatá 100%).</li></ul>', 3),
(1001, NULL, 5, 'Viem, ktoré doplnkové cviky používať na jednotlivé svalové skupiny ľudského tela (ruky, hruď, chrbát, ramená, nohy) a viem ukázať polohy, v ktorých sú jednotlivé svaly v natiahnutej a v stiahnutej pozícii.', 3),
(1002, NULL, 6, 'Aktívne sledujem aspoň 5 skúsených športovcov v mojom športe a spísal som si, v čom každý z nich vyniká, a čo môžu ich videá naučiť ostatných. Nebojím sa môj zoznam predložiť nádejnému športovcovi v oddiele.', 3),
(1003, NULL, 7, 'Vezmem si ako tútor iného skauta alebo kamaráta, ktorý je začiatočník v mojom športe a aspoň tri mesiace osobne dohliadam na jeho tréning.', 3),
(1004, NULL, 8, 'Vyskúšal som si použitie bandáží, opasku, trhačiek a magnézia. Poznám ponuku výživových doplnkov na trhu.', 3),
(1005, NULL, 1, 'Svojej družine som predstavil základnú skialpinistickú výstroj a vysvetlil jej význam: skialpové lyžiarky, skialpové viazanie, skialpové lyže, stúpacie pásy, polohovacie palice, lavínová sonda, lavínová lopatka, lavínový vyhľadávač, plus ak máš, tak mačky, cepín, stúpacie železá, ABS batoh.', 3),
(1006, NULL, 2, 'Viem sa správne zbaliť na skialpinistickú túru, poznám oblečenie vhodné na šliapanie a na lyžovanie.', 3),
(1007, NULL, 3, 'Naučil som sa správne starať o lyže, viem ich navoskovať, nabrúsiť hrany, nastaviť viazanie na lyžiarku. Po túre/výšľape si viem uložiť a očistiť výstroj (vysušiť lyžiarky, pásy…) tak, aby mi vydržala čo najdlhšie.', 3),
(1008, NULL, 4, 'Na zimnom výlete som ukázal družine pohyb do kopca a otáčanie v svahu pri stúpaní na skialpových lyžiach.', 3),
(1009, NULL, 5, 'Viem si správne zbaliť a očistiť stúpacie pásy tak, aby som si ich mohol ešte dvakrát nasadiť na lyže počas túry. (Inak povedané, aby lepidlo na pásoch lepilo, aj keď si ich dám dolu z lyží).', 3),
(1010, NULL, 6, 'Ovládam základné techniky lyžovania v neupravenom teréne. Poznám, ako sa lyžuje v ťažkom (mokrom) snehu a v suchom (prašan).', 3),
(1011, NULL, 7, 'Poznám stupnicu lavínového nebezpečenstva, viem, aké sklony svahov sú bezpečné pri danom stupni, a pred túrou sa informujem o aktuálnej lavínovej situácii.', 3),
(1012, NULL, 8, 'Viem určiť sklon svahu pomocou lyžiarskych paličiek.', 3),
(1013, NULL, 9, 'Pri zjazde dolu dodržiavam bezpečné odstupy a mám na hlave prilbu.', 3),
(1014, NULL, 10, 'Zúčastnil som sa aspoň troch skialpinistických výletov.', 3),
(1015, NULL, 1, 'Viem vysvetliť a nájsť útvary v teréne: hrebeň, chrbát, rebro, žľab, kuloár, lavínový kotol, mulda, prevej, vankúš, klin, splaz, exponovaný terén, náveterná a záveterná strana, hranica lesa.', 3),
(1016, NULL, 2, 'Ovládam základne vedomosti o lavínach. Viem vysvetliť rozdelenie lavín: podľa tvaru odtrhu, sklznej plochy, formy pohybu, vlhkosti snehu, tvaru dráhy.', 3),
(1017, NULL, 3, 'Poznám faktory, ktoré zväčšujú a zmenšujú lavínové nebezpečenstvo: počasie, terén, účastníci.', 3),
(1018, NULL, 4, 'Viem a ovládam metódy na plánovanie túr: Rozšírená Munterova schéma 3×3 a Redukčná Munterova metóda.', 3),
(1019, NULL, 5, 'Naplánoval a uskutočnil som kompletne skialpinistickú túru a zobral som do úvahy lavínové správy, predpoveď počasia, možné zmeny počasia, lavínovú mapu, trasu, miesta na bezpečný návrat, prevýšenie, veľkosť skupiny, kondícia účastníkov, materiál.', 3),
(1020, NULL, 6, 'Viem lokálne zhodnotiť podmienky a podľa nich sa rozhodnúť, či pokračovať v túre, alebo nie. Do úvahy beriem: zrážky, vietor, teplotu, oblačnosť, typ snehu, množstvo nového snehu.', 3),
(1021, NULL, 7, 'Poznám metódu STOP & GO a riadim sa ňou.', 3),
(1022, NULL, 8, 'Družine som ukázal základné metódy zisťovania snehových podmienok: Kompresný test, Nórska sonda (nepovinné: Sklzný blok).', 3),
(1023, NULL, 9, 'Vyznám sa v typoch snehu, viem ich navzájom odlíšiť a poznám ktoré snehové vrstvy zvyšujú lavínové nebezpečenstvo.', 3),
(1024, NULL, 10, 'Družine som ukázal a predviedol ako funguje lavínový vyhľadávač.', 3),
(1025, NULL, 11, 'Viem, čo robiť po páde lavíny: sledovanie, telefonát, označenie bodov, lokalizácia, dohľadanie, vykopanie, prvá pomoc a správanie sa na lavíništi.', 3),
(1026, NULL, 12, 'Prakticky som si vyskúšal a našiel zahrabaný lavínový vyhľadávač v snehu, kde som využil aj sondu a lopatku.', 3),
(1027, NULL, 13, 'Viem poskytnúť lavínovú prvú pomoc: podchladenie, dusenie, šok, zranená chrbtica.', 3),
(1028, NULL, 14, 'Na výlete som ukázal, ako funguje kolmicová a špirálová dohľadávacia metóda.', 3),
(1029, NULL, 15, 'S lavínovou sondou viem rozlíšiť kameň, drevo, zem, ľad, lyžiarku, telo a kosodrevinu.', 3),
(1030, NULL, 16, 'Viem postaviť núdzové sane za pomoci lavínovej lopatky, lyží a uzlovačky.', 3),
(1031, NULL, 17, 'Trénoval som si brzdenie pádu s cepínom.', 3),
(1032, NULL, 18, 'Absolvoval som aspoň 6 skialpinistických výletov, kde som lyžoval na neupravenom snehu.', 3),
(1033, NULL, 1, 'Počas 3 mesiacov som aspoň 6-krát hral stolný tenis a dodržiaval pri hre pravidlá fair-play.', 3),
(1034, NULL, 2, 'Ovládam základné stolnotenisové údery: podanie, backhand, forehand a pink.', 3),
(1035, NULL, 3, 'S priateľmi z družiny som si vyskúšal dvojhru a štvorhru. Poznám rozdiel v ich pravidlách.', 3),
(1036, NULL, 4, 'Podarilo sa mi 100-krát vertikálne odbiť loptičku raketou.', 3),
(1037, NULL, 5, 'Dokážem rozložiť stolnotenisový stôl, namontovať a napnúť sieťku.', 3),
(1038, NULL, 6, 'S družinou som si zahral hru Kolotoč, alebo súťaž s netradičnými disciplínami, pri ktorej je využité stolnotenisové vybavenie (najdlhší odpal loptičky, presnosť triafania, použitie lopárika miesto rakety,…). Vyskúšali sme si ceruzkový úchop rakety.', 3),
(1039, NULL, 7, 'O svoju raketu sa pravidelne starám, viem ako ju správne vyčistiť a bezpečne odložiť, aby sa mi neopotrebovala. Viem, ako správne držať raketu.', 3),
(1040, NULL, 8, 'Pozriem si aspoň dva zápasy svetových hráčov a všímam si techniku ich hry (Timo Boll, Fan Zhendong, Ján Riapoš, Petr Korbel, Ma Lin…).', 3),
(1041, NULL, 1, 'Počas 4 mesiacov som aspoň 12-krát hral stolný tenis a dodržiaval pri hre pravidlá fair-play.', 3),
(1042, NULL, 2, 'Ovládam stolnotenisové údery smeč, čop a topspin. Dokážem striedať forehand a backhand.', 3),
(1043, NULL, 3, 'Podarilo sa mi 100-krát vertikálne odbiť loptičku raketou tak, že pri každom odbití som striedal forehand a backhand.', 3),
(1044, NULL, 4, 'Poradil som pri kúpe rakety a poznám rozdiel medzi poťahmi a drevom rakety, viem rozlíšiť útočné a obranné drevá (def-all-off) a viem, aké základné vlastnosti majú poťahy (kontrola, spin, rýchlosť…). Poznám najznámejších výrobcov stolnotenisového vybavenia.', 3),
(1045, NULL, 5, 'Zorganizoval som oddielový alebo zborový turnaj v stolnom tenise a zúčastnil som sa aspoň jedného ďalšieho stolnotenisového turnaja.', 3),
(1046, NULL, 6, 'Začiatočníkovi som vysvetlil pravidlá stolného tenisu (počítanie bodov, servis, výška sieťky, veľkosť loptičky…) a odohral s ním niekoľko zápasov.', 3),
(1047, NULL, 7, 'Naučil som sa správne rozcvičiť pred zápasom a dať si kompenzačné cvičenia po ňom, aby som nezaťažoval len jednu ruku. Viem ošetriť preťaženie a zranenie zápästia, lakťa a pleca.', 3),
(1048, NULL, 1, 'Tri mesiace som sa aspoň dvakrát za týždeň aktívne venoval nejakej športovej aktivite.', 3),
(1049, NULL, 2, 'Usporiadal som oddielové preteky (turnaj, zápas…) v mojom obľúbenom športe.', 3),
(1050, NULL, 3, 'Pripravoval a viedol som ranné rozcvičky na celom tábore.', 3),
(1051, NULL, 4, 'Pre oddiel som pripravil zaujímavú prekážkovú trať a sám som im predviedol, ako ju zdolať.', 3),
(1052, NULL, 5, 'Zorganizoval som, aby sme si s družinou zahrali aspoň tri rôzne športové hry. Dopredu som si naštudoval pravidlá, aby som ich vedel ostatným vysvetliť.', 3),
(1053, NULL, 6, 'Naučil som oddiel jeden nový netradičný šport.', 3),
(1054, NULL, 1, 'Šesť mesiacov som sa aspoň trikrát do týždňa venoval vybranej športovej aktivite.', 3),
(1055, NULL, 2, 'Počas troch mesiacov som si zaznamenával svoje zlepšenia aspoň v 4 športových výkonoch (napr. kľuky, zhyby, ľah-sed, skok a pod.).', 3),
(1056, NULL, 3, 'Pre oddiel som pripravil veľký športový kvíz.', 3),
(1057, NULL, 4, 'Na tábore som viedol športový program (táborová posilňovňa, olympiáda, turnaje…).', 3),
(1058, NULL, 5, 'V spolupráci s iným oddielom som zorganizoval športovú súťaž.', 3),
(1059, NULL, 1, 'Pripravil som si zoznam 10 najdôležitejších vecí, ktoré by som mal vždy mať so sebou na letnú a zimnú turistiku. Predstavil som ho družine, spoločne sme ho doplnili a veci z tohto zoznamu nosím na všetky výpravy.', 3),
(1060, NULL, 2, 'Viem, ako sa zbaliť na jedno- ale aj viacdennú výpravu a za to, ako vyzerá môj batoh, sa nemusí hanbiť žiaden skaut. Viem si pripraviť svoje topánky pred výpravou a viem sa o ne postarať aj po výprave.', 3),
(1061, NULL, 3, 'Poznám základné materiály (vlna, bavlna, polyester) svojho turistického oblečenia, viem, aké má výhody a nevýhody. Pripravil som pre družinu ukážku oblečenia do všetkých štyroch ročných období s variantom dobrého a zlého počasia.', 3),
(1062, NULL, 4, 'Na svojich turistických výpravách som prešiel 200 km a z toho aspoň 20 km v jeden deň. Viem, ako sa fyzicky pripraviť na turistiku a mám svoj vlastný cvičebný plán.', 3),
(1063, NULL, 5, 'Splnil som jeden bod z nasledovných: <ul><li>Vystúpil som na vrch vyšší než 2000 m n. m.</li><li>Vystúpil som na dva vrchy vyššie než 1500 m n. m.</li><li>Vystúpil som na najvyššie vrchy troch pohorí.</li></ul>', 3),
(1064, NULL, 6, 'Naplánoval som trasu 3-dňovej aspoň 40 km výpravy, ktorú som aj uskutočnil. Vopred som určil prevýšenia, oddychové miesta, zdroje vody a z mapy som podľa vrstevníc zakreslil prierez trasy.', 3),
(1065, NULL, 7, 'Viem, ako funguje základný plynový varič, a dokázal som na ňom pripraviť na turistickej výprave pokrm aspoň pre 3 ľudí.', 3),
(1066, NULL, 8, 'Prespal som na horách v turistickej chate, útulni, v stane aj v bivaku. Viem ukázať neskautovi výhody a nevýhody týchto foriem prespávania a na čo všetko musím myslieť a nezabudnúť.', 3),
(1067, NULL, 9, 'Poznám základy odhadu počasia, vždy dodržujem bezpečnostné zásady a dokážem ošetriť základné zranenia: <ul><li>vyvrtnutý členok,</li><li>zlomená ruka/noha,</li><li>dehydratácia,</li><li>úraz hlavy,</li><li>podchladenie,</li><li>otlak a pľuzgier (viem, ako im mám predísť).</li></ul>', 3),
(1068, NULL, 10, 'Spravili sme simulovaný transport zraneného na vzdialenosť aspoň 5 km. Poznám rôzne spôsoby transportu zraneného a pred oddielom som demonštroval aspoň 3 typy funkčných nosidiel.', 3),
(1069, NULL, 1, 'Zúčastnil som sa 5-dňového putovania po horách s prespávaním v prírode. Aspoň jeden deň som celú skupinu viedol a preukázal som znalosť práce s GPS, mapou aj buzolou.', 3),
(1070, NULL, 2, 'Pripravil som celú trasu pre jednodenný 45 km pochod a tento pochod som aj uskutočnil. Dokumentoval som ho fotografiami a zápiskami, ktoré som zverejnil na oddielovej alebo zborovej stránke.', 3),
(1071, NULL, 3, 'Splnil som dva body z nasledovných: <ul><li>prešiel som po horách 400 km,</li><li>prešiel som v snehu po horách 200 km,</li><li>vystúpil som do výšky 3000 m n. m.,</li><li>bivakoval som v nadmorskej výške nad 1700 m n. m.</li></ul>', 3),
(1072, NULL, 4, 'Zúčastnil som sa aspoň na jednom celonočnom pochode. Viem, aké riziká prináša nočná turistika, a snažil som sa im predísť.', 3),
(1073, NULL, 5, 'Poznám 3 pohoria podľa vlastného výberu a dokážem v nich určiť:', 3),
(1074, NULL, 6, '<ul><li>zdroje pitnej vody a vody na umývanie;</li><li>chaty na prespanie, útulne, miesta, kde sa dá rozložiť bezpečne stan;</li><li>aspoň 3 miesta, ktoré stoja za zmienku podľa vlastného uváženia.</li></ul>', 3),
(1075, NULL, 7, 'Zúčastnil som sa aspoň jednej akcie, ktorá bola zameraná na pomoc prírode (značenie a oprava chodníkov, pratanie a zber odpadkov, zlepšenie informovanosti turistov…).', 3),
(1076, NULL, 8, 'Podnikol som aspoň 2 turistické výpravy do zahraničia, o ktorých som napísal krátky článok a zverejnil som ho na zborovej stránke.', 3),
(1077, NULL, 9, 'Vytvoril som si vlastnú triedenú zbierku fotografií a videí zo svojich turistických výprav a viem podľa nej odporučiť kvalitnú trasu.', 3),
(1078, NULL, 10, 'Naučil som nováčika, ako sa má správať v horách: <ul><li>odhadovať počasie a vzdialenosti;</li><li>správne sa zbaliť a pripraviť na jedno- a viacdenný pochod;</li><li>ako sa zachovať v búrke;</li><li>ako si pripraviť záhrab v snehu a správne postupovať v zasneženom teréne, aby šetril energiu a čas.</li></ul>', 3),
(1079, NULL, 1, 'Počas 3 mesiacov som aspoň 6-krát hral ultimate frisbee a dodržiaval pri hre fair-play.', 3),
(1080, NULL, 2, 'Ovládam backhand, forehand a hod nad hlavou (angl. overhead, hammer) a viem, v akej hernej situácii ich použiť.', 3),
(1081, NULL, 3, 'Naučil som sa 10 základných pravidiel ultimate frisbee. Viem, aké hmotnosti frisbee tanierov sa používajú, ktoré sú vhodné pre juniorov a ktoré pre seniorov.', 3),
(1082, NULL, 4, 'Absolvoval som ultimate frisbee turnaj, ktorého sa zúčastnili aspoň 4 tímy.', 3),
(1083, NULL, 5, 'S kamarátom som hodil 100 prihrávok bez pádu na zem na vzdialenosť 10 metrov.', 3),
(1084, NULL, 6, 'Dokážem poskytnúť prvú pomoc pri natiahnutom svale, vytknutom členku, narazenom prste, kŕči.', 3),
(1085, NULL, 1, 'Počas 4 mesiacov som aspoň 12-krát hral ultimate frisbee a dodržiaval pri hre fair-play.', 3),
(1086, NULL, 2, 'Naučil som 3 ľudí hádzať ukážkový forehand.', 3),
(1087, NULL, 3, 'Viem hodiť disk do vzdialenosti aspoň 50 metrov ľubovoľným spôsobom.', 3),
(1088, NULL, 4, 'Ovládam aspoň jednu útočnú a jednu obrannú stratégiu. Aspoň pri dvoch zápasoch som tieto stratégie použil.', 3),
(1089, NULL, 5, 'Vyskúšal som si hru ultimate frisbee v hale aj v exteriéri.', 3),
(1090, NULL, 6, 'Zorganizoval som oddielový či zborový turnaj, ktorého sa zúčastnili aspoň 4 tímy.', 3),
(1091, NULL, 7, 'S kamarátom som hodil 100 prihrávok bez pádu na zem na vzdialenosť 20 metrov.', 3),
(1092, NULL, 1, 'Viem, ako sa postupuje pri záchrane topiaceho sa v tečúcej rieke pomocou hádzačky. Použitie hádzačky názorne predvediem.', 3),
(1093, NULL, 2, 'Zúčastnil som sa aspoň troch splavov, z toho aspoň jedného v pozícii kormidelníka.', 3),
(1094, NULL, 3, 'V plávacej veste som preplával 100 m bez prestávky.', 3),
(1095, NULL, 4, 'Na stojatej vode dokážem jazdiť rovno aj na dlhšom úseku (aspoň 500 m).', 3),
(1096, NULL, 5, 'Poznám základné vodácke pojmy: prúdnica, vracák, valec, hať, vývarová línia…; a ukázal som ich na vode.', 3),
(1097, NULL, 6, 'Ako kormidelník viem spraviť výjazd z vracáku do prúdnice a vjazd z prúdnice do vracáku (na pravú aj na ľavú stranu).', 3),
(1098, NULL, 7, 'Poznám základné techniky pádlovania a kormidlovania lode, techniky sedenia v lodi a techniky nasadania a vysadania z lode a naučil som ich niekoho z družiny (oddielu).', 3),
(1099, NULL, 8, 'Pre družinu alebo oddiel som pripravil zoznam vecí potrebných na splav alebo pravidlá bezpečnosti, ktoré na splave treba dodržiavať.', 3),
(1100, NULL, 9, 'Viem správne udržiavať a starať sa o vodácku výstroj, vyčistiť a zbaliť loď.', 3),
(1101, NULL, 10, 'Na rieke viem určiť, kadiaľ tečie prúdnica, a určiť správnu líniu plavby.', 3),
(1102, NULL, 11, 'Poznám základné typy lodí a viem ich od seba odlíšiť: <ul><li>kanoe</li><li>raft</li><li>kajak</li><li>morský kajak</li><li>pramica</li><li>plť</li></ul>', 3),
(1103, NULL, 1, 'Zúčastnil som sa tréningu záchrany topiaceho sa na tečúcej vode a viem ako mám pri záchrane postupovať.', 3),
(1104, NULL, 2, 'Zúčastnil som sa aspoň 5 splavov*, z toho aspoň jedného viacdňového splavu s minimálne dvomi prespaniami.', 3),
(1105, NULL, 3, 'V plávacej veste dokážem preplávať z prúdnice tečúcej rieky na breh.', 3),
(1106, NULL, 4, 'Poznám základné pravidlá vnútrozemskej plavby.', 3),
(1107, NULL, 5, 'V mierne tečúcej alebo stojatej vode som si prakticky vyskúšal zvládnutie prevrátenia lode, vylezenie z kajaka, kanoe, dopravenie plavidla na breh, vyliatie vody, prenášanie lode aspoň 20 m a pokračovanie v jazde.', 3),
(1108, NULL, 6, 'Na kanoe alebo pramici viem pádlovať aspoň 20 m v stoji, aby som dokázal zistiť prúdnicu.', 3),
(1109, NULL, 7, 'Pod dohľadom skúseného vodáka som ako kormidelník splavil úsek rieky náročnosti WW II.', 3),
(1110, NULL, 8, 'Pre družinu alebo oddiel som pripravil zoznam vecí potrebných na viacdňový splav.', 3),
(1111, NULL, 9, 'Pomocou kilometráže riek som naplánoval trasu splavu a následne som ho zorganizoval**.', 3),
(1112, NULL, 1, 'Počas 3 mesiacov som aspoň 6-krát hral volejbal a dodržiaval pri hre pravidlá fair-play.', 3),
(1113, NULL, 2, 'Poznám aspoň 5 najlepších volejbalistov súčasnosti alebo z minulosti. Jedného z nich som predstavil družine.', 3),
(1114, NULL, 3, 'Poznám základnú volejbalovú terminológiu – blok, náhra, smeč, ulievka, strelka, rýchlik, pipe, meter, kobra, hrať z trojky, hrať diagonálu…).', 3),
(1115, NULL, 4, 'Viem spracovať podanie, nahrať loptu na útok a zrealizovať samotný útok.', 3),
(1116, NULL, 5, 'Viem podať aspoň dvoma druhmi podania (spodné podanie, vrchné podanie – plachtené podanie, smečované podanie, estónske podanie).', 3),
(1117, NULL, 6, 'Pripravil som najmenej 3-krát hraciu plochu a pomôcky pred hraním (postavil som sieť, pripevnil anténky, nafúkal som lopty).', 3),
(1118, NULL, 7, 'Mesiac som sledoval najvyššiu ženskú a mužskú slovenskú volejbalovú ligu.', 3),
(1119, NULL, 8, 'Dokážem poskytnúť prvú pomoc v týchto prípadoch: vyvrtnutý členok, narazené prsty, spálená koža.', 3),
(1120, NULL, 1, 'Počas 4 mesiacov som aspoň 12-krát hral volejbal a dodržiaval pri hre pravidlá fair-play.', 3),
(1121, NULL, 2, 'Poznám medzinárodné pravidla určené FIVB.', 3),
(1122, NULL, 3, 'Počas jedného mesiaca som sa venoval rozvíjaniu jednej z volejbalových pozícií (smečiar, blokár, nahrávač, univerzál, libero).', 3),
(1123, NULL, 4, 'Rozlišujem druhy útoku a viem aspoň dva z nich použiť v hre.', 3),
(1124, NULL, 5, 'Viem, aké rozmery má volejbalové ihrisko pre šestkový, štvorkový a plážový volejbal. Všetky typy hier som si vyskúšal.', 3),
(1125, NULL, 6, 'Zúčastnil som sa troch volejbalových zápasov počas 6 mesiacov ako divák.', 3),
(1126, NULL, 7, 'Zorganizoval som volejbalový turnaj pre oddiel/zbor a aspoň v dvoch zápasoch som mal rolu rozhodcu.', 3),
(1127, NULL, 1, 'Strávil som minimálne 10 dní v zahraničí.', 3),
(1128, NULL, 2, 'Na cestách po Slovensku som spoznával prírodné a kultúrne zaujímavosti. O svojich cestách som si viedol denník. Pri tom som splnil 2 body z nasledovných: Navštívil som: <ul><li>5 hradov;</li><li>5 historických miest;</li><li>3 národné parky;</li><li>2 pamiatky UNESCO.</li></ul>', 3),
(1129, NULL, 3, 'Navštívil som aspoň dve cudzie krajiny. Cestu som si zdokumentoval denníkom alebo fotografiami, kresbami a pod.', 3),
(1130, NULL, 4, 'Prečítal som aspoň 2 cestopisy alebo 2 príbehy veľkých cestovateľov a spravil som z nich pútavé zhrnutie, ktoré som následne prezentoval zaujímavou formou pred družinou (hra, kvíz, detektívka…).', 3),
(1131, NULL, 5, 'Pripravujem sa riadne na svoje cesty. Vytvoril som si vlastný cvičebný plán na 3 mesiace a dodržal som ho. Mám skontrolované všetky potrebné očkovania na cestovanie.', 3),
(1132, NULL, 6, 'Dokážem sa poistiť na doma aj do zahraničia – cestovné aj úrazové poistenie.', 3),
(1133, NULL, 7, 'Viem poskytnúť základnú prvú pomoc a vždy pri sebe nosím príručnú lekárničku. Dokážem ošetriť tieto poranenia a choroby: <ul><li>otravu jedlom a hnačku</li><li>úpal, úžeh a dehydratáciu</li><li>bolesť hlavy</li><li>uštipnutie hmyzom alebo hadom</li><li>pohryznutie psom</li></ul>', 3),
(1134, NULL, 8, 'Poznám a mám poznačené základné čísla na ministerstvo zahraničných vecí a slovenskú ambasádu v cudzom štáte.', 3),
(1135, NULL, 1, 'V každej zo 4 cudzích krajín som pobudol aspoň týždeň, pričom som splnil aspoň 3 body z nasledovných: <ul><li>navštívil som 2  historické pamiatky;</li><li>navštívil som 1 kultúrnu udalosť – miestne divadlo alebo predstavenie;</li><li>navštívil som 2  prírodné pamiatky;</li><li>navštívil som 2 chrámy miestneho náboženstva;</li><li>ochutnal som miestnu špecialitu aspoň v dvoch podnikoch.</li></ul>', 3),
(1136, NULL, 2, 'Každú z týchto krajín som prezentoval prostredníctvom článku, prednášky, výstavy alebo premietania.', 3),
(1137, NULL, 3, 'Zúčastnil som sa na cestovateľskom festivale a spravil som rozhovor do časopisu so skúseným cestovateľom.', 3),
(1138, NULL, 4, 'Poznám zásady pobytu v krajinách, ktoré sú kultúrne iné ako Slovensko. Vybral som si 5 krajín, ktoré sú výrazne odlišné, a predstavil som ich odlišnosti oddielu aj s tým, ako by sa v nich mali správať (rôzne náboženstvo, komunikácia s úradmi, cestovanie, zvyky, gestá, správanie).', 3),
(1139, NULL, 5, 'Viem, čo je couchsurfing, porozprával som sa s niekým, kto ho vyskúšal, a podľa vlastných možností som skúsil zodpovedne využiť couchsurfing aj v zahraničí.', 3),
(1140, NULL, 6, 'Aspoň na dvoch svojich cestách som sa nakontaktoval na miestnych skautov, stretol som sa a strávil som s nimi aspoň pár hodín. Priniesol som im vlastný darček zo Slovenska.', 3),
(1141, NULL, 7, 'Nadviazal som na svojich cestách kontakt z minimálne 3 ľuďmi z  inej krajiny a porozprával som sa s nimi o ich situácii, ako sa im žije a aké majú radosti a problémy.', 3),
(1142, NULL, 8, 'Priniesol som pre svoj oddiel alebo družinu cudzokrajné jedlo a pripravil som malú hostinu.', 3),
(1143, NULL, 9, 'Naučil som sa základné frázy aspoň 3 cudzích jazykov, ktoré som doteraz nepoznal (pozdravy, otázky, poďakovanie, poprosenie…).', 3),
(1144, NULL, 1, 'Prečítal som aspoň 10 kníh z beletrie, z toho aspoň 2 slovenské.', 3),
(1145, NULL, 2, 'Prečítal som knihy z týchto žánrov: literatúra faktu, cestopis, hobby.', 3),
(1146, NULL, 3, 'Spoznal som najobľúbenejšie knihy aspoň 3 svojich kamarátov.', 3),
(1147, NULL, 4, 'Píšem si čitateľský zápisník, kde si zapisujem, ktoré knihy som čítal (pár slov o obsahu knihy, o autorovi, môj názor) a ktoré si ešte len plánujem prečítať.', 3),
(1148, NULL, 5, 'Na 5 družinovkách som stručne predstavil jednu knihu a jej autora (knihy som sám čítal). Snažil som sa, aby bol výber kníh čo najrozmanitejší.', 3),
(1149, NULL, 6, 'Som zapísaný vo verejnej knižnici. Družine či kamarátovi som vysvetlil, ako funguje knižničný systém a ako nájsť knihu, ktorú hľadám.', 3),
(1150, NULL, 1, 'Počas šiestich mesiacov som prečítal aspoň 10 kníh.', 3),
(1151, NULL, 2, 'Mám vlastnú zbierku kníh, ak ma niekto požiada, viem mu niektorú zo svojich kníh odporučiť a predstaviť.', 3),
(1152, NULL, 3, 'Do nášho oddielového časopisu som napísal článok o dielach súčasnej zahraničnej i slovenskej literatúry, ktoré ma zaujali.', 3),
(1153, NULL, 4, 'Na tábore som ostatným niekoľkokrát čítal vybrané poviedky alebo príbeh na pokračovanie, alebo som pripravil aspoň tri dumky.', 3),
(1154, NULL, 5, 'Pre družinu či oddiel som vymyslel a zrealizoval hru alebo kvíz na spoznávanie spisovateľov a rôznych literárnych období a smerov.', 3),
(1155, NULL, 6, 'Prečítal som aspoň jednu zbierku básní.', 3),
(1156, NULL, 7, 'Pomohol som založiť oddielovú knižnicu (prípadne som ju obnovil), vypracoval som výpožičný systém (alebo som ho vylepšil).', 3),
(1157, NULL, 1, 'Poznám históriu filmu.', 3),
(1158, NULL, 2, 'Poznám a viem, čo znamenajú pojmy: ISO, rýchlosť uzávierky, clona, vyváženosť bielej, fps (frames per second).', 3),
(1159, NULL, 3, 'Vysvetlil som družine hore uvedené pojmy, ich výhody a nevýhody.', 3),
(1160, NULL, 4, 'Poznám nasledujúce typy záberov: Veľký celok, Celok, Polocelok, Americký plán, Polodetail, Detail, Veľký detail (www.vsmu.sk/resources/svec_gramatika_filmoveho_jazyka.pdf)', 3),
(1161, NULL, 5, 'Spolu s družinou som natočil krátke video, v ktorom som využil hore uvedené typy záberov.', 3),
(1162, NULL, 6, 'Viem zladiť prechody snímok podľa rytmu hudby. Viem odhadnúť, aký typ hudby sa hodí pre daný snímok.', 3),
(1163, NULL, 7, 'Viem, aké prechody snímok sa hodia pre rýchle akčné videá a aké pre pomalé videá.', 3),
(1164, NULL, 8, 'Viem odstrániť šum, vytiahnuť reč zo zvuku a potlačiť nechcený šum.', 3),
(1165, NULL, 9, 'Viem narábať s ľudskou rečou a s hudbou tak, aby sa navzájom nerušili.', 3),
(1166, NULL, 10, 'Uploadol som mnou vytvorené video na internetovú službu a videlo ho aspoň 50 ľudí.', 3),
(1167, NULL, 1, 'Viem skomprimovať video pre požadované služby: full hd, hd ready, VGA.', 3),
(1168, NULL, 2, 'Viem, akú moduláciu zvuku mám použiť, aby som dosiahol podvodný zvukový efekt.', 3),
(1169, NULL, 3, 'Viem využívať audiovizuálne efekty.', 3),
(1170, NULL, 4, 'Natáčal som scénu aspoň s dvoma kamerami. Pri strihaní som využil obidva zábery.', 3),
(1171, NULL, 5, 'S družinou sme natočili dva krátke filmy (5 – 10min) na dva rôzne žánre, ktoré sme následne premietli oddielu, zboru.', 3),
(1172, NULL, 6, 'Vytvoril som timelapse video z troch hodín natáčania, napríklad západu slnka, sneženia alebo horenia ohňa.', 3),
(1173, NULL, 7, 'Strihal som video na pomalú hudbu a na rýchlu hudbu.', 3),
(1174, NULL, 8, 'Viem narábať s rýchlosťou videa, viem, kedy je vhodné snímok spomaliť a opačne, kedy zrýchliť.', 3),
(1175, NULL, 9, 'Viem správne určiť dĺžku záberu tak, aby nebol zbytočne dlhý alebo veľmi krátky.', 3),
(1176, NULL, 10, 'Viem, načo sa využíva svetlo pri filme a využívam ho správne.', 3),
(1177, NULL, 11, 'Uploadol som mnou vytvorené video na internetovú službu a videlo ho aspoň 200 ľudí.', 3),
(1178, NULL, 1, 'Poznám tradičný ľudový kroj charakteristický pre dedinu alebo oblasť, v ktorej žijem, a jednotlivé časti, z ktorých pozostáva. Ak to bolo možné, vyskúšal som si ho obliecť.', 3),
(1179, NULL, 2, 'Zistil som si informácie o folklórnych tanečných a speváckych súboroch pôsobiacich v mojom okolí a na Slovensku a predstavil som ich históriu a činnosť svojej družine (SĽUK, Lúčnica…). Aspoň jedno vystúpenie som navštívil.', 3),
(1180, NULL, 3, 'Vyšil som jednoduchý ľudový vzor alebo som ho inak stvárnil – vypálil do dreva, odtlačil do kože, namaľoval na textil.', 3),
(1181, NULL, 4, 'Zaujímavou formou som predstavil družine slovenské ľudové zvyky spojené s každým ročným obdobím.', 3),
(1182, NULL, 5, 'Spolu s družinou som sa naučil zaspievať aspoň 4 slovenské a 1 zahraničnú ľudovú pieseň.', 3),
(1183, NULL, 6, 'Pozrel som si film alebo reláciu o folklóre (Zem spieva, Po horách, po dolách, Rok na dedine…).', 3),
(1184, NULL, 1, 'Navštívil som aspoň 3 folklórne festivaly na Slovensku alebo v zahraničí.', 3),
(1185, NULL, 2, 'Porozprával som sa so starými rodičmi alebo inými staršími ľuďmi o ľudových zvykoch, ktoré boli typické v ich rodisku. Ak je to možné, prezreli sme si spoločne staré fotografie, ľudové kroje a ďalšie historické predmety.', 3),
(1186, NULL, 3, 'Nakreslil som mapu Slovenska, na ktorej som vyznačil všetky významné skanzeny (Vlkolínec, Starý Klíž, Vychylovka…), rozdelil som ju podľa regiónov (Gemer, Spiš, Ponitrie..) a k niektorým z nich som zakreslil ich špecifický kroj. Aspoň 4 skanzeny som navštívil.', 3),
(1187, NULL, 4, 'Zorganizoval som pre oddiel tanečnú aktivitu, kde sme sa naučili aspoň dva ľudové tance (odzemok, karička, krúcená…).', 3),
(1188, NULL, 5, 'Vyskúšal som si niektoré z ľudových remesiel – napríklad drevorezbu, drotárstvo, tkáčstvo, kováčstvo, hrnčiarstvo.', 3),
(1189, NULL, 6, 'Na ľubovoľnom hudobnom nástroji som sa naučil zahrať jednoduchú ľudovú pieseň.', 3),
(1190, NULL, 7, 'Spravil som prieskum vedomosti o ľudových zvykoch a tradíciách vo svojom okolí a zistil som, na akej škole je možné študovať folklór.', 3),
(1191, NULL, 1, 'Družine som predstavil fungovanie môjho fotoaparátu, vysvetlil som použitie rôznych jeho funkcií (napr. krajina, portrét, šport, makro, auto, Av, Tv, M, nastavenie blesku a pod.).', 3),
(1192, NULL, 2, 'Viem si stiahnuť fotografie do počítača, vytriediť dobré snímky a pripraviť ich na tlač do minilabu.', 3),
(1193, NULL, 3, 'Aspoň 3 mesiace som dokumentoval činnosť mojej družiny (min. 100 zaujímavých fotografií). Fotografie som zoradil do prehľadného fotoarchívu.', 3),
(1194, NULL, 4, 'Fotograficky som podrobne zdokumentoval jednu väčšiu oddielovú (zborovú) akciu a svoje fotografie som vystavil v klubovni alebo prezentoval v oddielovom časopise.', 3),
(1195, NULL, 5, 'Nafotil som 5 portrétov, 5 krajiniek a 5 zátiší. Každej fotografii som priradil názov a v rámci malej výstavy v klubovni som ich predstavil družine/oddielu.', 3),
(1196, NULL, 6, 'Navštívil som aspoň jednu výstavu fotografií.', 3),
(1197, NULL, 1, 'Poznám princíp fungovania môjho fotoaparátu, dokážem sa oňho správne starať a ošetrovať optické časti fotoaparátu.', 3),
(1198, NULL, 2, 'Dokážem vysvetliť rozdiely medzi digitálnym a analógovým fotoaparátom. Poznám princíp vzniku fotografie na filme aj na digitálnom čipe. Poznám prednosti aj nedostatky oboch typov snímania.', 3),
(1199, NULL, 3, 'Celý rok som dokumentoval činnosť oddielu/zboru (aspoň 300 fotografií).', 3),
(1200, NULL, 4, 'Fotografie som zatriedil do prehľadného fotoarchívu. Dokážem urobiť základné úpravy digitálnych fotografií v niektorom z fotografických editorov. Viem, ako fotku orezať, otočiť, zväčšiť či zmenšiť, upraviť jas, sýtosť, farebnosť a pod.', 3),
(1201, NULL, 5, 'Na čiernobiely alebo farebný film som nafotil fotografický cyklus na ľubovoľnú tému.', 3),
(1202, NULL, 6, 'Nafotil som: 10 portrétov, 10 krajiniek, 10 reportážnych fotografií a 10 fotografií iného zamerania, ako napr. športová fotografia, makro, nočný snímok bez blesku, fotografická koláž a pod. Každej fotografii som priradil názov a v rámci malej výstavy v klubovni som ich predstavil oddielu.', 3),
(1203, NULL, 7, 'Aspoň 5 mojich fotografií je uverejnených v celoslovenskej skautskej tlači (časopis Skaut, Médium, knihy a tlačové materiály Slovenského skautingu).', 3),
(1204, NULL, 8, 'Poznám základy kompozície fotografie a na vybraných fotografiách som ich predstavil svojej družine.', 3),
(1205, NULL, 9, 'Moje fotografie som zverejnil na internete, buď na niektorom z fotografických portálov, alebo na vlastnej/oddielovej stránke.', 3),
(1206, NULL, 1, 'Navštívil som aspoň 2 divadelné predstavenia.', 3),
(1207, NULL, 2, 'Predniesol som pred oddielom báseň alebo úryvok prózy.', 3),
(1208, NULL, 3, 'Pripravil som a predviedol 5 scénok vhodných k táboráku, na oddielovú akciu alebo besiedku (pantomíma, vtipný alebo vážny výstup, kúzla…).', 3),
(1209, NULL, 4, 'V krátkych výstupoch som oddielu predviedol ukážky z klasických diel týchto dramatických foriem: dráma, komédia, tragédia, muzikál.', 3),
(1210, NULL, 5, 'Vysvetlil som ostatným, akú úlohu v divadle zohráva režisér, scénograf, choreograf, dramaturg, herec.', 3),
(1211, NULL, 1, 'Podľa možností svojho okolia som navštívil predstavenia všetkých divadelných foriem (balet, opera, činohra, muzikál, bábkové divadlo).', 3),
(1212, NULL, 2, 'Na náhodne vybranú tému som po krátkej príprave zimprovizoval vtipnú scénku.', 3),
(1213, NULL, 3, 'Sám alebo s ostatnými „hercami“ v oddiele sme zinscenovali jedno klasické dielo väčšieho rozsahu a zahrali ho pred verejnosťou.', 3),
(1214, NULL, 4, 'Zobral som si na starosť prípravu celovečerného divadelného programu k táboráku (výber aktérov, tvorba scénok, zoradenie scénok, účinkovanie, prípadne moderovanie večera).', 3),
(1215, NULL, 5, 'Splnil som aspoň dva body z nasledovných: <ul><li>zhotovil som divadelný kostým</li><li>zhotovil som masku</li><li>zhotovil som bábku</li><li>zhotovil som kulisy k scénke alebo predstaveniu</li><li>napísal som scenár k scénke alebo dlhšiemu útvaru.</li></ul>', 3),
(1216, NULL, 6, 'Zorganizoval som pre oddiel „divadelný workshop“ alebo vediem (na tábore alebo počas roka) „divadelný krúžok“.', 3),
(1217, NULL, 1, 'Aktívne hrám na jednom hudobnom nástroji (aspoň 6 mesiacov).', 3),
(1218, NULL, 2, 'Zúčastnil som sa aspoň štyroch koncertov rôznych hudobných žánrov (klasická hudba, džez, country, folk, rock, folklór…).', 3),
(1219, NULL, 3, 'Pred oddielom, družinou, kamarátom som zahral 3 skladby, z toho aspoň jednu spamäti.', 3),
(1220, NULL, 4, 'Na tábore (príp. inej akcii) som spolu s inými „hudobníkmi“ pripravil spoločný výstup (duet, trio…).', 3),
(1221, NULL, 5, 'Vymyslel som vlastnú skladbu alebo pieseň.', 3),
(1222, NULL, 6, 'Poznám históriu nástroja, na ktorom hrám, a žánra, ktorému sa venujem, a formou prezentácie alebo článku som ju vysvetlil družine, oddielu, kamarátom.', 3),
(1223, NULL, 1, 'Spolu s ostatnými „hudobníkmi“ sme nacvičili mini koncert na tábor alebo inú akciu.', 3),
(1224, NULL, 2, 'Naučil som iného člena oddielu zahrať jednoduchú skladbu na svojom hudobnom nástroji.', 3),
(1225, NULL, 3, 'Pre oddiel som usporiadal hudobný večierok. Zahral alebo zaspieval som tu skladby rôznych žánrov a hudobných období.', 3),
(1226, NULL, 4, 'Napísal som článok o svojom obľúbenom skladateľovi.', 3),
(1227, NULL, 5, 'Vyrobil som netradičný hudobný nástroj a predstavil som ho vo svojom oddiele.', 3),
(1228, NULL, 6, 'Mapoval som hudobné podujatia vo svojom okolí, a informoval som o nich členov svojho oddielu.', 3),
(1229, NULL, 1, 'Počas šiestich mesiacov som viedol kroniku mojej družiny alebo oddielu tak, že nechýbal zápis ani z jednej akcie (nemusím byť autorom všetkých zápisov).', 3),
(1230, NULL, 2, 'Na niekoľkých stranách som v kronike predstavil členov mojej družiny aj s fotkami, vtipnými príhodami a pod.', 3),
(1231, NULL, 3, 'Na úvodnú stranu či záložku som napísal pravidlá zapisovania do kroniky.', 3),
(1232, NULL, 4, 'Sám som ilustroval aspoň päť zápisov do kroniky alebo som k niektorým urobil fotografie.', 3),
(1233, NULL, 5, 'Zorganizoval som súťaž o najnapínavejší, najvtipnejší, najkrajšie ilustrovaný a pod. zápis do kroniky.', 3),
(1234, NULL, 6, 'Usporiadal som „spomienkovú družinovku“. Prezerali sme si staré kroniky a čítali zápisy z nich.', 3),
(1235, NULL, 1, 'Zaujímal som sa o korene a vývoj európskej kultúry (antiku, kresťanstvo). Na túto tému: <ul><li>som navštívil výstavu;</li><li>som si prečítal knihu;</li><li>som si pozrel niekoľko dokumentárnych filmov.</li></ul>', 3),
(1236, NULL, 2, 'Konkrétnejšie som spoznával život a dielo aspoň jedného vybraného historického umelca (Homér, Goethe, Shakespeare, Mozart, Beethoven, Wagner, Tizian, Rembrandt…) a spropagoval som ho.', 3),
(1237, NULL, 3, 'Pokúsil som sa vytvoriť vlastné umelecké dielo, ktoré by u druhých rozvíjalo predstavivosť.', 3),
(1238, NULL, 4, 'Navštívil som aspoň dva koncerty vážnej hudby.', 3),
(1239, NULL, 5, 'Navštívil som aspoň dve divadelné predstavenia.', 3),
(1240, NULL, 6, 'Ovládam pravidlá slušného správania sa (spoločenský rebríček, zdravenie, stolovanie, kultúrne predstavenie…).', 3),
(1241, NULL, 1, 'Prečítal som aspoň 3 knihy venujúce sa kultúre, dejinám umenia, životopisom umelcov a pod.', 3),
(1242, NULL, 2, 'Napísal som si vlastný prehľad dejín výtvarného umenia a hudby – predstaviteľov a hlavné črty jednotlivých období.', 3),
(1243, NULL, 3, 'Zorganizoval som pre iných členov oddielu návštevu divadla, klasického koncertu alebo vernisáže.', 3),
(1244, NULL, 4, 'Napísal som kultúrnu recenziu, kde som sa kriticky zamyslel nad estetickou aj etickou kvalitou diela, jeho hodnotou a hĺbkou.', 3),
(1245, NULL, 5, 'Skautom som na príkladoch ukázal rozdiel medzi vkusom a nevkusom, umeleckými dielami a lacným konzumným gýčom.', 3),
(1246, NULL, 6, 'Hlbšie som sa venoval a zdokonalil v jednej oblasti umenia: <ul><li>hudba</li><li>spev</li><li>tanec</li><li>divadlo</li><li>poézia</li><li>próza</li><li>maľba</li><li>modelovanie</li><li>fotografia apod.</li></ul>', 3),
(1247, NULL, 7, 'Prezentoval som vlastné alebo iné umelecké dielo pred druhými.', 3),
(1248, NULL, 8, 'Zaujímavou formou som iných skautov učil pravidlá slušného správania sa.', 3),
(1249, NULL, 1, 'Vytvoril som mapu najznámejších pútnických miest a trás na Slovensku. Zverejnil som ju v klubovni aj s popisom.', 3),
(1250, NULL, 2, 'Absolvoval som aspoň dvojdňovú púť a prešiel som aspoň 20 km. Počas púte som si zaznamenával okolie, vnútorné pocity a stretnutia s ľuďmi. Po skončení som napísal článok alebo blog o púti a podelil som sa s blízkymi o svoje zážitky.', 3),
(1251, NULL, 3, 'V rámci duchovnej očisty a prípravy na púť som si 2 týždne pred ňou každý večer našiel aspoň polhodinu pokojného času na stíšenie – vypol som si mobil, prečítal som si dobrú knihu alebo som si spravil reflexiu dňa.', 3),
(1252, NULL, 4, 'Pozrel som si film s pútnickou tematikou (napr. film Cesta, Od Jakuba k Jakubovi). Myšlienky, ktoré ma vo filme oslovili, som si zapísal a porozprával som sa o nich s priateľom alebo rodičom.', 3),
(1253, NULL, 5, 'Vo svojom okolí som našiel menej významné pútnické miesto (zanedbaná kaplnka, kríž…). Toto miesto som skrášlil, zistil som si o ňom informácie a informoval som aj verejnosť, napríklad formou plagátu, oznamu v miestnych novinách a pod.', 3),
(1254, NULL, 6, 'Vymyslel som si svoju pútnickú pieseň, báseň alebo modlitbu.', 3),
(1255, NULL, 7, 'Viem, ako ošetriť bežné zranenia: pľuzgier na nohe, vyvrtnutý členok, úpal, dehydratáciu, nachladnutie, natiahnutý sval.', 3),
(1256, NULL, 1, 'Vytvoril som si denník pútnika, v ktorom som si zaznamenával zážitky, myšlienky, citáty a modlitby.', 3),
(1257, NULL, 2, 'Počas plnenia odborky: <ul><li>som prešiel aspoň 80 kilometrov,</li><li>som navštívil 3 pútnické miesta, z toho aspoň jedno v zahraničí,</li><li>som putoval aspoň 5 dní za sebou,</li><li>som putoval 24 hodín v tichosti a samote.</li><li>Počas cesty som vytvoril minimálne 3 videonahrávky s rôznymi zážitkami. Jednotlivé body možno kombinovať.</li></ul>', 3),
(1258, NULL, 3, 'Vymyslel som si vlastný duchovný návyk, ktorý mi pomohol duchovne putovať a stíšiť sa aj počas každodenného života v období dvoch mesiacov.', 3),
(1259, NULL, 4, 'Počas putovania som navaril teplú večeru z vlastných zásob a podelil som sa o ňu s iným pútnikom.', 3),
(1260, NULL, 5, 'Zistil som históriu a pôvod slávnej pútnickej cesty do mesta Santiago de Compostela alebo inej svetovej pútnickej cesty. Viem, ako sa na týchto cestách pútnici zdravia a ako zvyknú byť označení.', 3),
(1261, NULL, 6, 'Stretol som sa s človekom, ktorý podstúpil v minulosti dlhšiu duchovnú púť. Porozprával som sa s ním o jeho zážitkoch a podelil som sa so svojou motiváciou, prečo chcem získať odborku Pútnik.', 3),
(1262, NULL, 7, 'Vytvoril som svetovú mapu s minimálne 8 pútnickými cestami a ku každej som našiel aspoň jednu zaujímavosť. Mapu som predstavil spolužiakom alebo kamarátom z oddielu.', 3),
(1263, NULL, 8, 'Prečítal som si aspoň 2 knihy s pútnickou tematikou (Na cestu, knihy od Paula Coelha, Z pošťákovy brašny od českého skauta Honzu Pospíšila a pod.).', 3),
(1264, NULL, 1, 'Vytvoril som si vlastný rebríček top 15 rozprávok a 3 z nich som predstavil družine, kde som opísal stručný obsah, hlavné postavy, autorov a ukázal im ilustrácie.', 3),
(1265, NULL, 2, 'Oboznámil som sa aspoň s tromi štýlmi vytvárania rozprávok a spísal som si ich výhody nevýhody. Na každý typ tvorenia rozprávok som si našiel aspoň jeden príklad.', 3),
(1266, NULL, 3, 'Na viacdňovej akcii som vĺčatám, včielkam alebo mladším skautom 3-krát pred spaním prečítal rozprávku na dobrú noc.', 3),
(1267, NULL, 4, 'Spolu s družinou sme predabovali rozprávku podľa svojho výberu – minimálne 10 minút z rozprávky.', 3),
(1268, NULL, 5, 'Prečítal som aspoň 3 slovenské ľudové rozprávky, komiks, obľúbenú rozprávku mojich starých rodičov alebo rodičov a pozrel animovanú aj hranú rozprávku.', 3),
(1269, NULL, 6, 'Pre svoj oddiel či družinu som pripravil rozprávkový kvíz.', 3),
(1270, NULL, 7, 'Vybral som si 5 situácií z rozprávok, kedy sa nejaká postava zranila. Vypracoval som postup, ako by som jej podal prvú pomoc.', 3),
(1271, NULL, 8, 'Po dobu troch mesiacov som sledoval, aké rozprávky vychádzajú v kine a kníhkupectvách. Zároveň som si spravil zoznam naposledy vydaných slovenských rozprávok.', 3),
(1272, NULL, 1, 'Pripravil som si prezentáciu alebo plagát o histórii rozprávok. Ako a kedy vznikli, aká je prvá rozprávka, ako sa postupne formovali apod.', 3),
(1273, NULL, 2, 'Napísal som vlastnú rozprávku a spolu s družinou sme ju zahrali na akcii pre deti na dobrú noc.', 3),
(1274, NULL, 3, 'Poznám základné informácie minimálne o 10 osobnostiach, ktoré prispeli svojou činnosťou do rozprávkového sveta.', 3),
(1275, NULL, 4, 'Vybral som si rozprávku, ktorú som podrobne zanalyzoval (zápletka, zámer, poučenie, skrytá myšlienka…) a výsledok predstavil družine.', 3),
(1276, NULL, 5, 'Našiel a prečítal som si rozprávky z 15 rôznych krajín sveta. O každej som si spísal základné informácie.', 3),
(1277, NULL, 6, 'Pre družinu som zorganizoval akciu do kina alebo divadla na premietanie či hranie rozprávky.', 3),
(1278, NULL, 7, 'Pozrel som si dokumentárny film o zberateľovi/autorovi/režisérovi rozprávok. Napríklad „Walt Disney – od myšáka k Disneylandu“.', 3),
(1279, NULL, 8, 'Naštudoval som si význam rozprávok pre deti, ich vplyv a dopad na psychiku dieťaťa.', 3),
(1280, NULL, 1, 'Vytvoril som slovník “skautizmov” vrátane výkladu ich významu a možných synoným.', 3),
(1281, NULL, 2, 'Zábavnou formou som prezentoval pred družinou najčastejšie chyby v slovenčine. Pripravil som si tipy a triky, ako si zapamätať konkrétne pravopisné či gramatické javy.', 3),
(1282, NULL, 3, 'Naučil som sa používať korektorské značky pre opravu chýb a úpravu textu. Použil som ich na korekciu aspoň piatich normostrán.', 3),
(1283, NULL, 4, 'Napísal som aspoň jeden text z nasledujúcich: <ul><li>recenzia na knihu vydanú Slovenským skautingom,</li><li>slávnostný príhovor k významnej udalosti družiny či oddielu,</li><li>vlastný skautský životopis.</li></ul>', 3),
(1284, NULL, 5, 'Viem vymenovať vybrané slová, vrátane menej frekventovaných.', 3),
(1285, NULL, 6, 'Našiel som min. 5 chýb v internetových alebo printových médiach (pravopis, gramatika, písanie interpunkcie…).', 3),
(1286, NULL, 7, 'Zúčastnil som sa olympiády slovenského jazyka.', 3),
(1287, NULL, 1, 'Pripravil som zoznam jazykovedných príručiek a odborných internetových stránok, ktoré môžem využiť pri kontrole svojich textov.', 3),
(1288, NULL, 2, 'Pre družinu som pripravil aktivitu na hádanie etymológie slovenských slov.', 3),
(1289, NULL, 3, 'Zmapoval som vybrané slovo v rôznych slovenských nárečiach.', 3),
(1290, NULL, 4, 'Prečítal som aspoň 5 odborných jazykovedných alebo literárnovedných článkov alebo odbornú knihu.', 3),
(1291, NULL, 5, 'Vybral som jeden jazykový jav (napr. písanie i/y, časovanie) a zmapoval som, ako ho upravovali vybraní kodifikátori (Bernolák, Štúr, Hattala + Hodža, S. Czambel, PSP v 20. storočí…).', 3),
(1292, NULL, 6, 'Porovnal som jazykový systém slovenčiny so systémom iného jazyka, ktorý sa učím. Výsledky som prezentoval pred družinou.', 3),
(1293, NULL, 7, 'Vybral som si slovenské dielo, ktoré bolo spracované rôznymi formami (kniha, audiokniha, rozhlasová hra, divadelná hra, televízna inscenácia) a porovnal som min. 2 spracovania.', 3),
(1294, NULL, 8, 'Našiel som v znení tejto odborky 3 skryté chyby (pravopis, interpunkcia…).', 3),
(1295, NULL, 1, 'Vytvoril som si osobný spevník aspoň s 50 piesňami.', 3),
(1296, NULL, 2, 'Spievam pri táborákoch, oddielových večeroch a iných príležitostiach – s gitarou aj bez nej, sólo aj v skupine.', 3),
(1297, NULL, 3, 'Naučil som družinu zaspievať päť nových piesní, z toho dve ľudové.', 3),
(1298, NULL, 4, 'Pripravil som si spevácke číslo a predviedol som ho pri  táboráku.', 3),
(1299, NULL, 5, 'Zúčastnil som sa aspoň jedného koncertu zborového spevu a taktiež sólového spevu.', 3),
(1300, NULL, 6, 'Naučil som nováčika zaspievať skautskú hymnu.', 3),
(1301, NULL, 1, 'Vyrobil som oddielový alebo táborový spevník, prípadne CD.', 3),
(1302, NULL, 2, 'S ďalšími spevákmi či hudobníkmi sme pripravili pre oddiel, alebo iné obecenstvo malý koncert (napr. na tábore alebo inej akcii).', 3),
(1303, NULL, 3, 'Družinu či oddiel som naučil tri piesne s viacerými hlasmi. Rozdelil som ich do skupín podľa ich hlasových dispozícií a každú zo skupín som naučil hlas, ktorý bude spievať.', 3),
(1304, NULL, 4, 'Zorganizoval som jeden „spevácky workshop“, kde som záujemcov učil spievať rôzne druhy piesní a naučil som ich základnú teóriu nôt.', 3),
(1305, NULL, 5, 'Počas 3 mesiacov som mapoval spevácko-hudobné aktivity v našom meste a okolí a informoval som o týchto aktivitách v našom oddiele.', 3),
(1306, NULL, 6, 'S oddielom alebo družinou sme sa zúčastnili nejakého koncertu alebo festivalu.', 3),
(1307, NULL, 7, 'S družinou alebo nejakou skupinou ľudí sme vymysleli pieseň a natočili sme k nej videoklip.', 3),
(1308, NULL, 1, 'Na polročnom i koncoročnom vysvedčení som mal zo slovenského jazyka prinajhoršom dvojku.', 3),
(1309, NULL, 2, 'Vyhliadol som si kníhkupectvo, v ktorom som zistil aspoň tri mesiace po sebe desať najpredávanejších kníh.', 3);
INSERT INTO `tasks` (`id`, `name`, `order`, `task`, `position_id`) VALUES
(1310, NULL, 3, 'Prečítal som si aspoň 5 diel klasikov.', 3),
(1311, NULL, 4, 'Vymyslel som aspoň 2 vlastné texty na melódie súčasných piesní z rádia a svoje verzie som predviedol ostatným.', 3),
(1312, NULL, 5, 'Napísal som aspoň 5 poviedok (na počítači), z toho minimálne jedna bola uverejnená v (oddielovom, zborovom…) časopise. Svoje literárne diela píšem.', 3),
(1313, NULL, 6, 'So svojimi dielami som sa zúčastnil aspoň na jednej literárnej súťaži.', 3),
(1314, NULL, 1, 'Spravil som korektúry aspoň 2 čísiel oddielového časopisu alebo  5 normostrán textu. Využil som pri tom Pravidlá slovenského pravopisu.', 3),
(1315, NULL, 2, 'So svojimi literárnymi počinmi som sa zúčastnil aspoň dvoch súťaží, z toho jednej mimo skautingu.', 3),
(1316, NULL, 3, 'Otextoval som aspoň tri piesne alebo som napísal tri básne.', 3),
(1317, NULL, 4, 'Skontaktoval som sa so spisovateľom alebo niekým, kto sa zaujíma o literatúru a písanie. Poradil som sa s ním o svojich prácach a štýle. Skúsil som zistiť aj jeho názory na svet, ľudí, literatúru,…', 3),
(1318, NULL, 5, 'Napísal som dlhšiu novelu alebo som písal príbeh na pokračovanie do (zborového, celoslovenského skautského) časopisu.', 3),
(1319, NULL, 6, 'Zaujímavo som opísal a priblížil život nejakej komunity s ktorou som strávil dlhší čas (športovci, dobrovoľníci, vykonávatelia netradičných koníčkov, povolaní…).', 3),
(1320, NULL, 7, 'Nadviazal som dlhodobú spoluprácu s celoslovenským (skautským) časopisom.', 3),
(1321, NULL, 8, 'Zorganizoval som literárny večierok, na ktorom som účastníkov zoznámil so životom a knihami obľúbeného autora.', 3),
(1322, NULL, 9, 'Napísal som aspoň 3 dumky, a z toho aspoň jednu mi uverejnili v nejakom skautskom časopise.', 3),
(1323, NULL, 1, 'Ovládam kroky základných spoločenských tancov: valčík, waltz, polka, čardáš, cha-cha.', 3),
(1324, NULL, 2, 'Odtancoval som s partnerom/rkou 3-krát každý zo základných spoločenských tancov.', 3),
(1325, NULL, 3, 'Zúčastnil som sa aspoň 3 udalostí, kde som svoje tanečné zručnosti využil.', 3),
(1326, NULL, 4, 'Ovládam spoločenskú etiketu pri tanečných udalostiach a zaujímavou formou som ju predstavil svojej družine.', 3),
(1327, NULL, 5, 'Naučil som svoju družinu základné kroky vybraných dvoch tancov.', 3),
(1328, NULL, 6, 'Vytvoril som kolekciu svojich 4 obľúbených tancov, ktorá zahŕňa popis tanca, obrázky krokov, štýl hudby, typického oblečenia a krátke info o histórii.', 3),
(1329, NULL, 7, 'Pozrel som si dva filmy s tanečnou tematikou (ideálne spoločenské tance) a jeden záznam súťaže spoločenských tancov (youtube). <ul><li>Ovládam základnú prvú pomoc pri:</li><li>natiahnutom svale,</li><li>vyvrtnutom členku,</li><li>otlaku na nohe,</li><li>fyzickom vyčerpaní.</li></ul>', 3),
(1330, NULL, 1, 'Ovládam kroky štyroch náročnejších spoločenských tancov : jive, quickstep, salsa, tango, rumba,…', 3),
(1331, NULL, 2, 'Odtancoval som s partnerom/rkou 3-krát každý z vybraných náročnejších spoločenských tancov.', 3),
(1332, NULL, 3, 'Vytvoril som vlastnú jednoduchú choreografiu najmenej z 8 tanečných figúr a predviedol ju verejnosti (ples, Deň matiek, Skautské Vianoce…).', 3),
(1333, NULL, 4, 'Poznám všetky prvky riadnej tanečnej rozcvičky a raz som túto rozcvičku precvičil s oddielom.', 3),
(1334, NULL, 5, 'Zorganizoval som aspoň 2-hodinový tanečný workshop pre oddiel alebo zbor.', 3),
(1335, NULL, 6, 'Zúčastnil som sa skautskej tanečnej akcie (skautské plesy, Scout Dance Academy a pod.).', 3),
(1336, NULL, 7, 'S profesionálnym tanečníkom som buď urobil interview pre časopis, alebo webstránku (zborovú, Médium), alebo som ho pozval na diskusiu s družinou/oddielom.', 3),
(1337, NULL, 8, 'Pre chlapcov:pozval som skautku na tanečnú akciu a venoval sa jej celý večer.', 3),
(1338, NULL, 9, 'Pre dievčatá: prijala som pozvanie na ples a uviazala partnerovi kravatu ALEBO naučila som tanečného začiatočníka tancovať jeden spoločenský tanec.', 3),
(1339, NULL, 1, 'Navštívil som aspoň jednu výstavu výtvarného umenia.', 3),
(1340, NULL, 2, 'Nakreslil som 5 kresieb s motívom „mikrosvet prírody“ rôznymi technikami (uhľom, rudkou, ceruzou…).', 3),
(1341, NULL, 3, 'Nakreslil som portréty členov svojej družiny.', 3),
(1342, NULL, 4, 'Namaľoval som zátišie alebo krajinku.', 3),
(1343, NULL, 5, 'Vytvoril som 3 rôzne ozdobné predmety do klubovne alebo na tábor (vázičku, svietnik, maľbu, lampión, lapač snov…), z toho aspoň jeden modelovaním.', 3),
(1344, NULL, 6, 'Urobil som výtvarný návrh na jedno z nasledovných: <ul><li>oddielové tričko</li><li>družinové alebo oddielové logo</li><li>družinová alebo oddielová vlajka</li><li>propagačný plagát</li></ul>', 3),
(1345, NULL, 7, 'Na družinovke som zorganizoval ľubovoľnú výtvarnú aktivitu.', 3),
(1346, NULL, 1, 'Nakreslil som dve kresby zaoberajúce sa perspektívou: <ul><li>zátišie zostavené z predmetov čistých geometrických tvarov</li><li>jednoduchá architektúra</li></ul>', 3),
(1347, NULL, 2, 'Namaľoval som štyri ľubovoľné motívy v duchu rôznych maliarskych smerov (realizmus, impresionizmus, expresionizmus, kubizmus, futurizmus).', 3),
(1348, NULL, 3, 'Vytvoril som dva netradičné reklamné plagáty. Urobil som reprodukciu maliarskeho diela a do maľby som doplnil reklamný výrobok (napr. Mona Lisa so slúchadlami Philips, Van Goghova izba s cenovkami nábytku – katalóg IKEA a pod.).', 3),
(1349, NULL, 4, 'Vytvoril som kolekciu šperkov (min. 7 ks) z ľubovoľného dostupného materiálu (drevo, medené drôty, tepané pliešky, koráliky, povrázky, modelovacie hmoty, hlina). Alebo som vyrobil zdobené predmety pre oddielové rituály, hry (kalumet – indiánska fajka, počítacie drievka, indiánske kocky, pamätné placky a pod.) v podobnom rozsahu.', 3),
(1350, NULL, 5, 'Zhotovil som tri práce s rovnakou témou rôznymi netradičnými technikami (linoryt, sadroryt, batikovanie, frotáž, koláž, dekoláž, fumáž).', 3),
(1351, NULL, 6, 'Vytvoril som ilustrácie do troch čísiel oddielového (zborového) časopisu alebo som na počítači graficky spracoval – zalomil jedno číslo časopisu.', 3),
(1352, NULL, 7, 'Na tábore som pripravil väčšiu výtvarnú aktivitu pre oddiel.', 3),
(1353, NULL, 8, 'Urobil som malú výstavku svojich diel.', 3),
(1354, 'Funkcie v tíme', 1, 'S družinou si rozdelíme funkcie. Dohodneme sa, kto má aké povinnosti a prečo je pre družinu dôležitý – po mesiaci skontrolujeme plnenie týchto funkcií a oceníme dobrú prácu.', 3),
(1355, 'Identita', 2, 'S družinou vymyslím a vyrobím družinové insígnie a symboly, ak ich družina ešte nemá.', 3),
(1356, 'Tik-tak', 1, 'Najbližšie dva mesiace bez vážneho dôvodu nemeškám na družinovku.', 1),
(1357, 'Spoza hraníc', 1, 'Nájdem fotky skautov zo zahraničnej krajiny a predstavím družine, v čom sa od nás líšia – rovnošata, nášivky, pozdrav...', 3),
(1358, 'Myšlienky', 1, 'S družinou spravím prieskum názorov na jednu tému (napr. Sú sociálne siete pomocníkmi alebo požieračmi času? Sú dva týždne tábora dosť? Je neskautské dať spolužiakovi opísať domácu úlohu?...) O výsledkoch prieskumu sa porozprávam s družinou a snažím sa pochopiť tie názory, ktoré sú iné ako moje.', 1),
(1359, 'Článok', 2, 'Z vybraného článku v skautských časopisoch dokážem nájsť a vypísať najdôležitejšie myšlienky. Moje poznámky si porovnám s družinou.', 3),
(1360, 'Film Juraj', 1, 'Spoločne s družinou kreatívne spracujem novodobé stvárnenie legendy o svätom Jurajovi. Náš výtvor (film, komiks, obraz...) odprezentujeme.', 3),
(1361, 'Čas vďačnosti', 1, 'Dva týždne si každý večer polhodinu pred spaním vytvorím pokojnú atmosféru. Vypnem mobil a počítač a tento čas venujem rodine, čítaniu dobrej knihy alebo krátkej dumke o uplynulom dni – aké pekné veci som zažil a som za ne vďačný a čo očakávam od ďalšieho dňa.', 1),
(1362, 'Nástenka radosti', 1, 'Vytvorím spolu s družinou v klubovni nástenku radosti alebo iný výtvor, zobrazujúci šťastie v mojom živote.', 3),
(1363, 'Rovnaký rozdiel', 1, 'Nájdem si s desiatimi členmi oddielu aspoň dve spoločné veci – veľkosť topánky, meno súrodenca, obľúbené jedlo, počet absolvovaných táborov...', 1),
(1364, 'Malé prekvapenie', 2, 'Pripravím pre družinu malé prekvapenie, ktorým sa im zaujímavou formou poďakujem za všetko, čo sme spolu zažili (zarámovaná družinová fotka, torta, list pre každého člena...).', 3),
(1365, 'Legenda, báj, povesť', 1, 'Nájdem jednu slovenskú legendu, báj alebo povesť, ktorá ma zaujala. V družine máme vytvorenú zbierku našich obľúbených legiend, bájí a povestí.', 1),
(1366, 'Rodinná fotogaléria', 1, 'Vyfotografujem sa s členmi svojej rodiny alebo nájdem fotky jednotlivých členov rodiny. Fotografie si dám vytlačiť a vytvorím si rodinný album.', 1),
(1367, 'Uzol', 1, 'Rozumiem symbolike uzla dobrého skutku a viem ho uviazať. Pamätám na Príkaz dňa vo svojom bežnom živote.', 1),
(1368, 'Vlajková čata', 1, 'Aspoň raz som na tábore členom vlajkovej čaty, ak to zvyk oddielu dovoľuje. Vlajku dokážem správne niesť, vztýčiť, sňať zo stožiara a poskladať. Viem, aká úcta sa má vlajke preukazovať.', 1),
(1369, 'Nástup', 2, 'Počas všetkých nástupov na tábore sa správam príkladne – mám oblečenú rovnošatu, stojím v pozore, spievam hymny a poslúcham povely radcu a vodcu. Vodca tábora mi potvrdí moje správanie.', 3),
(1370, 'Ochranca prírody', 1, 'Splním aspoň jeden ľubovoľný bod z odborky Ochranca prírody.', 1),
(1371, 'Dámy/Gentlemani', 1, 'Pri predstavení sa a stretnutí sa vždy pozdravím a usmejem. Pri stretnutí so skautom mu hneď podám ľavú ruku.', 1),
(1372, 'Cestná premávka', 1, 'Poznám základné pravidlá cestnej premávky a úspešne zvládnem kvíz alebo úlohu, ktorú mi pripraví radca.', 3),
(1373, 'Mapka mesta', 2, 'Spoločne s družinou zaznačím do pripravenej mapy našej obce jej významné a orientačné body.', 1),
(1374, '14 zdravých dní', 1, 'Dva týždne plním Modrý život a snažím sa dodržiavať 4 základné piliere zdravého životného štýlu. Dohodnem si s rodičmi čas plnenia (od – do) a vediem si o plnení záznam.', 2),
(1375, 'Čistá izba', 1, 'Počas 1 mesiaca si vo svojej izbe udržujem vzorný poriadok. Rodič mi potvrdí splnenie úlohy.', 2),
(1376, 'Rovnošata', 2, 'Rovnošatu si udržujem čistú a mám ju uloženú na čestnom mieste. Nosím ju podľa rovnošatového predpisu.', 1),
(1377, 'V zdravom tele', 1, 'Aspoň 1 mesiac sa 2-krát týždenne venujem vybranému pohybovému športu alebo aktivite, ktorá ma baví (plávanie, beh, korčuľovanie, bicykel...).', 1),
(1378, 'Zdravý duch', 2, 'Zahrám si spolu s družinou aspoň dve športové hry a minimálne jedna z nich je pre mňa nová (ringo, slackline, frisbee...). Hráme celý čas podľa pravidiel fair-play a skautského zákona.', 3),
(1379, 'Ľudské telo', 1, 'Z rôznych mechanických pomôcok alebo prírodných materiálov vytvorím spolu s družinou model ľudského tela a orgánov. Poznám funkciu jednotlivých orgánov v tele.', 3),
(1380, 'TOP 10', 1, 'Zúčastním sa na dvoch celodenných výpravách alebo jednej viacdňovej výpravy s prespaním v prírode s plnou výbavou TOP 10 a na všetky ostatné výpravy túto výbavu nosím.', 3),
(1381, 'Vynovenie klubovne', 1, 'Vytvorím zo starého (napr. vešiaku) alebo iného predmetu niečo užitočné do našej klubovne alebo domu (kalendár, krabičku na čaje, vešiak, kartotéku hier, zborovú poštu a podobne...).', 2),
(1382, 'Obľúbená odborka', 1, 'Nájdem si tri odborky, ktoré ma zaujímajú a chcel by som ich splniť. Jednu z nich si vyberiem a vytvorím plán jej splnenia. Na dokončenie tejto úlohy nie je potrebné získať danú odborku.', 2),
(1383, 'Kimova hra', 1, 'V aspoň dvoch Kimových hrách úspešne vymenujem stanovený počet vecí.', 1),
(1384, 'Mapa', 1, 'Poznám význam vrstevníc na mape a význam jednotlivých značiek v legende mapy. Poznatky dokážem tak, že zakreslím mapu vybraného miesta (okolie tábora, obľúbené miesto...) aj s legendou.', 1),
(1385, 'Družinový výlet', 2, 'S jedným alebo dvoma členmi mojej družiny a za pomoci radcu naplánujem trasu družinovej výpravy, ktorú aj povediem. Družine ukážem zaujímavé miesta a vyhliadky.', 3),
(1386, 'Majster noža', 1, 'Radcovi alebo rodičovi vysvetlím základné typy nožov, ich časti a využitie.', 2),
(1387, 'Vlastný výrobok', 2, 'Pomocou mäkkého dreva a noža vyrobím jednoduchý predmet (kocka, lyžica, srdce...). Radca mi skontroluje správne používanie noža a jeho nabrúsenie.', 3),
(1388, 'Znalec stromov', 1, 'V prírode rozpoznám 10 druhov stromov, ktoré mi vyberie radca alebo vodca, podľa celkového vzhľadu, listov, plodov, kôry a iných ukazovateľov. Poznám, na čo sa používajú rôzne druhy dreva.', 1),
(1389, 'Sadič', 2, 'Zasadím spolu s družinou jeden strom, starám sa oň a pozorujem, ako rastie.', 3),
(1390, 'Varúj!', 1, 'Ak mi to možnosti dovoľujú, tak sa aktívne s družinou podieľam na zrúbaní jedného suchého stromu. Strom je vyrúbaný s povolením majiteľa a podľa všetkých zásad.', 3),
(1391, 'Drevorubač', 2, 'Odstránim z kmeňa stromu konáre a v jednom mieste prerúbem kmeň stromu na polovicu. Skúsim si pílenie sám aj vo dvojici.', 3),
(1392, 'Štiepky', 3, 'Rozrúbem klát dreva od hrubších polienok až po malé štiepky na podpal.', 3),
(1393, 'Dýchaj!', 1, 'Predvediem správne poskytnutý Heimlichov a Gordonov manéver a viem, aké príznaky má dusenie.', 3),
(1394, 'Druhá rodina', 1, 'Spoločne s kamarátom z družiny pripravím pre oddiel ďakovný list alebo iný predmet, v ktorom vyjadríme, prečo je oddiel moja druhá rodina a ako by som chcel prispieť, aby sa v ňom ostatní cítili dobre a prijatí.', 1),
(1395, 'Jediný svojho druhu', 2, 'Vytvorím s družinou plagát, kde popíšem všetko, čím je môj oddiel špecifický. Použijem fotografie z akcií, spomienkové predmety, symboly a potom svoj plagát predstavím oddielu.', 3),
(1396, 'Gratulant', 3, 'Do kalendára si zaznačím narodeniny a meniny všetkých členov oddielu. V ich sviatočný deň im zablahoželám telefónom, esemeskou alebo cez sociálnu sieť.', 1),
(1397, 'Spoločný záťah', 4, 'Spolu s družinou sa dohodnem s inou družinou svojho oddielu a vydáme sa na spoločnú výpravu alebo kultúrnu udalosť.', 3),
(1398, 'Družinové prekvapenie', 1, 'S družinou si rozdelím úlohy a spolu s ňou pripravím prekvapenie pre inú družinu svojho zboru alebo oblasti (spoločný výlet s programom, malá párty s koláčom, filmový večer...).', 3),
(1399, 'Neznámy priateľ', 2, 'Vytvorím drobnosť, ktorá poteší (napr. povzbudzujúci list, origami, handmade sviečku...), a venujem ju mne menej známemu človeku.', 1),
(1400, 'Dobré noviny', 3, 'Z novín, časopisov alebo internetu vyberiem dva príklady, kedy si ľudia navzájom pomohli alebo sa za niekoho obetovali. Predstavím ich družine a sám poviem, ako chcem zlepšiť svoje vzťahy.', 1),
(1401, 'Výzvy', 4, 'Splním výzvu Uzol dobrého skutku alebo aspoň jej časť.', 3),
(1402, 'Anketa', 1, 'Urobím medzi známymi aj neznámymi ľuďmi anketu na otázku „Čo je to česť a ako ju človek získa?“. Oslovím pritom aspoň 8 osôb. Najzaujímavejšie výsledky porovnám s výsledkami ostatných členov družiny', 3),
(1403, 'Moje vzory', 2, 'Do svojho zápisníka si napíšem tri osoby, ktoré sú mi vzorom a prečo. Pridám aj ich fotografie a stručne opíšem ich život.', 1),
(1404, 'Dobrá kniha', 3, 'Dospelý človek, ktorého rešpektujem (rodič, rover, učiteľ...), mi odporučí životopisnú knihu o inšpiratívnom človeku, ktorú prečítam.', 1),
(1405, 'Stretnutie', 4, 'Spolu s družinou sa stretnem s človekom, ktorý niečo užitočné alebo správne dokázal. Pripravím si rôzne otázky a zistím tiež, ako sa mu jeho úspech podarilo splniť.', 1),
(1406, '(Seba)pozorovateľ', 1, 'V priebehu dvoch týždňov si zapisujem, akú mám náladu ja a jeden môj spolužiak, kamarát alebo rodič, ktorého denne stretávam, a ako sa prejavovala. Pozorujem, ako sa naše nálady vzájomne ovplyvňujú a snažím sa byť oporou.', 1),
(1407, 'Zbierka pocitov', 2, 'Vytvorím si zápisník alebo galériu na internete, kde k aspoň 6 emóciám nájdem obrázky z časopisov a internetu vyjadrujúce danú emóciu. Pri každej emócii pridám aj 2 spomienky z vlastného života, kedy som ju pocítil.', 1),
(1408, 'Emotívne dielo', 3, 'Vytvorím umelecké dielo (maľbu, kresbu, skladbu, pieseň, báseň...), ktoré vyjadruje nejakú emóciu. Predstavím ho družine.', 3),
(1409, 'Zdieľanie', 4, 'Podelím sa s prežívaním silnej emócie (šťastie, hnev, smútok...) s blízkou osobou.', 1),
(1410, 'Pantomíma', 5, 'S družinou si zahrám pantomimickú hru. Predvediem v nej niekoľko emócií, ktoré mi radca vyberie.', 3),
(1411, 'Čo je správne?', 1, 'S družinou som prečítal príbeh o Petrovi a Samovi a spolu sme viedli diskusiu, v ktorej sme riešili otázky pod príbehom.', 3),
(1412, 'Zdravý rozum', 2, 'Nájdem 2 prípady v družine alebo oddiele, kedy sa stala nejaká nehoda alebo niečo nefungovalo. Zistím, či pri týchto udalostiach chýbalo kritické myslenie.', 1),
(1413, 'Názory', 3, 'Na vybranú tému som v médiách alebo knihách našiel aspoň dva rôzne názory a argumenty. Spíšem ich, predstavím družine a poviem, aký názor mám na túto tému ja.', 3),
(1414, 'Argumentačná súťaž', 4, 'V družine sme zorganizovali argumentačnú súťaž, kde dvaja oponenti obhajujú svoj názor na vybranú tému.', 3),
(1415, 'Zoznam', 1, 'Spíšem si zoznam aspoň piatich vecí, ktoré ma rozčuľujú. Pod zoznam si tiež napíšem tri spôsoby, ako sa pri hneve ovládnem.', 1),
(1416, 'Môj plot', 2, 'Inšpirujem sa príbehom z kapitoly a vytvorím si vlastný „plot“ (drevená doska), kde zatlčiem klinec, keď som svoje emócie neovládol. Pri ovládnutí sa jeden klinec vytiahnem. „Plot“ budem používať jeden mesiac.', 1),
(1417, 'Pocity a príčiny', 3, 'Počas dvoch týždňov si každý večer si zapíšem pocity, ktoré som v daný deň pocítil a porozmýšľam nad príčinami, ktoré k tomu viedli.', 1),
(1418, 'Emotívne video', 4, 'Nájdem a pozriem si video na internete, v ktorom človek nezvládol ovládnuť svoje emócie. Ukázal som ho aspoň dvom ďalším ľuďom.', 1),
(1419, 'Spolupútnik', 1, 'Stretnem sa s človekom, ktorý ma zaujal svojim duchovným prežívaním, a porozprávam sa s ním o vlastnom prežívaní. Môže to byť starší ranger alebo rover, oddielový vodca, rodič či miestna duchovná autorita.', 1),
(1420, 'Pátrač', 2, 'Zistím, ktoré náboženstvá a vierovyznania sa vyskytli a vyskytujú v mojej rodine. Pátram po nich aspoň 3 generácie dozadu.', 2),
(1421, 'Nová tradícia', 3, 'Zavediem v rodine alebo družine novú tradíciu spoločného začatia stolovania, ranného zamyslenia alebo večerného ďakovania za deň. Ak už tieto tradície máme, tak ich ozvláštnim. Najprv sa o tom porozprávam s rodičom alebo radcom.', 2),
(1422, 'Vzor pokory', 4, 'Nájdem človeka, ktorý bol vzorom pokory. Z jeho života vyberiem dva návyky, ktoré uplatním vo vlastnom živote počas aspoň 2 týždňov. Tento vzor predstavím svojej družine.', 1),
(1423, 'Odkaz do budúcnosti', 5, 'Napíšem alebo umelecky stvárnim svoje aktuálne duchovné prežívanie a vyznanie, v ktoré verím. Odložím tento odkaz do schránky, pri ktorej si určím aj dátum otvorenia.', 1),
(1424, 'Hudba hĺbky', 6, 'Vypočujem si aspoň tri piesne rôznych žánrov s hlbokým textom. O jednej z nich sa porozprávam s rodičom.', 1),
(1425, 'Ľaliový kríž', 7, 'Vyberiem si a splním niektorú úlohu z voľného programového modulu Ľaliový kríž.', 3),
(1426, 'Skutok namiesto sľubov', 1, 'Po dohode s radcom si nájdem konkrétny spôsob, ako môžem pomôcť životnému prostrediu a mesiac sa ho snažím dodržiavať (separovanie, šetrenie, skrášľovanie...).', 3),
(1427, 'Kúpime si strom', 2, 'Urobíme v družine alebo oddiele zbierku a kúpime si svoj strom napríklad v súkromnej prírodnej rezervácii, kde nikdy nebude vyrúbaný. S družinou sa k nemu potom môžeme vydať aj na výlet.', 3),
(1428, 'Rekordman', 3, 'Vyskúšam, za aký najkratší čas sa dokážem celý plnohodnotne osprchovať a výsledky porovnám s družinou. Aspoň dva týždne sa vôbec nekúpem a sprchujem sa kratšie ako 4 minúty.', 1),
(1429, 'Film s posolstvom', 4, 'Pozriem si film, ktorý sa venuje životnému prostrediu (napr. Domov, Avatar, Je s nami koniec?, Wall-E, Nepríjemná pravda...). Družine poviem, v akom smere tému ochrany prírody film rozvíjal.', 3),
(1430, 'Potravinové míle', 5, 'Pozbieram desať obalov z potravín, ktoré doma konzumujeme. Spočítam, koľko tisíc kilometrov museli precestovať k nám domov. Spoločne s družinou zistím možnosti nakupovať potraviny lokálnejšie – napr. mlieko alebo vajíčka od miestneho gazdu.', 1),
(1431, 'Odborka', 6, 'Vyberiem si a splním niektorú úlohu z odborky Ochranca prírody.', 3),
(1432, 'Spoločný čas', 1, 'Prediskutujem s rodičmi, ako by sme mohli spolu aktívne prežiť vybraný čas a náš plán zrealizujeme.', 2),
(1433, 'Skautom i doma', 2, 'Počas dvoch týždňov sa každý deň ponúknem, že pomôžem s nejakou domácou prácou. Rodič mi to potvrdí.', 2),
(1434, 'Prekvapenie', 3, 'Na Deň matiek, Deň otcov alebo iný sviatok s družinou vytvoríme malé prekvapenie pre našich rodičov (predstavenie, list, výtvor...).', 2),
(1435, 'Pekné pravidlá', 4, 'S rodičmi som vytvoril pravidlá harmonickej domácnosti pre našu rodinu a kreatívne som ich znázornil.', 2),
(1436, 'V jednoduchosti je sila', 5, 'Umyjem doma riad.', 2),
(1437, '5 zmyslov', 1, 'Nájdem v prírode veci, ktoré potešia každý z mojich piatich zmyslov – zrak, čuch, chuť, hmat i sluch. Ku každému zmyslu nájdem tri veci a každý zo zážitkov si zapíšem do zápisníka.', 1),
(1438, 'Zamyslenie', 2, 'Nájdem si svoje obľúbené miesto v prírode a strávim tam hodinu osamote. Budem sa snažiť vnímať čo najviac, zapíšem si dojmy, pozorovania a zážitky do zápisníka.', 1),
(1439, 'Večné príbehy', 3, 'Po porade s radcom si prečítam knihu o živote v prírode (Malý strom, Volanie divočiny, Biely tesák, Zálesák Rolf, Chlapci od Bobrej rieky...).', 3),
(1440, 'Moje miesto', 4, 'Svoje obľúbené miesto v prírode ľubovoľným spôsobom umelecky zobrazím (namaľujem obraz, odfotím a vhodne upravím fotky, napíšem o ňom báseň alebo pieseň...).', 3),
(1441, 'Posvätné miesto', 1, 'Navštívim s družinou alebo sám 2 posvätné miesta iných náboženstiev alebo foriem kresťanstva a zotrvám na nich v chvíli ticha a prosby za pokoj, toleranciu a mier.', 1),
(1442, 'Svetové náboženstvá', 2, 'Zistím aspoň 5 zaujímavostí o 2 náboženstvách – ich sviatkoch, osobnostiach, o náboženských symboloch a podobne. Predstavím tieto zaujímavosti svojmu oddielu.', 3),
(1443, 'Nový pohľad', 3, 'Porozprávam sa sám alebo spoločne s družinou s človekom inej viery o jeho vierovyznaní. Zistím od neho informácie napríklad o slávení sviatkov, typoch bohoslužieb, tradícii, histórii apod.', 1),
(1444, 'Odborka', 4, 'Vyberiem si a splním niektorú úlohu z odborky Znalec náboženstiev.', 3),
(1445, 'Zlepšenie', 1, 'Opýtam sa rodiča, radcu a kamaráta, čo sa im na mojom správaní a komunikácii páči a čo, naopak, nie. Z tejto spätej väzby si vyvodím jedno predsavzatie ako sa zlepšiť a budem sa ho snažiť dodržiavať.', 1),
(1446, 'Učiteľ', 2, 'Naučím mladšieho jednoduchú zručnosť (uzol, tipy pre KPZ, starostlivosť o obuv...).', 3),
(1447, 'Aktívne počúvanie', 3, 'Vyberiem si jedného človeka, s ktorým sa často stretávam, a pri troch stretnutiach sa ho budem snažiť aktívne počúvať. To, čo som sa dozvedel, si zapíšem do zápisníka.', 1),
(1448, 'Uvádzač programu', 4, 'Aspoň 3-krát zrozumiteľne vysvetlím svojej družine alebo oddielu pravidlá nejakej hry.', 3),
(1449, 'Slovný boj', 5, 'V družine si zahráme hru Slovný boj.', 3),
(1450, 'Pripravený na všetko', 1, 'Vytvorím si svoju každodennú výbavu a snažím sa ju pravidelne nosiť so sebou.', 1),
(1451, 'Poštový holub', 2, 'Kamarátovi alebo niekomu z rodiny napíšem pekný list. Bez pomoci ho prinesiem na poštu, všetko vybavím a pošlem ho.', 1),
(1452, 'Lístky pre každého', 3, 'Počas družinovej výpravy po dohode s radcom vybavím lístky na vlak alebo autobus pre celú družinu.', 3),
(1453, 'Miesto spomienky', 1, 'S družinou v prírode, klubovni alebo na inom vhodnom mieste vytvoríme náš skautský pamätník venovaný nejakej skautskej osobnosti alebo udalosti.', 3),
(1454, 'Pomníky skautingu', 2, 'Nájdem aspoň dve ďalšie miesta skautských pamätníkov z celého sveta a predstavím ich družine.', 3),
(1455, 'Poďakovanie za službu', 3, 'S družinou nájdem a navštívim hrob nejakého skauta. Vhodným spôsobom (Gilwellským kruhom, večierkou, vlastným ďakovným textom...) mu prejavím úctu a vďaku za jeho službu skautingu.', 1),
(1456, 'Môj podpis', 4, 'Vytvorím si vlastný jednoduchý symbol, ktorý budem používať ako svoj skautský podpis. Pri vytváraní sa inšpirujem podpismi iných skautov.', 1),
(1457, 'Výprava na Ivančenu', 5, 'S družinou alebo oddielom navštívim mohylu Ivančena v Českej republike. Vynesiem na ňu vlastný kameň.', 3),
(1458, 'Odborka', 6, 'Vyberiem si a splním niektorú úlohu z odborky Skautská história.', 3),
(1459, 'Čistota nadovšetko', 1, 'Počas celého tábora dodržiavam správne hygienické návyky: umývanie zubov, rúk a celého tela. Postarám sa, aby som mal vždy k dispozícii čisté oblečenie.', 1),
(1460, 'Pripravený na dobrodružstvo', 2, 'Na letný skautský tábor som sa sám pobalil. Premyslel som si, koľko oblečenia a aké vybavenie potrebujem na bezproblémové prežitie celého tábora.', 1),
(1461, 'Skautský stavač', 3, 'Zúčastnil som sa stavania aspoň jednej väčšej táborovej stavby (brána, kuchyňa, típí, podsada...).', 3),
(1462, 'Príkladné obydlie', 4, 'Počas celého letného tábora som so spolubývajúcim v našom stane udržiaval poriadok. Môj príbytok získal aspoň 5-krát maximálny počet bodov.', 3),
(1463, 'Odborka', 5, 'Vyberiem si a splním niektorú úlohu z odborky Táborník.', 3),
(1464, 'Športovec', 1, 'Po dobu jedného mesiaca aspoň raz do týždňa vykonávam nejakú športovú aktivitu, pri ktorej sa zapotím (beh, plávanie, futbal, korčuľovanie...). Telesná výchova v škole sa sem neráta.', 1),
(1465, 'Športový organizátor', 2, 'Pre družinu zorganizujem športovú aktivitu. Sám si nachystám pomôcky, pravidlá a miesto.', 3),
(1466, 'Fair-playeri', 3, 'Na internete alebo v novinách nájdem ešte tri príklady, kedy hráči alebo tímy prejavili svoj charakter dodržaním pravidiel fair play. Predstavím ich družine.', 3),
(1467, 'Odborka', 4, 'Vyberiem si a splním niektorú úlohu zo športových odboriek.', 3),
(1468, 'Bez hraníc', 1, 'Vytvorím si zoznam svojich silných a slabých telesných schopností. Vyberiem si jednu a stanovím si konkrétny cieľ, ako ju ďalej rozvíjať.', 1),
(1469, 'Nikdy sa nevzdať', 2, 'Na internete alebo v literatúre nájdem inšpiratívny príbeh o človeku, ktorý napriek telesnému postihnutiu dosiahol veľký úspech. Prezentujem ho družine.', 3),
(1470, 'Nové disciplíny', 3, 'Po dohode s vodcom alebo učiteľom telesnej výchovy si vyberiem aspoň tri ďalšie disciplíny, v ktorých si odmeriam svoj výkon. Napríklad: skok do diaľky, hod guľou, lezenie na lane, beh cez prekážky.', 3),
(1471, 'Nohy ako gazela', 4, 'Urobím si Cooperov test telesnej kondície. O svojom výsledku sa porozprávam s radcom.', 1),
(1472, 'Si tým, čo ješ', 1, 'Spolu s družinou vytvorím vyvážený týždenný jedálniček a po dohode s rodičmi sa ho budem snažiť plniť.', 2),
(1473, 'Pitný režim', 2, 'Počas dvoch týždňov som každý deň vypil aspoň 2 litre čistej vody.', 1),
(1474, 'Bez cukru', 3, 'Počas dvoch týždňov nebudem jesť nič, čo obsahuje pridaný cukor. Skontrolujem vždy zloženie. Med je povolený.', 1),
(1475, 'Knižné sny', 1, 'Spíšem si zoznam 20 kníh, ktoré si chcem prečítať.', 1),
(1476, 'Môj deň', 2, 'Počas 14 dní si každý deň večer zapíšem záznam do denníka.', 1),
(1477, 'Nové obzory', 3, 'Prečítam si dve knihy, každú z iného žánru. Zapíšem si z nich zaujímavé myšlienky a tie potom predstavím svojej družine.', 3),
(1478, 'Spomienky pre budúcnosť', 4, 'S družinou sa dohodnem, akú formu kroniky vytvoríme a zadovážime si ju. Zaznamenám jednu našu akciu.', 3),
(1479, 'Odborka', 5, 'Vyberiem si a splním niektorú úlohu z odborky Čitateľ alebo Kronikár.', 3),
(1480, 'Výprava za dobrotami', 1, 'Na výprave s družinou pripravím v trojici aspoň dve jednoduché jedlá na prírodnom ohni.', 3),
(1481, 'Seton', 2, 'Vyskúšam s družinou pripraviť jedlo formou Setonovho hrnca. Rozdelíme si úlohy tak, aby mal každý niečo na starosti.', 3),
(1482, 'Šéfkuchár doma', 3, 'Rodičov prekvapím aspoň jedným jednoduchým jedlom.', 2),
(1483, 'Odborka', 4, 'Vyberiem si a splním niektorú úlohu z odborky Kuchár alebo Cukrár.', 3),
(1484, 'Vatra horí', 1, 'Poznám symboliku slávnostného ohňa a rituál zapaľovania. Pri slávnostnom ohni sa správam úctivo. Zapojím sa s družinou do aspoň jednej aktivity alebo scénky počas neho.', 3),
(1485, 'Pomocná ruka', 2, 'Zúčastním sa stavby slávnostného ohňa.', 3),
(1486, 'Zábavný večer', 3, 'Spev, hry a divadlo vždy patrili k slávnostnému ohňu. Vymyslím 3 nové aktivity alebo hry k slávnostnému ohňu, ktoré si s oddielom alebo družinou zahráme.', 1),
(1487, 'Fakle', 4, 'Po dohode so skautom zodpovedným za slávnostný oheň vyrobím s kamarátom fakľu určenú na zapálenie ohňa.', 3),
(1488, 'Noci von', 1, 'S kamarátom z družiny som prespal dve noci pod holým nebom alebo vo vlastnoručne vyrobenom prístrešku.', 3),
(1489, 'Stan', 2, 'S kamarátom vo dvojici vyberieme na tábore alebo výprave pre stan vhodné miesto a spolu ho správne postavíme.', 3),
(1490, 'Uzol', 3, 'Naučím sa viazať uzol na uťahovanie kolíkov.', 3),
(1491, 'Výbava na spanie', 4, 'Doplnil som svoju skautskú výbavu o predmety potrebné na prípravu prístrešku – celtu, kolíky, lano.', 1),
(1492, 'Znalec rastlín', 1, 'Dokážem v prírode rozoznať 10 rôznych druhov kvetov a rastlín, ktoré mi vyberie radca alebo vodca. Aspoň pri piatich poznám aj ich liečivé účinky.', 3),
(1493, 'Darček', 2, 'Jednému zo svojich rodičov som na jeho sviatok pripravil kyticu lúčnych kvetov.', 2),
(1494, 'Sušiak', 3, 'Vyrobil som drevený rám na sušenie liečivých rastlín. Vysušil som v ňom aspoň 5 rôznych bylín.', 1),
(1495, 'Čaj podľa seba', 4, 'Pripravil som vlastnú čajovú zmes z rôznych sušených liečivých bylín a lesných plodov. Družine som predstavil jej zloženie a všetkých ponúkol.', 3),
(1496, 'Odborka', 5, 'Vyberiem si a splním niektorú úlohu z odborky Bylinkár alebo Botanik.', 3),
(1497, 'Bu-bu-bu', 1, 'Viem, aké prejavy má šok a čo ho môže spôsobiť. S kamarátom v družine som predviedol ukážkovú protišokovú polohu a zabezpečenie 5T.', 3),
(1498, 'Návšteva odborníka', 2, 'Zúčastním sa s družinou diskusie alebo aktivity s odborníkom v prvej pomoci a spýtam sa ho otázky, ktoré ma zaujímajú.', 3),
(1499, 'Zdravotník', 3, 'V družine mám funkciu zdravotníka aspoň pol roka. Príkladne sa starám o vybavenie lekárničky a na akciách a výpravách pomáham pri prvej pomoci radcovi.', 1),
(1500, 'Krvavá poviedka', 4, 'Napíšem krátky vymyslený príbeh o zranení a poskytnutí prvej pomoci. V otázkach na záver poukážem na to, čo urobili záchrancovia správne a kedy urobili chybu.', 1),
(1501, 'Odborka', 5, 'Vyberiem si a splním niektorú úlohu z odborky Prvá pomoc.', 3),
(1502, '30 : 2', 1, 'Predvediem s kamarátom správne celý postup pri bezvedomí a resuscitácií. Uložím ho do stabilizovanej polohy po úspešnom oživení.', 3),
(1503, 'Schéma', 2, 'Vytvorím na veľký papier celú prehľadnú schému, ako postupovať pri bezvedomí a resuscitácii. Nafotím k nej aj ukážkové obrázky a vyvesím ju v klubovni.', 1),
(1504, 'Príklad', 3, 'Nájdem vo svete príklad obetavej záchrany ľudského života so šťastným koncom a podelím sa oň so svojou družinou.', 1),
(1505, 'Kurz', 4, 'Zúčastním sa kurzu prvej pomoci a úspešne zvládnem jeho obsah.', 3),
(1506, 'Odborka', 5, 'Vyberiem si a splním niektorú úlohu z odborky Prvá pomoc.', 3),
(1507, 'Oblaky', 1, 'Dokážem správne určiť 3 základné typy oblakov a poznám aspoň 5 prírodných úkazov, podľa ktorých viem predpovedať počasie.', 3),
(1508, 'Fučí', 2, 'Zostrojím malý merač rýchlosti vetra (anemometer) alebo veterný rukáv do klubovne alebo na tábor. Odhadol som rýchlosť vetra podľa Beaufortovej stupnice.', 3),
(1509, 'Rosnička', 3, 'V družine mám funkciu meteorológa a počas 4 mesiacov vždy pred výpravou zisťujem, aké bude počasie a podľa toho dám odporúčanie radcovi, aby upravil program.', 3),
(1510, 'Meteostanica', 4, 'Navštívim podľa možností s družinou meteorologickú stanicu a porozprávam sa s pracovníkmi o tom, aké je to byť profesionálny meteorológ.', 3),
(1511, 'Odborka', 5, 'Vyberiem si a splním niektorú úlohu z odborky Meteorológ.', 3),
(1512, 'Povely', 1, 'Poznám základné signálové skautské povely – príprava, nástup, všetci k vodcovi a iné oddielové signály. Na výprave tieto povely s dovolením radcu sám vydávam.', 3),
(1513, 'Morzeovka', 2, 'Pošlem a prijmem správu v rozsahu aspoň 25 písmen svetelnou alebo zvukovou morzeovkou s maximálne dvoma chybami.', 3),
(1514, 'Šifrovací závod', 3, 'Počas družinovky sa zúčastním šifrovacieho preteku, kedy vyskúšame aspoň 6 druhov šifier.', 3),
(1515, 'Tajná správa', 4, 'Vymyslím vlastnú tajnú šifru a vyhlásim v oddiele alebo zbore súťaž, kto ju dokáže prelomiť a rozlúštiť pripravený text.', 3),
(1516, 'Odtlačky', 1, 'Preukážem radcovi alebo vodcovi znalosť odtlačkov zvierat bežne sa vyskytujúcich v našom okolí.', 3),
(1517, 'Odliatok', 2, 'Spoločne so svojou družinou vytvorím aspoň 5 sadrových odliatkov minimálne 3 rôznych druhov zvierat.', 3),
(1518, 'Stopárska výprava', 3, 'Vydám sa s kamarátom na 2 stopárske výpravy, na ktorých sledujem rôzne odtlačky, zapisujem si ich do zápisníka a s družinou sa podelím o svoje nálezy.', 1),
(1519, 'Moja noha', 4, 'Vytvorím sadrový odliatok vlastného chodidla a vysvetlím družine, ako som pri tomto experimente postupoval.', 3),
(1520, 'Odborka', 5, 'Vyberiem si a splním niektorú úlohu z odborky Stopár.', 3),
(1521, 'Čapované kofolo', 1, 'Vyhradím si dostatok času a pozvem priateľa na kofolu. Spoločne si zaspomíname na prežité dobrodružstvá a príhody. ', 1),
(1522, 'Spájač priateľov', 2, 'Zorganizujem stretnutie svojich priateľov a tých, ktorí sa medzi sebou nepoznajú, navzájom zoznámim. Verejne alebo inou formou sa im poďakujem za ich priateľstvo. ', 1),
(1523, 'Stále verný', 3, 'Vo vybranom priateľstve sa zlepším o 2 body vo svojom Teste priateľstva.', 1),
(1524, 'Feedback', 4, 'Spýtam sa svojho dobrého priateľa, ktoré veci si na mne cení a v ktorých by mi odporučil sa zlepšiť. Snažím sa jeho feedback zapracovať do svojho správania.', 1),
(1525, 'Výzva', 5, 'Splním výzvu Uzol dobrého skutku.', 3),
(1526, 'Neobľúbený', 1, 'Pre človeka z triedy alebo oddielu, či zboru, ktorý je menej obľúbený ako ostatní, pripravím prekvapenie alebo ho inak poteším.', 1),
(1527, 'Odpustenie', 2, 'V prípade, že ma niekto nahneval a doteraz je to nevyriešené, stretnem sa s týmto človekom, porozprávame sa o probléme a skúsim mu odpustiť.', 1),
(1528, 'Cudzie životy', 3, 'Počas jedného týždňa sa budem denne zaujímať o to, ako svoj deň prežil jeden z rodičov alebo jeden môj kamarát. ', 1),
(1529, 'Výzva', 4, 'Splním výzvu Modrý život s dôrazom hlavne na slušné rozprávanie a čestnosť.', 3),
(1530, 'Hlboká kniha a film', 1, 'Rozšírim si duchovný rozmer prečítaním aspoň 30 strán knihy alebo pozretím filmu s hlbšou myšlienkou. S kamarátom sa podelím o svoje zistenia a otázky, ktoré mi napadli.', 1),
(1531, 'Hlbina', 2, 'Navštívim aspoň jedno miesto, kde dokážem zatiahnuť na hlbinu, a zotrvám na ňom.', 1),
(1532, 'Debata', 3, 'Spoločne s družinou zorganizujem pre oddiel debatu alebo workshop na tému „Aký je ideálny človek dnešnej doby?“ alebo si zvolím spoločne s radcom inú tému.', 3),
(1533, 'Školská hodina', 4, 'Aktívne sa zapájam do priebehu vyučovanie aspoň na 3 hodinách náboženstva alebo etickej výchovy v škole alebo sa zúčastním jedného kola biblickej olympiády.', 1),
(1534, 'Odborka', 5, 'Vyberiem si a splním niektorú úlohu z odborky Miništrant alebo Pútnik.', 3),
(1535, 'Slová vďaky', 1, 'Počas dvoch týždňov si nájdem 15 minút denne, kedy sa poďakujem za tento deň a pekné chvíle, ktoré mi priniesol. Nájdem si čas, ktorý mi vyhovuje a dovoľuje mi sústrediť sa.', 1),
(1536, 'Vlastná', 2, 'Napíšem si vlastnú formu slov vďaky alebo modlitby a začlením ju do svojho denného režimu.', 1),
(1537, 'Objavovanie', 3, 'Vyskúšam novú formu slov vďaky alebo modlitby, ktorá ma zaujala. Poradím sa s rodičom alebo radcom, čo by mi odporučili, a počas jedného týždňa túto formu vďaky praktizujem.', 1),
(1538, 'Burza vďaky', 4, 'Nájdem aspoň 4 predpísané modlitby náboženstiev alebo duchovných textov. Spoločne s družinou spravím v klubovni burzu slov vďaky a modlitieb a každý člen si bude môcť vybrať tú, ktorá ho najviac oslovila.', 3),
(1539, 'Voľný programový modul', 5, 'Vyberiem si a splním niektorú úlohu z VPM Ľaliový kríž pre skautov a skautky.', 3),
(1540, 'Akcia', 1, 'Zúčastním sa medzinárodnej skautskej akcie axa0naučím aspoň troch zahraničných skautov nejakú slovenskú skautskú hru.', 1),
(1541, 'Darček', 2, 'Pre iného skauta alebo oddiel zo zahraničia spoločne s družinou pripravíme darček a pošleme mu ho poštou.', 3),
(1542, 'Sieťou a vzduchom', 3, 'Zúčastním sa akcie JOTA-JOTI.', 1),
(1543, 'Cudzia odborka', 4, 'Nájdem si odborku alebo podobný program z ponuky nejakej zahraničnej skautskej organizácie a splním z nej aspoň jeden bod.', 1),
(1544, 'Zahraničný svedok', 5, 'Zúčastním sa prednášky alebo diskusie so skautom, ktorý bude rozprávať o svojich zážitkoch zo zahraničia.', 1),
(1545, 'Odborka', 6, 'Vyberiem si a splním niektorú úlohu z odborky Svetové priateľstvo.', 3),
(1546, 'Radcovanie', 1, 'Som aktívny radca a pripravujem zaujímavé družinovky pre svojich členov počas jedného skautského roka.', 4),
(1547, 'Dobrá rada nadovšetko', 2, 'Všímam si a spíšem po 3 veci, ktoré sa z môjho pohľadu radcovi daria a nedaria pri vedení družiny. Podelím sa s ním o svoje postrehy, vypočujem si jeho pohľad a pokúsime sa nájsť priestor na zlepšenie.', 1),
(1548, 'Ideál', 3, 'S vodcom sa porozprávam o tom, aké vlastnosti by mal mať ideálny vodca. Sám porozmýšľam nad tým, či niektoré z nich spĺňam alebo sa k nim aspoň približujem.', 1),
(1549, 'Vzdelaný', 4, 'Absolvujem radcovský kurz alebo líderskú rangerskú školu. Počas celého vzdelávania som aktívny a splním všetky podmienky absolvovania. Táto úloha sa uznáva aj spätne.', 4),
(1550, 'Odborka', 5, 'Vyberiem si a splním niektorú úlohu z odborky Organizátor hier.', 3),
(1551, 'Aktuálne dianie', 1, 'Počas dvoch týždňov sa každý deň informujem o dianí doma i vo svete pomocou aspoň 3 médií (televízne noviny, spravodajské weby, printové médiá). O novinkách som sa vždy porozprával s rodičom.', 2),
(1552, 'Všade samé hoaxy', 2, 'Nájdem aspoň 2 príklady hoaxov, ktoré sa šírili medzi ľuďmi. Overím, do akej miery spĺňali znaky uvedené v kapitole. Svoje zoznamy si porovnáme v družine.', 3),
(1553, 'Kritická kniha', 3, 'Prečítam si knihu alebo príručku o kritickom myslení a nástrahách internetu a rôznych médií.', 1),
(1554, 'Odborka', 4, 'Vyberiem si a splním niektorú úlohu z odborky Novinár.', 3),
(1555, 'Rodinný výlet', 1, 'Vyberiem sa na dva výlety s rodičmi alebo starými rodičmi na miesto, ktoré je pre nich významné, a počas výletu sa s nimi rozprávam o spoločných témach.', 2),
(1556, 'Video', 2, 'Natočím vlog so starými rodičmi, kde mi povedia kuriozity zo svojej mladosti a histórie našej rodiny, ich obľúbené vtipy, zaspievajú piesne...', 1),
(1557, 'Báseň', 3, 'Napíšem báseň o svojej skautskej rodine (družine alebo oddiele), kde na každého vymyslím jednoduchý charakteristický rým, pričom, samozrejme, nikoho neurazím.', 3),
(1558, 'Strážca detí', 4, 'Starším kamarátom alebo rodine aspoň 3-krát pomôžem so starostlivosťou o mladšie dieťa.', 1),
(1559, 'Predkovia', 5, 'Vytvorím rodostrom svojej rodiny do tretej generácie (prastarí rodičia).', 2),
(1560, 'Odborka', 6, 'Vyberiem si a splním niektorú úlohu z odborky Babysitter alebo Genealóg.', 3),
(1561, 'Hlas pravdy', 1, 'Aspoň trikrát jasne a s rešpektom vyjadrím svoj nesúhlas, keď na skautingu alebo v triede narazím na diskriminujúci či urážlivý názor, alebo komentár.', 1),
(1562, 'Podobnosť a rozdielnosť', 2, 'Skontaktujem sa so zahraničným skautom iného vierovyznania a kultúry a vymením si s ním aspoň 3 dlhšie správy.', 1),
(1563, 'Férový svet', 3, 'Vymyslím konkrétny nápad a predstavím ho vodcovi, ako by bolo možné uľahčiť činnosť v skautingu (napr. pohyb v klubovni) človeku s postihnutím.', 3),
(1564, 'Fér vo filme', 4, 'S vodcom oddielu sa dohodnem na organizácii filmového večera, na ktorom si pozrieme film venujúci sa téme tolerancie či nebezpečenstva šikany. Po filme sa taktiež zúčastním spoločnej diskusie.', 3),
(1565, 'Občan', 1, 'Vyberiem si a splním niektorú úlohu z odborky Občan.', 3),
(1566, 'Oslava hrdosťou', 2, 'Spoločne s priateľom oslávim vybraný štátny sviatok.', 1),
(1567, 'Znalec ústavy', 3, 'Prečítam si Ústavu SR a v družine alebo s vodcom prediskutujem svoje otázky.', 1),
(1568, 'Politická diskusia', 4, 'Sledujem aspoň 2 politické diskusie a snažím sa kriticky zhodnotiť výroky diskutujúcich. Porozprávam sa s rodičmi o svojich zisteniach.', 1),
(1569, 'Rodič ako vzor', 1, 'Viem, čomu sa moji rodičia v zamestnaní venujú. Zistím o tom viac návštevou na ich pracovisku, rozhovorom s nimi, prípadne s ich kolegami.', 2),
(1570, 'DOD', 2, 'Zúčastním sa dňa otvorených dverí na strednej škole, ktorá ma zaujala.', 1),
(1571, 'Z terénu', 3, 'Skontaktujem sa so žiakom strednej školy, ktorá ma zaujala, a opýtam sa ho na jeho skúsenosti a názory na ňu.', 1),
(1572, 'Skauting, pomôž!', 4, 'Vyberiem si odborku, ktorá sa týka môjho vyhliadnutého povolania, a splním z nej jeden bod.', 1),
(1573, 'Cesty mojich hrdinov', 5, 'Spolu s družinou si spravíme aktivitu, kde spojíme významné osobnosti s ich vzdelaním, ktoré získali, a prácou, ktorou sa nakoniec preslávili.', 3),
(1574, 'Naša história', 1, 'S družinou nájdeme a spíšeme historické záznamy o našom oddiele: rok a okolnosti založenia, zoznam bývalých oddielových vodcov...', 3),
(1575, 'Múzeum', 2, 'Navštívim Skautské múzeum v Ružomberku.', 1),
(1576, 'S ľaliou v srdci', 3, 'Prečítam si knihu S ľaliou v srdci alebo inú knihu, ktorá mapuje históriu skautingu (napr. Skautské století).', 1),
(1577, 'Pamäť národa', 4, 'Vyberiem si a splním niektorú úlohu z voľného programového modulu Pamäť národa.', 1),
(1578, 'Odborka', 5, 'Vyberiem si a splním niektorú úlohu z odboriek Historik alebo Skautská história.', 3),
(1579, 'Patróni', 1, 'Vymodelujem jedného z patrónov Európy (z dreva, hliny, papiera) s jeho charakteristickými znakmi a ukážem ho družine.', 3),
(1580, 'Posvätné miesto', 2, 'Navštívil som miesto zamerané na niektorého z patrónov Európy.', 1),
(1581, 'Spoznaj viac', 3, 'Pozrel som si film alebo som prečítal knihu o náboženstvách v Európe a ich vplyve v pozitívnom aj negatívnom zmysle.', 1),
(1582, 'Odborka', 4, 'Vyberiem si a splním niektorú úlohu z odborky Znalec náboženstiev alebo Pútnik.', 3),
(1583, 'Stolovanie', 1, 'Pre svoju rodinu alebo družinu som podľa návodu v kapitole dôsledne prestrel stôl na minimálne trojchodové jedlo.', 2),
(1584, 'Seriál', 2, 'Pozriem si aspoň tri diely seriálu Etiketa s Ladislavom Špačkom.', 1),
(1585, 'Rečník', 3, 'Pripravím si reč na tému, ktorá ma zaujíma. Vystúpim s ňou pred publikom (družina, oddiel, trieda...) a dám si pozor na správne využitie prezentačných zručností.', 1),
(1586, 'Podstatný rozdiel', 4, 'Zistím, aký je rozdiel medzi etikou a etiketou a z každej oblastí zistím 2 nové informácie.', 1),
(1587, 'Odborka', 5, 'Vyberiem si a splním niektorú úlohu z odborky Tanečník spoločenských tancov.', 3),
(1588, 'Bobrík', 1, 'Získam červeného Bobríka plávania.', 3),
(1589, '7 x 3', 2, 'Po dobu dvoch týždňov cvičím 7-minútový tréning aspoň 3x týždenne.', 1),
(1590, 'Topenie na nečisto', 3, 'S družinou si precvičím záchranu topiaceho na plavárni. Vopred sa s plavárňou dohodneme.', 1),
(1591, 'Cvičebný plán', 4, 'S pomocou skúseného (trénera, staršieho rovera) si vytvorím jednoduchý cvičebný plán. Plním ho aspoň 2 týždne.', 1),
(1592, 'Trident', 5, 'Odmeriam si svoje skóre v rámci výzvy Trident. Následne ho zlepším o aspoň 100 bodov, resp. dosiahnem potrebnú úroveň výzvy.', 1),
(1593, 'Rozvička', 6, 'Zoberiem si na starosť organizáciu jednej rannej rozcvičky na skautskej akcii.', 3),
(1594, 'Odborka', 7, 'Vyberiem si a splním niektorú úlohu z odborky Plavec, Športovec či Atlét.', 3),
(1595, 'Iniciácia', 1, 'Poprosím radcu/radkyňu alebo vodcu/vodkyňu, aby mojej družine počas tábora pripravil iniciačnú skúšku.', 3),
(1596, 'Inšpiratívni', 2, 'Zoznámim sa so životom a s kariérou úspešného človeka opačného pohlavia a predstavím ho družine. Spolu s radcom prediskutujem, čo pozitívne si môžem zobrať ako inšpiráciu.', 1),
(1597, 'Výmena', 3, 'Počas tábora sa zúčastním mužsko-ženského dňa s tým rozdielom, že ženy budú vykonávať mužské činnosti a muži ženské. Na konci dňa diskutujem s ostatnými o danom dni – najmä o tom, ktoré činnosti boli komu pridelené a prečo.', 3),
(1598, 'Neodvartná budúcnosť', 1, 'Zistím, ktoré telesné a psychické zmeny ma pravdepodobne čakajú v nasledujúcich rokoch. S družinou sme si porovnali svoje súčasné fotografie s fotografiami spred 5 rokov.', 1),
(1599, 'Ľúbim sa?', 2, 'Mám sa rád a denne si to počas 30 dní poviem pred zrkadlom.', 1),
(1600, 'Odborník', 3, 'Nájdem vo svojom okolí osobu, ktorá mi dokáže poradiť ohľadne prípadných problémov so sebaprijatím. Informáciu o tomto človeku a kontakt naňho po jeho súhlase zdieľam s oddielom.', 3),
(1601, 'História krásy', 4, 'Zistím, ako sa ideál o ľudskom tele a kráse menil v priebehu vekov (cez pravek, stredovek, renesanciu až po dnes) a vytvorím model pravekej venuše.', 1),
(1602, 'Cyklický denník', 5, 'Pre dievčatá: Vediem si denník 3 mesiace a pozorujem svoje správanie a reakcie v jednotlivých fázach mesiaca (kedy som najkreatívnejšia, ktoré dni sú pre mňa fyzicky náročne, kedy dokážem dobre vychádzať s ľuďmi naokolo...).', 1),
(1603, 'Online pôst', 1, 'Zrieknem sa používania sociálnych sietí a počítačových hier na týždeň. Získaný čas využijem produktívne na svoj osobný rozvoj.', 1),
(1604, 'Nebezpečenstvo tráv', 2, 'Vyberiem si 2 drogy a zistím o nich čo najviac informácií – najmä o ich negatívnych účinkoch na organizmus. Rodičovi svoje poznatky odprezentujem.', 2),
(1605, 'Nezávislý workshop', 3, 'Zúčastním sa prednášky alebo workshopu, ktorý je zameraný na tému drog alebo iných závislostí.', 1),
(1606, 'Svetlo nádeje', 4, 'Predstavím družine životný príbeh človeka, ktorý bojoval so závislosťami, no podarilo sa mu ich prekonať.', 3),
(1607, 'Ideálny deň', 1, 'Naplánujem si deň, v ktorom bude mať ideálne zastúpenie spánok, práca i aktívny oddych. Porovnám svoj deň s družinou a zrealizujem ho „naostro“.', 1),
(1608, 'Vyšší level', 2, 'Počas jedného mesiaca budem používať diár alebo mobilnú aplikáciu, ktorá pomáha s riadením času alebo poriadkom v živote.', 1),
(1609, 'Do tretice všetko dobré', 3, 'Počas dvoch týždňov si každý večer pripravím 3 jednoduché ciele, ktoré sa budem nasledujúci deň snažiť splniť. Každý večer si tieto ciele aj spätne vyhodnotím.', 1),
(1610, 'Úspešná inšpirácia', 4, 'Zistím, aký denný režim má úspešný človek v mojom okolí alebo môj vzor. Jeden návyk zaradím aj do svojho dňa.', 1),
(1611, 'Darwin', 5, 'Naplánujem si a prežijem deň presne ako Charles Darwin.', 1),
(1612, 'Podľa predpisu', 1, 'Upravím si skautskú rovnošatu podľa 15. kapitoly organizačného poriadku Rovnošatový predpis.', 2),
(1613, 'Darca šiat', 2, 'Pretriedim si svoj šatník a vyradené oblečenie darujem charite alebo ľuďom, ktorí ho potrebujú.', 1),
(1614, 'Pôvod šatníka', 3, 'Vyberiem si dva kúsky oblečenia zo svojho šatníka a preštudujem si ich históriu. Zistím, kde a za akých podmienok vznikli, koľko precestovali, kým prišli ku mne.', 1),
(1615, 'Kapsula', 4, 'Počas jedného ročného obdobia upravím svoje oblečenie podľa pravidiel kapsulového šatníka.', 1),
(1616, 'Rovnošatový deň', 5, 'Jeden celý pracovný deň budem mať na sebe oblečenú skautskú rovnošatu.', 1),
(1617, 'Malý dr. Hous', 1, 'Viem, ako predchádzať a prakticky postupovať pri horúčke, bolesti hlavy, hnačke, zvracaní a alergickej reakcii, s aj bez použitia liekov.', 3),
(1618, 'Lekárnik', 2, 'Pre družinu pripravím, prípadne doplním kompletnú lekárničku a viem prakticky využiť všetky jej súčasti.', 1),
(1619, 'Hlavný hygienik', 3, 'Počas tábora alebo víkendovej akcie som si zobral na starosť dodržiavanie hygienických pravidiel a kreatívnym spôsobom som motivoval mladších, aby ich dodržiavali.', 3),
(1620, 'Zdravotný kritik', 4, 'Nájdem vo vybranom filme alebo seriáli na tému zdravotníctvo 2 príklady nesprávne poskytnutej prvej pomoci. Svoje zistenia aj s odporúčaniami predstavím rodičom alebo kamarátom.', 1),
(1621, 'Kurz', 5, 'Zúčastním sa kurzu prvej pomoci.', 3),
(1622, 'Odborka', 6, 'Vyberiem si a splním niektorú úlohu z odborky Prvá pomoc.', 3),
(1623, 'Krízová výprava', 1, 'S družinou sa zúčastním výpravy, na ktorej si precvičíme správanie v krízových podmienkach. Výpravu pre nás pripraví radca.', 3),
(1624, 'Signál', 2, 'S kamarátom z družiny si „nanečisto“ vyskúšam vysielanie a prijímanie alpského núdzového signálu.', 1),
(1625, 'Výsadok', 3, 'Zúčastním sa cvičného výsadku vo väčšej skupine (aspoň 3 ľudia).', 3),
(1626, 'Balzam', 4, 'Otestujem praktické využitie balzamu na pery v 3 rôznych netradičných situáciách.', 1),
(1627, 'Skutočný príbeh', 5, 'Prečítam si skutočný príbeh o prežití v krízových podmienkach alebo si pozriem film s touto tematikou. Družine ukážem, ktoré skautské zručnosti hrdinovia filmu použili.', 3),
(1628, 'Dôležité čísla', 6, 'Vyrobím a do klubovne umiestnim prehľadnú a kvalitnú informačnú tabuľku s telefónnymi číslami na záchranné zložky.', 3),
(1629, 'Moja výbava', 1, 'Postarám sa o svoju skautskú výbavu. V prípade potreby ju doplním a opravím, aby bola celá v skvelom stave – topánky, batoh, smartfón, nôž a iné.', 1),
(1630, 'Reštaurátor', 2, 'Nájdem staršiu používanú sekeru (v oddiele, zbore, rodine) a prinavrátim jej život – nabrúsim ju, opravím, prípadne vymením porisko a ošetrím ochranným náterom.', 1),
(1631, 'Táborová príprava', 3, 'Pomôžem pri príprave výbavy a náradia na letný tábor.', 3),
(1632, 'Adopcia', 4, 'Počas letného tábora si „adoptujem“ jeden kus náradia: každý deň ho skontrolujem, odložím na správne miesto, prípadne opravím.', 3),
(1633, 'Kvalita sa pozná', 5, 'Pomôžem zorganizovať workshop, na ktorom si s mladšími skautmi vyskúšame kvalitné a nekvalitné nástroje.', 3),
(1634, 'Kulinárske pokusy', 1, 'Pripravím dve náročnejšie jedlá – nátierku, polievku alebo hlavné jedlo.', 1),
(1635, 'Jedálniček v malíčku', 2, 'Na družinovú výpravu pripravím jedálniček zložený aspoň z troch jedál, z toho jedno varené v prírode. Pripravím odhadovaný rozpočet a nákup surovín rozdelím medzi členov družiny.', 3),
(1636, 'Zaváranie', 3, 'Vyskúšam si zaváranie lesných plodov s rodičom alebo kamarátom.', 1),
(1637, 'Hostina v lejaku', 4, 'Jedno jednoduché jedlo spolu s kamarátom pripravím v náročnejších podmienkach (dážď, sneženie, noc...).', 1),
(1638, 'Odborka', 5, 'Vyberiem si a splním niektorú úlohu z odborky Kuchár.', 3),
(1639, 'Nehorľavé základy', 1, 'Dokážem správne a prakticky ošetriť rôzne druhy popálenín.', 3),
(1640, 'Protipožiarna ochrana', 2, 'Na víkendovej akcii zabezpečím kompletnú prevenciu pred požiarom a popálením – vysvetlím, ako narábať s ohňom a ako postupovať pri popáleninách.', 3);
INSERT INTO `tasks` (`id`, `name`, `order`, `task`, `position_id`) VALUES
(1641, 'Vlčiacky hasič', 3, 'Pomôžem družine vĺčat a včielok splniť niektorú z úloh alebo aj celkovo získať odborku Hasič.', 1),
(1642, 'Antikliešť', 4, 'Dokážem ošetriť uhryznutie kliešťom a v spolupráci so zdravotníkom som odstránil aspoň 2 kliešťov.', 1),
(1643, 'Liečiteľ uhryznutí', 5, 'Pre družinu alebo triedu pripravím kreatívny plagát s prvou pomocou pri uhryznutí kliešťom a hadom, ktorý zároveň informuje, čo nerobiť.', 1),
(1644, 'Zdravotnícky učiteľ', 1, 'Mladším skautom alebo vĺčatám a včielkam predvediem ošetrenie zlomeniny a vyvrtnutia členka. Pripravím pre nich súťaž, v ktorej si overia svoje vedomosti.', 1),
(1645, 'Felčiar', 2, 'Prakticky zvládnem všetky druhy obvinov a typy uviazania.', 1),
(1646, 'Experiment', 3, 'Zrealizujem experiment s rôznymi typmi leukoplastov a rýchloobväzov. Zistím, ktorý mi najviac vyhovuje.', 1),
(1647, 'Väzbár', 1, 'Ovládam tri väzby viazaných stavieb a stočenie lana.', 3),
(1648, 'Inžinier', 2, 'Viedol som na tábore výstavbu jednej viazanej stavby. Môj tím pozostával aspoň z dvoch ďalších skautov.', 3),
(1649, 'Inovátor', 3, 'Navrhnem novú, netradičnú viazanú stavbu vhodnú na tábor. Vytvorím návrh a postavím prototyp zo špajlí.', 1),
(1650, 'Gentleman', 4, 'Naučím sa spamäti zaviazať kravatu.', 1),
(1651, 'Odborka', 5, 'Vyberiem si a splním niektorú úlohu z odborky Viazanie.', 3),
(1652, 'Akcia!', 1, '„Zrežírujem“ jednu scénku pred hrou alebo aktivitou, ktorá hráčov namotivuje. Pripravím hercov, jednoduchý scenár, kostýmy a hudobný sprievod.', 1),
(1653, 'Kapelník', 2, 'Použijem ktorýkoľvek hudobný nástroj na sprievod k piesni, ktorú v oddiele zahráme. S ostatnými hudobníkmi sa vopred dohodnem.', 3),
(1654, 'Kostým', 3, 'Vytvorím si prepracovaný kostým, ktorý využijem v rámci skautskej etapovej hry.', 1),
(1655, 'Hymna', 4, 'Nováčika naučím spievať skautskú hymnu.', 3),
(1656, 'Odborka', 5, 'Vyberiem si a splním niektorú úlohu z odborky Herec, Spevák alebo Hudobník.', 3),
(1657, 'Zachytávač vody', 1, 'Vyskúšam zachytiť aspoň 200 ml vody 3 rôznymi spôsobmi (zachytenie dažďa, zber rosy, kondenzácia).', 3),
(1658, 'Bowdrill', 2, 'Pripravím si sadu na bowdrill a pokúsim sa založiť ňou oheň (doštička, vrták, luk).', 3),
(1659, 'Všestranný  oheň', 3, 'Založím oheň minimálne troma rôznymi spôsobmi (zápalky, zapaľovač, lupa, kresadlo, bowdrill...).', 1),
(1660, 'Zdroje prežitia', 4, 'Na tábore alebo výprave nazbieram aspoň dva plné ešusy lesných plodov, jedlých rastlín či plodov stromov.', 1),
(1661, 'Odborka', 5, 'Vyberiem si a splním niektorú úlohu z odborky Zálesák.', 3),
(1662, 'Súhvezdia', 1, 'Na nočnej oblohe dokážem určiť aspoň 8 súhvezdí a 3 známe hviezdy alebo nebeské telesá.', 3),
(1663, 'Nočná orientácia', 2, 'Poznám aspoň 2 spôsoby orientovania sa podľa nočnej oblohy a jeden z nich som naučil kamaráta.', 1),
(1664, 'Moja hviezda', 3, 'Zistím, kde a za akú sumu sa dá registrovať a kúpiť vlastná hviezda. Družine predstavím najzaujímavejšie názvy hviezd slávnych a bohatých ľudí.', 3),
(1665, 'Hu-húú', 4, 'Spoločne s rodinou alebo družinou som pripravil celonočné pozorovanie hviezd, kedy sme sledovali Mesiac, hviezdy a súhvezdia.', 2),
(1666, 'Odborka', 5, 'Vyberiem si a splním niektorú úlohu z odborky Hvezdár.', 3),
(1667, 'Atlas húb', 1, 'Pomocou hubárskeho atlasu identifikujem v lese aspoň 6 rôznych húb.', 1),
(1668, 'Spracovanie', 2, 'Nazbierané huby pod dohľadom skúseného hubára správne spracujem – očistím, nakrájam a vysuším, resp. zamrazím.', 2),
(1669, 'Delikatesa', 3, 'Zistím, ktorými hubami sa na Slovensku najčastejšie ľudia otrávia, a nájdem 2 konkrétne tragické príbehy.', 1),
(1670, 'Odborka', 4, 'Vyberiem si a splním niektorú úlohu z odborky Hubár.', 3);

-- --------------------------------------------------------

--
-- Štruktúra tabuľky pre tabuľku `text-embedding-3-large`
--

CREATE TABLE `text-embedding-3-large` (
  `task_id` int(11) NOT NULL,
  `vectors` longtext CHARACTER SET utf8mb4 COLLATE utf8mb4_bin NOT NULL CHECK (json_valid(`vectors`))
) ENGINE=InnoDB DEFAULT CHARSET=utf8mb4 COLLATE=utf8mb4_general_ci;

-- --------------------------------------------------------

--
-- Štruktúra tabuľky pre tabuľku `users`
--

CREATE TABLE `users` (
  `id` int(11) NOT NULL,
  `name` varchar(100) NOT NULL,
  `email` varchar(200) NOT NULL,
  `image` varchar(110) DEFAULT NULL,
  `password` varchar(100) NOT NULL,
  `position_id` int(11) NOT NULL DEFAULT 1
) ENGINE=InnoDB DEFAULT CHARSET=utf8mb4 COLLATE=utf8mb4_general_ci;

--
-- Sťahujem dáta pre tabuľku `users`
--

INSERT INTO `users` (`id`, `name`, `email`, `image`, `password`, `position_id`) VALUES
(1, 'admin', 'admin', NULL, '$2y$12$xOVuPxWHCbkf8Pq69bimFOjWDxG4aFXZIapSFaIawPXG3rnx.yHAS', 5);

--
-- Kľúče pre exportované tabuľky
--

--
-- Indexy pre tabuľku `additional_information`
--
ALTER TABLE `additional_information`
  ADD PRIMARY KEY (`id`);

--
-- Indexy pre tabuľku `areas_of_progress`
--
ALTER TABLE `areas_of_progress`
  ADD PRIMARY KEY (`id`);

--
-- Indexy pre tabuľku `categories_of_merit_badges`
--
ALTER TABLE `categories_of_merit_badges`
  ADD PRIMARY KEY (`id`);

--
-- Indexy pre tabuľku `chapters_of_scout_path`
--
ALTER TABLE `chapters_of_scout_path`
  ADD PRIMARY KEY (`id`),
  ADD KEY `area_id` (`area_id`),
  ADD KEY `scouth_path_id` (`scout_path_id`);

--
-- Indexy pre tabuľku `comments`
--
ALTER TABLE `comments`
  ADD KEY `task_id` (`task_id`),
  ADD KEY `user_id` (`user_id`);

--
-- Indexy pre tabuľku `completed_tasks`
--
ALTER TABLE `completed_tasks`
  ADD KEY `task_id` (`task_id`),
  ADD KEY `user_id` (`user_id`);

--
-- Indexy pre tabuľku `groups`
--
ALTER TABLE `groups`
  ADD KEY `leader_id` (`leader_id`),
  ADD KEY `user_id` (`user_id`);

--
-- Indexy pre tabuľku `group_info`
--
ALTER TABLE `group_info`
  ADD KEY `leader_id` (`leader_id`);

--
-- Indexy pre tabuľku `levels_of_merit_badge`
--
ALTER TABLE `levels_of_merit_badge`
  ADD PRIMARY KEY (`id`);

--
-- Indexy pre tabuľku `matched_tasks`
--
ALTER TABLE `matched_tasks`
  ADD KEY `task_id` (`task_id`),
  ADD KEY `match_task_id` (`match_task_id`);

--
-- Indexy pre tabuľku `merit_badges`
--
ALTER TABLE `merit_badges`
  ADD PRIMARY KEY (`id`),
  ADD KEY `category_id` (`category_id`),
  ADD KEY `additional_information_id` (`additional_information_id`);

--
-- Indexy pre tabuľku `merit_badge_tasks`
--
ALTER TABLE `merit_badge_tasks`
  ADD UNIQUE KEY `task_id` (`task_id`) USING BTREE,
  ADD KEY `level_id` (`level_id`),
  ADD KEY `merit_bedge_id` (`merit_badge_id`);

--
-- Indexy pre tabuľku `migrations`
--
ALTER TABLE `migrations`
  ADD PRIMARY KEY (`id`);

--
-- Indexy pre tabuľku `positions`
--
ALTER TABLE `positions`
  ADD PRIMARY KEY (`id`);

--
-- Indexy pre tabuľku `prerequisites`
--
ALTER TABLE `prerequisites`
  ADD KEY `task_id` (`task_id`);

--
-- Indexy pre tabuľku `required_points`
--
ALTER TABLE `required_points`
  ADD KEY `area_id` (`area_id`),
  ADD KEY `scouth_path_id` (`scout_path_id`);

--
-- Indexy pre tabuľku `scout_path`
--
ALTER TABLE `scout_path`
  ADD PRIMARY KEY (`id`);

--
-- Indexy pre tabuľku `scout_path_tasks`
--
ALTER TABLE `scout_path_tasks`
  ADD UNIQUE KEY `task_id` (`task_id`) USING BTREE,
  ADD KEY `chapter_id` (`chapter_id`);

--
-- Indexy pre tabuľku `tasks`
--
ALTER TABLE `tasks`
  ADD PRIMARY KEY (`id`);

--
-- Indexy pre tabuľku `text-embedding-3-large`
--
ALTER TABLE `text-embedding-3-large`
  ADD KEY `task_id` (`task_id`);

--
-- Indexy pre tabuľku `users`
--
ALTER TABLE `users`
  ADD PRIMARY KEY (`id`),
  ADD KEY `position_id` (`position_id`);

--
-- AUTO_INCREMENT pre exportované tabuľky
--

--
-- AUTO_INCREMENT pre tabuľku `additional_information`
--
ALTER TABLE `additional_information`
  MODIFY `id` int(11) NOT NULL AUTO_INCREMENT;

--
-- AUTO_INCREMENT pre tabuľku `areas_of_progress`
--
ALTER TABLE `areas_of_progress`
  MODIFY `id` int(11) NOT NULL AUTO_INCREMENT, AUTO_INCREMENT=5;

--
-- AUTO_INCREMENT pre tabuľku `categories_of_merit_badges`
--
ALTER TABLE `categories_of_merit_badges`
  MODIFY `id` int(11) NOT NULL AUTO_INCREMENT, AUTO_INCREMENT=6;

--
-- AUTO_INCREMENT pre tabuľku `chapters_of_scout_path`
--
ALTER TABLE `chapters_of_scout_path`
  MODIFY `id` int(11) NOT NULL AUTO_INCREMENT, AUTO_INCREMENT=95;

--
-- AUTO_INCREMENT pre tabuľku `levels_of_merit_badge`
--
ALTER TABLE `levels_of_merit_badge`
  MODIFY `id` int(11) NOT NULL AUTO_INCREMENT, AUTO_INCREMENT=3;

--
-- AUTO_INCREMENT pre tabuľku `merit_badges`
--
ALTER TABLE `merit_badges`
  MODIFY `id` int(11) NOT NULL AUTO_INCREMENT, AUTO_INCREMENT=118;

--
-- AUTO_INCREMENT pre tabuľku `migrations`
--
ALTER TABLE `migrations`
  MODIFY `id` int(10) UNSIGNED NOT NULL AUTO_INCREMENT;

--
-- AUTO_INCREMENT pre tabuľku `positions`
--
ALTER TABLE `positions`
  MODIFY `id` int(11) NOT NULL AUTO_INCREMENT, AUTO_INCREMENT=8;

--
-- AUTO_INCREMENT pre tabuľku `scout_path`
--
ALTER TABLE `scout_path`
  MODIFY `id` int(11) NOT NULL AUTO_INCREMENT, AUTO_INCREMENT=7;

--
-- AUTO_INCREMENT pre tabuľku `tasks`
--
ALTER TABLE `tasks`
  MODIFY `id` int(11) NOT NULL AUTO_INCREMENT, AUTO_INCREMENT=1750;

--
-- AUTO_INCREMENT pre tabuľku `users`
--
ALTER TABLE `users`
  MODIFY `id` int(11) NOT NULL AUTO_INCREMENT, AUTO_INCREMENT=27;

--
-- Obmedzenie pre exportované tabuľky
--

--
-- Obmedzenie pre tabuľku `chapters_of_scout_path`
--
ALTER TABLE `chapters_of_scout_path`
  ADD CONSTRAINT `chapters_of_scout_path_ibfk_1` FOREIGN KEY (`area_id`) REFERENCES `areas_of_progress` (`id`) ON DELETE CASCADE ON UPDATE CASCADE,
  ADD CONSTRAINT `chapters_of_scout_path_ibfk_2` FOREIGN KEY (`scout_path_id`) REFERENCES `scout_path` (`id`) ON DELETE CASCADE ON UPDATE CASCADE;

--
-- Obmedzenie pre tabuľku `comments`
--
ALTER TABLE `comments`
  ADD CONSTRAINT `comments_ibfk_1` FOREIGN KEY (`task_id`) REFERENCES `tasks` (`id`) ON DELETE CASCADE ON UPDATE CASCADE,
  ADD CONSTRAINT `comments_ibfk_2` FOREIGN KEY (`user_id`) REFERENCES `users` (`id`) ON DELETE CASCADE ON UPDATE CASCADE;

--
-- Obmedzenie pre tabuľku `completed_tasks`
--
ALTER TABLE `completed_tasks`
  ADD CONSTRAINT `completed_tasks_ibfk_1` FOREIGN KEY (`task_id`) REFERENCES `tasks` (`id`) ON DELETE CASCADE ON UPDATE CASCADE,
  ADD CONSTRAINT `completed_tasks_ibfk_2` FOREIGN KEY (`user_id`) REFERENCES `users` (`id`) ON DELETE CASCADE ON UPDATE CASCADE;

--
-- Obmedzenie pre tabuľku `groups`
--
ALTER TABLE `groups`
  ADD CONSTRAINT `groups_ibfk_1` FOREIGN KEY (`leader_id`) REFERENCES `users` (`id`) ON DELETE CASCADE ON UPDATE CASCADE,
  ADD CONSTRAINT `groups_ibfk_2` FOREIGN KEY (`user_id`) REFERENCES `users` (`id`) ON DELETE CASCADE ON UPDATE CASCADE;

--
-- Obmedzenie pre tabuľku `group_info`
--
ALTER TABLE `group_info`
  ADD CONSTRAINT `group_info_ibfk_1` FOREIGN KEY (`leader_id`) REFERENCES `users` (`id`) ON DELETE CASCADE ON UPDATE CASCADE;

--
-- Obmedzenie pre tabuľku `matched_tasks`
--
ALTER TABLE `matched_tasks`
  ADD CONSTRAINT `matched_tasks_ibfk_1` FOREIGN KEY (`task_id`) REFERENCES `tasks` (`id`) ON DELETE CASCADE ON UPDATE CASCADE,
  ADD CONSTRAINT `matched_tasks_ibfk_2` FOREIGN KEY (`match_task_id`) REFERENCES `tasks` (`id`) ON DELETE CASCADE ON UPDATE CASCADE;

--
-- Obmedzenie pre tabuľku `merit_badges`
--
ALTER TABLE `merit_badges`
  ADD CONSTRAINT `merit_badges_ibfk_1` FOREIGN KEY (`category_id`) REFERENCES `categories_of_merit_badges` (`id`) ON DELETE CASCADE ON UPDATE CASCADE,
  ADD CONSTRAINT `merit_badges_ibfk_2` FOREIGN KEY (`additional_information_id`) REFERENCES `additional_information` (`id`) ON DELETE CASCADE ON UPDATE CASCADE;

--
-- Obmedzenie pre tabuľku `merit_badge_tasks`
--
ALTER TABLE `merit_badge_tasks`
  ADD CONSTRAINT `merit_badge_tasks_ibfk_1` FOREIGN KEY (`task_id`) REFERENCES `tasks` (`id`) ON DELETE CASCADE ON UPDATE CASCADE,
  ADD CONSTRAINT `merit_badge_tasks_ibfk_2` FOREIGN KEY (`level_id`) REFERENCES `levels_of_merit_badge` (`id`) ON DELETE CASCADE ON UPDATE CASCADE,
  ADD CONSTRAINT `merit_badge_tasks_ibfk_3` FOREIGN KEY (`merit_badge_id`) REFERENCES `merit_badges` (`id`) ON DELETE CASCADE ON UPDATE CASCADE;

--
-- Obmedzenie pre tabuľku `prerequisites`
--
ALTER TABLE `prerequisites`
  ADD CONSTRAINT `prerequisites_ibfk_1` FOREIGN KEY (`task_id`) REFERENCES `tasks` (`id`) ON DELETE CASCADE ON UPDATE CASCADE;

--
-- Obmedzenie pre tabuľku `required_points`
--
ALTER TABLE `required_points`
  ADD CONSTRAINT `required_points_ibfk_1` FOREIGN KEY (`area_id`) REFERENCES `areas_of_progress` (`id`) ON DELETE CASCADE ON UPDATE CASCADE,
  ADD CONSTRAINT `required_points_ibfk_2` FOREIGN KEY (`scout_path_id`) REFERENCES `scout_path` (`id`) ON DELETE CASCADE ON UPDATE CASCADE;

--
-- Obmedzenie pre tabuľku `scout_path_tasks`
--
ALTER TABLE `scout_path_tasks`
  ADD CONSTRAINT `scout_path_tasks_ibfk_1` FOREIGN KEY (`task_id`) REFERENCES `tasks` (`id`) ON DELETE CASCADE ON UPDATE CASCADE,
  ADD CONSTRAINT `scout_path_tasks_ibfk_2` FOREIGN KEY (`chapter_id`) REFERENCES `chapters_of_scout_path` (`id`) ON DELETE CASCADE ON UPDATE CASCADE;

--
-- Obmedzenie pre tabuľku `text-embedding-3-large`
--
ALTER TABLE `text-embedding-3-large`
  ADD CONSTRAINT `text-embedding-3-large_ibfk_1` FOREIGN KEY (`task_id`) REFERENCES `tasks` (`id`) ON DELETE CASCADE ON UPDATE CASCADE;

--
-- Obmedzenie pre tabuľku `users`
--
ALTER TABLE `users`
  ADD CONSTRAINT `users_ibfk_1` FOREIGN KEY (`position_id`) REFERENCES `positions` (`id`) ON DELETE CASCADE ON UPDATE CASCADE;
COMMIT;

/*!40101 SET CHARACTER_SET_CLIENT=@OLD_CHARACTER_SET_CLIENT */;
/*!40101 SET CHARACTER_SET_RESULTS=@OLD_CHARACTER_SET_RESULTS */;
/*!40101 SET COLLATION_CONNECTION=@OLD_COLLATION_CONNECTION */;
